country,iso3,region,subregion,intermediateregion,lac,lac_main,idb,region_map,image,population,population_million,v6,v7,v8,v9,v10,v11,v12,v13,v14,v15,v16,v17,v18,v19,v20,v21,v22,v23,v24,v25,v26,v27,v28,v29,v30,v31,v32,v33,v34,v35,v36,v37,v38,v39,v40,v41,v42,v43,v44,v45,v46,v47,v48,v49,v50,v51,v52,v53,v54,v55,v56,v57,v58,v59,v60,v61,v62,v63,v64,v65,v66,v67,v68,v69,v70,v71,v72,v73,v74,v75,v76,v77,v78,v79,v80,v81,v82,v83,v84,v85,v86,v87,v88,v89,v90
Afghanistan,AFG,Asia,Southern Asia,,,,,Asia,https://www.countryflags.io/af/flat/64.png,37172386,37.172386,0,0,0,0,0,0,0,0,0,0,0,0,0,0,0,0,0,0,0,0,0,0,0,0,0,0,0,0,0,0,0,0,0,0,0,0,0,0,0,0,0,0,0,0,0,0,0,0,0,0,0,0,0,0,0,0,0,0,.0089672301,.0089672301,.0089672301,.0089672301,.02690169,.02690169,.01793446,0,0,0,0,.01793446,.01793446,.02690169,.0089672301,.044836149,.062770613,.062770613,.03586892,.0089672301,.03586892,.02690169,.053803381,.044836149,.062770613,.080705069,.094155915
Angola,AGO,Africa,Sub-Saharan Africa,Middle Africa,,,,Africa,https://www.countryflags.io/ao/flat/64.png,30809762,30.809761,0,0,0,0,0,0,0,0,0,0,0,0,0,0,0,0,0,0,0,0,0,0,0,0,0,0,0,0,0,0,0,0,0,0,0,0,0,0,0,0,0,0,0,0,0,0,0,0,0,0,0,0,0,0,0,0,0,0,0,0,0,0,0,0,0,.021638164,.021638164,.021638164,0,0,0,0,0,0,0,0,0,0,0,0,0,0,0,0,0
Albania,ALB,Europe,Southern Europe,,,,,Europe,https://www.countryflags.io/al/flat/64.png,2866376,2.8663759,0,0,0,0,0,0,0,0,0,0,0,0,0,0,0,0,0,0,0,0,0,0,0,0,0,0,0,0,0,0,0,0,0,0,0,0,0,0,0,0,0,0,0,0,0,0,0,.11629087,.11629087,.11629087,0,0,0,0,.11629087,.11629087,.11629087,0,0,.23258173,.3488726,.3488726,.23258173,.3488726,.58145434,.46516347,.3488726,.58145434,.58145434,.58145434,.23258173,.58145434,.46516347,.46516347,.23258173,.23258173,.23258173,.11629087,.11629087,0,0,.11629087,.23258173,.3488726,.3488726
United Arab Emirates,ARE,Asia,Western Asia,,,,,Asia,https://www.countryflags.io/ae/flat/64.png,9630959,9.6309586,0,0,0,0,0,0,0,0,0,0,0,0,0,0,0,0,0,0,0,0,0,0,0,0,0,0,0,0,0,0,0,0,0,0,0,0,0,0,0,0,0,0,0,0,0,0,0,0,0,0,0,0,0,0,0,0,.069221213,.069221213,.069221213,0,0,0,0,0,0,.034610607,.10383183,.13844243,.17305304,.10383183,.10383183,.069221213,.069221213,.069221213,.069221213,.069221213,.10383183,.13844243,.27688485,.27688485,.31149548,.27688485,.38071668,.34610608,.3634114
Argentina,ARG,Americas,Latin America and the Caribbean,South America,1,1,1,Americas,https://www.countryflags.io/ar/flat/64.png,44494502,44.494503,0,0,0,0,0,0,0,0,0,0,0,0,0,0,0,0,0,0,0,0,0,0,0,0,0,0,0,0,0,0,0,0,0,0,0,0,0,0,0,0,0,0,0,0,.007491562,.007491562,.007491562,0,0,.007491562,.007491562,.007491562,0,0,0,.007491562,.007491562,.014983124,.007491562,.007491562,.014983124,.029966248,.037457809,.052440934,.074915618,.074915618,.074915618,.067424059,.067424059,.097390309,.089898743,.11237343,.059932496,.067424059,.097390309,.14233968,.17979749,.19478062,.14983124,.13484812,.11237343,.14233968,.15732281,.13484812,.14608546
Armenia,ARM,Asia,Western Asia,,,,,Asia,https://www.countryflags.io/am/flat/64.png,2951776,2.951776,0,0,0,0,0,0,0,0,0,0,0,0,0,0,0,0,0,0,0,0,0,0,0,0,0,0,0,0,0,0,0,0,0,0,0,0,0,0,0,0,0,0,0,0,0,0,0,0,0,0,0,0,0,0,0,0,0,0,0,0,0,0,.11292636,.11292636,.11292636,.22585273,.22585273,.22585273,.11292636,.45170546,.45170546,.33877909,0,.11292636,.11292636,.22585273,.22585273,.45170546,.45170546,.33877909,.22585273,.33877909,.45170546,.45170546,.33877909
Australia,AUS,Oceania,Australia and New Zealand,,,,,Oceania,https://www.countryflags.io/au/flat/64.png,24982688,24.982689,0,0,0,0,0,0,0,0,0,0,0,0,0,0,0,0,0,0,0,0,0,0,0,0,0,0,0,0,0,0,0,0,0,0,0,0,0,.013342572,.013342572,.013342572,.013342572,.013342572,.013342572,0,.013342572,.013342572,.013342572,0,0,0,0,0,0,.026685145,.040027715,.040027715,.026685145,.013342572,.013342572,0,.013342572,.013342572,.080055431,.066712864,.080055431,.040027715,.05337029,.05337029,.05337029,.093398005,.13342573,.13342573,.1467683,.16011086,.20013858,.20013858,.1467683,.12008315,.093398005,.12008315,.093398005,.066712864,.040027715,.026685145,.020013858
Austria,AUT,Europe,Western Europe,,,,,Europe,https://www.countryflags.io/at/flat/64.png,8840521,8.8405209,0,0,0,0,0,0,0,0,0,0,0,0,0,0,0,0,0,0,0,0,0,0,0,0,0,0,0,0,0,0,0,0,0,0,0,0,0,0,0,0,0,0,0,0,0,0,0,0,.037705168,.037705168,.037705168,0,.075410336,.075410336,.1131155,.1131155,.1131155,.15082067,.37705168,.56557751,.75410336,.52787238,1.0557448,1.131155,1.4327965,1.3950913,1.8852584,2.26231,2.26231,1.8852584,1.5082067,1.5082067,1.7344378,1.9606688,2.1491947,2.6016567,2.8278878,2.865593,2.4131308,2.0737844,1.8475533,1.7721429,1.6213223,1.5836171,1.4705015
Azerbaijan,AZE,Asia,Western Asia,,,,,Asia,https://www.countryflags.io/az/flat/64.png,9939800,9.9398003,0,0,0,0,0,0,0,0,0,0,0,0,0,0,0,0,0,0,0,0,0,0,0,0,0,0,0,0,0,0,0,0,0,0,0,0,0,0,0,0,0,0,0,0,0,0,0,0,0,.033535216,.033535216,.033535216,0,0,0,0,0,0,0,0,0,.033535216,.067070432,.067070432,.067070432,.033535216,.033535216,.033535216,.033535216,.033535216,0,0,.067070432,.067070432,.10060564,.033535216,.067070432,.067070432,.10060564,.067070432,.067070432,.067070432,.067070432,.10060564,.10060564
Burundi,BDI,Africa,Sub-Saharan Africa,Eastern Africa,,,,Africa,https://www.countryflags.io/bi/flat/64.png,11175378,11.175378,0,0,0,0,0,0,0,0,0,0,0,0,0,0,0,0,0,0,0,0,0,0,0,0,0,0,0,0,0,0,0,0,0,0,0,0,0,0,0,0,0,0,0,0,0,0,0,0,0,0,0,0,0,0,0,0,0,0,0,0,0,0,0,0,0,0,0,0,0,0,0,0,0,0,0,0,0,0,0,0,.029827477,.029827477,.029827477,0,0
Belgium,BEL,Europe,Western Europe,,,,,Europe,https://www.countryflags.io/be/flat/64.png,11433256,11.433256,0,0,0,0,0,0,0,0,0,0,0,0,0,0,0,0,0,0,0,0,0,0,0,0,0,0,0,0,0,0,0,0,0,0,0,0,0,0,0,0,0,0,0,0,0,0,0,.087464146,.087464146,.087464146,.029154716,.029154716,.058309432,.17492829,.29154715,.46647546,.78717732,1.5452,1.5743546,1.4868906,1.6035094,3.0029356,3.8484225,4.8688374,5.1020751,6.1516452,6.5306563,10.26246,11.574422,14.519049,12.769766,13.265396,12.711456,14.256656,21.924347,23.11969,25.976852,28.68824,32.245117,31.39963,25.772768,23.644474,24.489962,27.813599,30.612452
Benin,BEN,Africa,Sub-Saharan Africa,Western Africa,,,,Africa,https://www.countryflags.io/bj/flat/64.png,11485048,11.485048,0,0,0,0,0,0,0,0,0,0,0,0,0,0,0,0,0,0,0,0,0,0,0,0,0,0,0,0,0,0,0,0,0,0,0,0,0,0,0,0,0,0,0,0,0,0,0,0,0,0,0,0,0,0,0,0,0,0,0,0,0,0,0,0,0,0,0,0,0,0,0,0,0,.029023241,.029023241,.029023241,0,0,0,0,0,0,0,0,0
Burkina Faso,BFA,Africa,Sub-Saharan Africa,Western Africa,,,,Africa,https://www.countryflags.io/bf/flat/64.png,19751535,19.751535,0,0,0,0,0,0,0,0,0,0,0,0,0,0,0,0,0,0,0,0,0,0,0,0,0,0,0,0,0,0,0,0,0,0,0,0,0,0,0,0,0,0,0,0,0,0,0,0,0,0,0,0,0,0,.016876325,.016876325,.016876325,.016876325,.050628975,.050628975,.03375265,0,.050628975,.084381625,.11813428,.084381625,.050628975,.050628975,.0675053,.0675053,.03375265,0,.016876325,.03375265,.050628975,.10125795,.10125795,.084381625,.0675053,.050628975,.050628975,.050628975,.084381625,.084381625,.050628975
Bangladesh,BGD,Asia,Southern Asia,,,,,Asia,https://www.countryflags.io/bd/flat/64.png,161356039,161.35603,0,0,0,0,0,0,0,0,0,0,0,0,0,0,0,0,0,0,0,0,0,0,0,0,0,0,0,0,0,0,0,0,0,0,0,0,0,0,0,0,0,0,0,0,0,0,0,0,0,0,0,0,0,0,.002065825,.002065825,.002065825,.002065825,.002065825,.0041316501,.0041316501,.0061974749,.0041316501,.002065825,0,0,0,0,.002065825,.002065825,.002065825,.0041316501,.0061974749,.01239495,.018592425,.022724075,.018592425,.020658251,.020658251,.026855726,.0247899,.033053201,.033053201,.043382324,.043382324
Bulgaria,BGR,Europe,Eastern Europe,,,,,Europe,https://www.countryflags.io/bg/flat/64.png,7025037,7.0250368,0,0,0,0,0,0,0,0,0,0,0,0,0,0,0,0,0,0,0,0,0,0,0,0,0,0,0,0,0,0,0,0,0,0,0,0,0,0,0,0,0,0,0,0,0,0,0,.047449335,.047449335,.047449335,.047449335,.047449335,.047449335,0,0,.047449335,.047449335,.047449335,0,0,0,0,0,0,.18979734,.23724668,.23724668,.047449335,.094898671,.094898671,.28469601,.33214536,.47449335,.37959468,.28469601,.18979734,.094898671,.094898671,.18979734,.23724668,.33214536,.33214536,.33214536,.28469601,.21352202
Bahrain,BHR,Asia,Western Asia,,,,,Asia,https://www.countryflags.io/bh/flat/64.png,1569439,1.5694391,0,0,0,0,0,0,0,0,0,0,0,0,0,0,0,0,0,0,0,0,0,0,0,0,0,0,0,0,0,0,0,0,0,0,0,0,0,0,0,0,0,0,0,0,0,0,0,0,0,0,0,0,.21239011,.21239011,.21239011,0,0,0,.21239011,.21239011,.42478022,.42478022,.42478022,.21239011,0,0,0,0,0,0,0,0,0,0,.21239011,.21239011,.21239011,.21239011,.21239011,.21239011,0,.21239011,.21239011,.21239011,0
Bahamas,BHS,Americas,Latin America and the Caribbean,Caribbean,1,3,1,Americas,https://www.countryflags.io/bs/flat/64.png,385640,.38564,0,0,0,0,0,0,0,0,0,0,0,0,0,0,0,0,0,0,0,0,0,0,0,0,0,0,0,0,0,0,0,0,0,0,0,0,0,0,0,0,0,0,0,0,0,0,0,0,0,0,0,0,0,0,0,0,0,0,0,0,0,0,0,0,0,0,0,0,.86436403,.86436403,.86436403,2.593092,2.593092,3.4574561,1.7287281,2.593092,2.593092,1.7287281,.86436403,0,0,0,0,0,0
Bosnia and Herzegovina,BIH,Europe,Southern Europe,,,,,Europe,https://www.countryflags.io/ba/flat/64.png,3323929,3.3239291,0,0,0,0,0,0,0,0,0,0,0,0,0,0,0,0,0,0,0,0,0,0,0,0,0,0,0,0,0,0,0,0,0,0,0,0,0,0,0,0,0,0,0,0,0,0,0,0,0,0,0,0,0,0,0,0,0,.10028292,.10028292,.10028292,.20056584,.20056584,.20056584,.10028292,.20056584,.30084878,.60169756,.80226338,.70198047,.60169756,.40113169,.80226338,.70198047,1.2033951,1.2033951,1.1031122,.60169756,.30084878,.30084878,.40113169,.30084878,.30084878,.20056584,.40113169,.45127317
Belarus,BLR,Europe,Eastern Europe,,,,,Europe,https://www.countryflags.io/by/flat/64.png,9483499,9.4834986,0,0,0,0,0,0,0,0,0,0,0,0,0,0,0,0,0,0,0,0,0,0,0,0,0,0,0,0,0,0,0,0,0,0,0,0,0,0,0,0,0,0,0,0,0,0,0,0,0,0,0,0,0,0,0,0,0,0,0,0,0,0,0,0,0,0,0,.035148773,.070297547,.14059509,.10544632,.10544632,.14059509,.31633896,.28119019,.17574386,.10544632,.21089263,.35148773,.35148773,.35148773,.35148773,.35148773,.3866365,.3690621
Belize,BLZ,Americas,Latin America and the Caribbean,Central America,1,2,1,Americas,https://www.countryflags.io/bz/flat/64.png,383071,.38307101,0,0,0,0,0,0,0,0,0,0,0,0,0,0,0,0,0,0,0,0,0,0,0,0,0,0,0,0,0,0,0,0,0,0,0,0,0,0,0,0,0,0,0,0,0,0,0,0,0,0,0,0,0,0,0,0,0,0,0,0,0,0,0,0,0,0,0,0,0,0,0,0,0,.8701607,.8701607,.8701607,0,.8701607,.8701607,.8701607,0,0,0,0,0
Bolivia,BOL,Americas,Latin America and the Caribbean,South America,1,1,1,Americas,https://www.countryflags.io/bo/flat/64.png,11353142,11.353142,0,0,0,0,0,0,0,0,0,0,0,0,0,0,0,0,0,0,0,0,0,0,0,0,0,0,0,0,0,0,0,0,0,0,0,0,0,0,0,0,0,0,0,0,0,0,0,0,0,0,0,0,0,0,0,0,0,0,0,0,0,0,0,0,0,.029360449,.1174418,.17616269,.17616269,.1174418,.088081345,.088081345,.058720898,.058720898,.1174418,.14680225,.20552313,.14680225,.14680225,.17616269,.23488359,.23488359,.1174418,.058720898,.044040672
Brazil,BRA,Americas,Latin America and the Caribbean,South America,1,1,1,Americas,https://www.countryflags.io/br/flat/64.png,209469333,209.46933,0,0,0,0,0,0,0,0,0,0,0,0,0,0,0,0,0,0,0,0,0,0,0,0,0,0,0,0,0,0,0,0,0,0,0,0,0,0,0,0,0,0,0,0,0,0,0,0,0,0,0,0,0,.0015913228,.0047739684,.0095479367,.015913229,.019095873,.030235134,.036600426,.049331009,.054104976,.068426885,.073200852,.082748786,.093888052,.10661864,.14321905,.16549757,.26256827,.25142902,.3262212,.25779429,.3262212,.3835088,.5299105,.6142506,.59038079,.48535347,.43443114,.43124849,.64925975,.81634861,.94842845,.93569785
Barbados,BRB,Americas,Latin America and the Caribbean,Caribbean,1,3,1,Americas,https://www.countryflags.io/bb/flat/64.png,286641,.286641,0,0,0,0,0,0,0,0,0,0,0,0,0,0,0,0,0,0,0,0,0,0,0,0,0,0,0,0,0,0,0,0,0,0,0,0,0,0,0,0,0,0,0,0,0,0,0,0,0,0,0,0,0,0,0,0,0,0,0,0,0,0,0,0,0,0,0,0,0,0,0,0,1.1628948,2.3257897,3.4886844,2.3257897,1.1628948,1.1628948,1.1628948,1.1628948,0,0,1.1628948,1.1628948,1.7443422
Brunei,BRN,Asia,South-eastern Asia,,,,,Asia,https://www.countryflags.io/bn/flat/64.png,428962,.42896199,0,0,0,0,0,0,0,0,0,0,0,0,0,0,0,0,0,0,0,0,0,0,0,0,0,0,0,0,0,0,0,0,0,0,0,0,0,0,0,0,0,0,0,0,0,0,0,0,0,0,0,0,0,0,0,0,0,0,0,0,0,0,0,0,.77706963,.77706963,.77706963,0,0,0,0,0,0,0,0,0,0,0,0,0,0,0,0,0,0
Bhutan,BTN,Asia,Southern Asia,,,,,Asia,https://www.countryflags.io/bt/flat/64.png,754394,.75439399,0,0,0,0,0,0,0,0,0,0,0,0,0,0,0,0,0,0,0,0,0,0,0,0,0,0,0,0,0,0,0,0,0,0,0,0,0,0,0,0,0,0,0,0,0,0,0,0,0,0,0,0,0,0,0,0,0,0,0,0,0,0,0,0,0,0,0,0,0,0,0,0,0,0,0,0,0,0,0,0,0,0,0,0,0
Botswana,BWA,Africa,Sub-Saharan Africa,Southern Africa,,,,Africa,https://www.countryflags.io/bw/flat/64.png,2254126,2.2541261,0,0,0,0,0,0,0,0,0,0,0,0,0,0,0,0,0,0,0,0,0,0,0,0,0,0,0,0,0,0,0,0,0,0,0,0,0,0,0,0,0,0,0,0,0,0,0,0,0,0,0,0,0,0,0,0,0,0,0,0,0,0,0,0,0,0,0,.14787696,.14787696,.14787696,0,0,0,0,0,0,0,0,0,0,0,0,0,0,0
Central African Republic,CAF,Africa,Sub-Saharan Africa,Middle Africa,,,,Africa,https://www.countryflags.io/cf/flat/64.png,4666377,4.6663771,0,0,0,0,0,0,0,0,0,0,0,0,0,0,0,0,0,0,0,0,0,0,0,0,0,0,0,0,0,0,0,0,0,0,0,0,0,0,0,0,0,0,0,0,0,0,0,0,0,0,0,0,0,0,0,0,0,0,0,0,0,0,0,0,0,0,0,0,0,0,0,0,0,0,0,0,0,0,0,0,0,0,0,0,0
Canada,CAN,Americas,Northern America,,,,,Americas,https://www.countryflags.io/ca/flat/64.png,37057765,37.057766,0,0,0,0,0,0,0,0,0,0,0,0,0,0,0,0,0,0,0,0,0,0,0,0,0,0,0,0,0,0,0,0,0,0,0,0,0,0,0,0,0,0,0,0,0,.0089949658,.0089949658,.0089949658,0,0,0,0,.026984897,.035979863,.06296476,.04497483,.06296476,.098944619,.10793959,.11693455,.06296476,.080954693,.11693455,.25185904,.27884394,.23386911,.23386911,.35979864,.40477344,.53070295,.70160735,.98045129,1.0793959,1.4391946,1.4122096,1.331255,1.4751744,1.6370838,2.2217565,1.8979378,1.9968824,2.2037666,2.6265299,4.2995934,4.8302965
Switzerland,CHE,Europe,Western Europe,,,,,Europe,https://www.countryflags.io/ch/flat/64.png,8513227,8.5132275,0,0,0,0,0,0,0,0,0,0,0,0,0,0,0,0,0,0,0,0,0,0,0,0,0,0,0,0,0,0,0,0,0,0,0,0,0,0,0,0,0,.039154753,.039154753,.039154753,.039154753,.039154753,.078309506,.078309506,.078309506,.31323802,.35239279,.39154756,.11746427,.54816657,.54816657,1.0571784,1.0571784,1.8402735,2.2318211,2.5842137,1.8402735,2.1535115,2.7799876,4.267868,4.3461776,4.267868,5.0118084,6.6171536,7.361094,6.9303918,6.1864514,6.9695463,7.0087013,6.8129272,6.0689869,7.0478559,7.1653199,7.0870104,5.5208206,6.1864514,5.3250465,5.4033561,5.2075825,5.5991302,6.284338
Chile,CHL,Americas,Latin America and the Caribbean,South America,1,1,1,Americas,https://www.countryflags.io/cl/flat/64.png,18729160,18.72916,0,0,0,0,0,0,0,0,0,0,0,0,0,0,0,0,0,0,0,0,0,0,0,0,0,0,0,0,0,0,0,0,0,0,0,0,0,0,0,0,0,0,0,0,0,0,0,0,0,0,0,0,0,0,0,0,0,0,.017797559,.035595119,.035595119,.035595119,.035595119,.053392675,.053392675,.053392675,.053392675,.10678535,.16017804,.17797559,.17797559,.19577315,.28476095,.26696339,.28476095,.24916582,.35595119,.39154631,.44493896,.40934387,.30255851,.33815363,.24916582,.40934387,.3470524
China,CHN,Asia,Eastern Asia,,,,,Asia,https://www.countryflags.io/cn/flat/64.png,1392730000,1392.73,.0032310642,.0059834523,.0090948474,.013402933,.021301091,.018429033,.021301091,.019625723,.030156599,.045474239,.050739676,.055526435,.048346296,.049782321,.054329745,.057919819,.065099962,.070365399,.073476791,.050739676,.085443698,.097889282,.13067859,.095017225,.082092963,.081374951,.083768331,.089512445,.056244452,.078263558,.049542986,.085443698,.053133056,.065099962,.036140051,.029917261,.028720571,.030156599,.029677924,.026327189,.026566528,.024173148,.023215795,.021301091,.020343738,.018907709,.016035652,.014599623,.011727567,.0098128617,.0076588187,.0074194809,.0088555096,.0088555096,.0090948474,.0076588187,.0055047763,.0043080854,.0059834523,.0050260997,.005265438,.002632719,.0040687476,.0035900713,.0033507333,.0031113951,.002872057,.002393381,.002872057,.0033507333,.0040687476,.0033507333,.002632719,.0021540427,.0011966905,.00095735234,.00095735234,.0011966905,.0014360285,.00095735234,.0011966905,.00047867617,.00071801426,.00023933809,.00035900713
Cote d'Ivoire,CIV,Africa,Sub-Saharan Africa,Western Africa,,,,Africa,https://www.countryflags.io/ci/flat/64.png,25069229,25.069229,0,0,0,0,0,0,0,0,0,0,0,0,0,0,0,0,0,0,0,0,0,0,0,0,0,0,0,0,0,0,0,0,0,0,0,0,0,0,0,0,0,0,0,0,0,0,0,0,0,0,0,0,0,0,0,0,0,0,0,0,0,0,0,0,0,.013296513,.013296513,.013296513,0,0,0,0,.026593026,.026593026,.026593026,0,0,0,.013296513,.026593026,.039889541,.026593026,.013296513,0,0
Cameroon,CMR,Africa,Sub-Saharan Africa,Middle Africa,,,,Africa,https://www.countryflags.io/cm/flat/64.png,25216237,25.216236,0,0,0,0,0,0,0,0,0,0,0,0,0,0,0,0,0,0,0,0,0,0,0,0,0,0,0,0,0,0,0,0,0,0,0,0,0,0,0,0,0,0,0,0,0,0,0,0,0,0,0,0,0,0,0,0,0,0,0,0,0,.013218996,.013218996,.026437992,.013218996,.06609498,.052875984,.052875984,0,.013218996,.026437992,.039656989,.026437992,.013218996,0,.013218996,.013218996,.039656989,.026437992,.026437992,0,.026437992,.06609498,.13218996,.15862796
Congo (Kinshasa),COD,Africa,Sub-Saharan Africa,Middle Africa,,,,Africa,https://www.countryflags.io/cd/flat/64.png,84068091,84.068092,0,0,0,0,0,0,0,0,0,0,0,0,0,0,0,0,0,0,0,0,0,0,0,0,0,0,0,0,0,0,0,0,0,0,0,0,0,0,0,0,0,0,0,0,0,0,0,0,0,0,0,0,0,0,0,0,0,.0039650397,.0039650397,.0039650397,.0039650397,.0039650397,.0079300795,.0039650397,.015860159,.011895119,.0198252,.0079300795,.011895119,.0198252,.0198252,.035685357,.0198252,.0198252,0,0,0,.0079300795,.0079300795,.0079300795,0,0,.0039650397,.0079300795,.011895119
Congo (Brazzaville),COG,Africa,Sub-Saharan Africa,Middle Africa,,,,Africa,https://www.countryflags.io/cg/flat/64.png,5244363,5.2443628,0,0,0,0,0,0,0,0,0,0,0,0,0,0,0,0,0,0,0,0,0,0,0,0,0,0,0,0,0,0,0,0,0,0,0,0,0,0,0,0,0,0,0,0,0,0,0,0,0,0,0,0,0,0,0,0,0,0,0,0,0,0,0,0,0,0,0,0,0,.12712063,.12712063,.12712063,.19068094,.19068094,.19068094,0,0,0,0,0,0,0,0,0,0
Colombia,COL,Americas,Latin America and the Caribbean,South America,1,1,1,Americas,https://www.countryflags.io/co/flat/64.png,49648685,49.648685,0,0,0,0,0,0,0,0,0,0,0,0,0,0,0,0,0,0,0,0,0,0,0,0,0,0,0,0,0,0,0,0,0,0,0,0,0,0,0,0,0,0,0,0,0,0,0,0,0,0,0,0,0,0,0,0,0,0,.01342768,.02014152,.02014152,.01342768,.02014152,.02014152,.01342768,.026855361,.040283039,.067138404,.04699688,.04699688,.060424559,.1007076,.10742144,.14099064,.12084912,.12756296,.15441832,.2014152,.30883664,.26855361,.21484289,.18127368,.14770448,.21484289,.17120293
Cabo Verde,CPV,Africa,Sub-Saharan Africa,Western Africa,,,,Africa,https://www.countryflags.io/cv/flat/64.png,543767,.54376698,0,0,0,0,0,0,0,0,0,0,0,0,0,0,0,0,0,0,0,0,0,0,0,0,0,0,0,0,0,0,0,0,0,0,0,0,0,0,0,0,0,0,0,0,0,0,0,0,0,0,0,0,0,0,0,0,0,0,0,0,.61300766,.61300766,.61300766,0,0,0,0,0,0,0,0,0,0,0,0,0,0,0,0,0,0,0,0,0,0
Costa Rica,CRI,Americas,Latin America and the Caribbean,Central America,1,2,1,Americas,https://www.countryflags.io/cr/flat/64.png,4999441,4.9994411,0,0,0,0,0,0,0,0,0,0,0,0,0,0,0,0,0,0,0,0,0,0,0,0,0,0,0,0,0,0,0,0,0,0,0,0,0,0,0,0,0,0,0,0,0,0,0,0,0,0,0,0,0,0,0,.066674121,.066674121,.13334824,.066674121,.066674121,0,0,0,0,0,0,0,0,0,0,0,0,0,0,0,.066674121,.066674121,.066674121,0,0,0,0,.066674121,.066674121,.10001118
Cuba,CUB,Americas,Latin America and the Caribbean,Caribbean,1,,,Americas,https://www.countryflags.io/cu/flat/64.png,11338138,11.338138,0,0,0,0,0,0,0,0,0,0,0,0,0,0,0,0,0,0,0,0,0,0,0,0,0,0,0,0,0,0,0,0,0,0,0,0,0,0,0,0,0,0,0,0,0,0,0,0,0,0,0,0,0,0,.029399302,.029399302,.029399302,0,0,0,0,0,.029399302,.029399302,.058798604,.029399302,.058798604,.088197909,.088197909,.058798604,0,0,.058798604,.088197909,.14699651,.11759721,.17639582,.11759721,.11759721,.088197909,.17639582,.14699651,.17639582,.17639582,.26459372
Cyprus,CYP,Asia,Western Asia,,,,,Asia,https://www.countryflags.io/cy/flat/64.png,1189265,1.189265,0,0,0,0,0,0,0,0,0,0,0,0,0,0,0,0,0,0,0,0,0,0,0,0,0,0,0,0,0,0,0,0,0,0,0,0,0,0,0,0,0,0,0,0,0,0,0,0,0,0,0,0,0,0,0,0,0,0,.28028515,.28028515,.84085548,.5605703,.5605703,.5605703,.5605703,.5605703,.5605703,.84085548,1.1211406,.84085548,.84085548,.5605703,-.28028515,-.5605703,-.5605703,0,.28028515,.28028515,.28028515,.28028515,.5605703,.5605703,.28028515,0,0
Czech Republic,CZE,Europe,Eastern Europe,,,,,Europe,https://www.countryflags.io/cz/flat/64.png,10629928,10.629928,0,0,0,0,0,0,0,0,0,0,0,0,0,0,0,0,0,0,0,0,0,0,0,0,0,0,0,0,0,0,0,0,0,0,0,0,0,0,0,0,0,0,0,0,0,0,0,0,0,0,0,0,0,0,0,0,0,0,.031358007,.031358007,.094074018,.15679003,.25086406,.18814804,.15679003,.21950604,.43901208,.62716013,.72123414,.65851814,.68987614,.62716013,.72123414,.78395015,.90938216,1.0034562,1.0661722,.97209817,.94074017,.81530815,.75259215,1.0034562,.87802416,.81530815,.37629607
Germany,DEU,Europe,Western Europe,,,,,Europe,https://www.countryflags.io/de/flat/64.png,82905782,82.905785,0,0,0,0,0,0,0,0,0,0,0,0,0,0,0,0,0,0,0,0,0,0,0,0,0,0,0,0,0,0,0,0,0,0,0,0,0,0,0,0,0,0,0,0,0,.0080412561,.0080412561,.012061885,.0040206281,.020103142,.024123769,.032165024,.040206283,.060309421,.06835068,.10855696,.17288701,.22515517,.2010314,.22515517,.29350585,.45031035,.57897043,.7438162,.91268259,1.0694871,1.2182504,1.3750548,1.5559831,1.8575302,2.010314,2.1068091,1.9178396,2.151036,2.2997992,3.0757806,3.2044406,3.0194917,1.5559831,1.6685607,1.7168082,2.2435105,3.1441312,3.4496989,4.571454
Djibouti,DJI,Africa,Sub-Saharan Africa,Eastern Africa,,,,Africa,https://www.countryflags.io/dj/flat/64.png,958920,.95892,0,0,0,0,0,0,0,0,0,0,0,0,0,0,0,0,0,0,0,0,0,0,0,0,0,0,0,0,0,0,0,0,0,0,0,0,0,0,0,0,0,0,0,0,0,0,0,0,0,0,0,0,0,0,0,0,0,0,0,0,0,0,0,0,0,0,0,0,0,0,0,0,0,0,0,0,0,.34761328,.69522655,.69522655,.34761328,0,0,0,0
Denmark,DNK,Europe,Northern Europe,,,,,Europe,https://www.countryflags.io/dk/flat/64.png,5793636,5.7936358,0,0,0,0,0,0,0,0,0,0,0,0,0,0,0,0,0,0,0,0,0,0,0,0,0,0,0,0,0,0,0,0,0,0,0,0,0,0,0,0,0,0,0,0,0,0,0,0,0,0,.057534397,.11506879,.17260319,.17260319,.11506879,.17260319,.28767198,.51780957,.40274078,.86301595,1.0931535,1.2082223,.97808474,1.1506879,1.7835662,1.7835662,1.4383599,1.4383599,1.8411007,2.6465821,2.8191853,3.2794604,3.2219262,2.761651,2.4164445,2.2438414,2.8767197,2.5315135,2.4164445,2.0712383,2.186307,2.2438414,2.0712383,2.0712383,1.898635
Dominican Republic,DOM,Americas,Latin America and the Caribbean,Caribbean,1,3,1,Americas,https://www.countryflags.io/do/flat/64.png,10627165,10.627165,0,0,0,0,0,0,0,0,0,0,0,0,0,0,0,0,0,0,0,0,0,0,0,0,0,0,0,0,0,0,0,0,0,0,0,0,0,0,0,0,0,0,0,0,0,0,0,0,0,0,0,0,0,.031366158,.031366158,.062732317,.031366158,.031366158,.031366158,.031366158,.12546463,.21956311,.21956311,.43912622,.56459087,.90961862,.69005549,.72142166,.56459087,.56459087,.5332247,.34502774,.69005549,.56459087,.94098473,.81552011,1.0037171,.87825245,.84688628,1.7251387,1.5996741,1.5055755,.50185853,.59595698,.6116401
Algeria,DZA,Africa,Northern Africa,,,,,Africa,https://www.countryflags.io/dz/flat/64.png,42228429,42.228428,0,0,0,0,0,0,0,0,0,0,0,0,0,0,0,0,0,0,0,0,0,0,0,0,0,0,0,0,0,0,0,0,0,0,0,0,0,0,0,0,0,0,0,0,0,0,0,0,.0078935763,.015787153,.02368073,.02368073,.015787153,.0078935763,.02368073,.039467882,.055255037,.06314861,.06314861,.04736146,.031574305,.031574305,.06314861,.055255037,.06314861,.04736146,.071042188,.11840365,.21312657,.40257242,.48150817,.5683375,.52097607,.53676319,.49729532,.41835958,.48940176,.49729532,.55255038,.45782745,.44993386,.40257242,.33942381,.27627519,.26048803
Ecuador,ECU,Americas,Latin America and the Caribbean,South America,1,1,1,Americas,https://www.countryflags.io/ec/flat/64.png,17084357,17.084356,0,0,0,0,0,0,0,0,0,0,0,0,0,0,0,0,0,0,0,0,0,0,0,0,0,0,0,0,0,0,0,0,0,0,0,0,0,0,0,0,0,0,0,0,0,0,0,0,0,0,.039022055,.039022055,.039022055,0,0,.019511027,.05853308,.097555131,.21462129,.25364333,.39022052,.27315438,.31217644,.17559925,.39022052,.46826464,.46826464,.52679771,.68288594,1.1706616,1.3657719,1.5413711,1.1706616,.89750725,.93652928,1.2096837,1.5803932,1.502349,1.424305,1.1901727,1.1316396,1.0535954,1.0731065,.93652928,.99506235
Egypt,EGY,Africa,Northern Africa,,,,,Africa,https://www.countryflags.io/eg/flat/64.png,98423595,98.423592,0,0,0,0,0,0,0,0,0,0,0,0,0,0,0,0,0,0,0,0,0,0,0,0,0,0,0,0,0,0,0,0,0,0,0,0,0,0,0,0,0,0,0,0,.0033867219,.0033867219,.0033867219,0,0,.0033867219,.0033867219,.0033867219,0,.0067734439,.013546888,.013546888,.013546888,.013546888,.027093776,.037253942,.033867218,.023707053,.016933609,.033867218,.05080083,.054187551,.037253942,.033867218,.040640663,.057574272,.067734435,.064347714,.067734435,.064347714,.077894606,.084668048,.11176182,.13885559,.14562905,.13885559,.098214932,.1083751,.081281327,.1083751,.09144149
Eritrea,ERI,Africa,Sub-Saharan Africa,Eastern Africa,,,,Africa,https://www.countryflags.io/er/flat/64.png,3213972,3.2139721,0,0,0,0,0,0,0,0,0,0,0,0,0,0,0,0,0,0,0,0,0,0,0,0,0,0,0,0,0,0,0,0,0,0,0,0,0,0,0,0,0,0,0,0,0,0,0,0,0,0,0,0,0,0,0,0,0,0,0,0,0,0,0,0,0,0,0,0,0,0,0,0,0,0,0,0,0,0,0,0,0,0,0,0,0
Spain,ESP,Europe,Southern Europe,,,,,Europe,https://www.countryflags.io/es/flat/64.png,46796540,46.796539,0,0,0,0,0,0,0,0,0,0,0,0,0,0,0,0,0,0,0,0,0,0,0,0,0,0,0,0,0,0,0,0,0,0,0,0,0,0,0,.007123034,.014246068,.021369101,.028492136,.056984272,.099722475,.16382977,.17807585,.26355225,.19232191,.69805729,1.0043478,1.6667899,1.4887141,2.4075854,2.3790934,3.4760406,3.6327472,5.3565216,6.709898,9.0320072,10.207308,13.355688,14.630712,16.596668,16.632284,17.365957,18.363182,17.679371,18.40592,18.747826,19.474375,18.234966,16.333117,15.264662,14.944125,15.321646,15.001109,14.502497,12.921184,12.550786,11.931082,10.328399,10.677427,11.10481,13.451849
Estonia,EST,Europe,Northern Europe,,,,,Europe,https://www.countryflags.io/ee/flat/64.png,1321977,1.321977,0,0,0,0,0,0,0,0,0,0,0,0,0,0,0,0,0,0,0,0,0,0,0,0,0,0,0,0,0,0,0,0,0,0,0,0,0,0,0,0,0,0,0,0,0,0,0,0,0,0,0,0,0,0,0,0,0,0,0,0,0,.25214761,.25214761,.25214761,0,.50429523,.50429523,.75644279,.50429523,2.0171809,2.0171809,2.0171809,1.0085905,1.7650332,2.0171809,2.2693284,1.260738,.75644279,0,.25214761,1.0085905,1.7650332,2.521476,2.0171809,1.891107
Ethiopia,ETH,Africa,Sub-Saharan Africa,Eastern Africa,,,,Africa,https://www.countryflags.io/et/flat/64.png,109224559,109.22456,0,0,0,0,0,0,0,0,0,0,0,0,0,0,0,0,0,0,0,0,0,0,0,0,0,0,0,0,0,0,0,0,0,0,0,0,0,0,0,0,0,0,0,0,0,0,0,0,0,0,0,0,0,0,0,0,0,0,0,0,0,0,0,0,0,0,0,0,0,0,0,0,.0061036334,.0061036334,.0061036334,0,0,.0030518167,.0030518167,.0030518167,0,0,0,0,0
Finland,FIN,Europe,Northern Europe,,,,,Europe,https://www.countryflags.io/fi/flat/64.png,5515525,5.5155249,0,0,0,0,0,0,0,0,0,0,0,0,0,0,0,0,0,0,0,0,0,0,0,0,0,0,0,0,0,0,0,0,0,0,0,0,0,0,0,0,0,0,0,0,0,0,0,0,0,0,0,0,0,0,0,0,0,.06043547,.06043547,.06043547,0,.12087094,.24174188,.36261281,.36261281,.36261281,.36261281,.48348376,.36261281,.36261281,.18130641,.48348376,.54391921,.42304829,.54391921,.72522563,.90653205,.84609658,.54391921,.84609658,.66479015,.90653205,.96696752,.96696752,.99718523
Fiji,FJI,Oceania,Melanesia,,,,,Oceania,https://www.countryflags.io/fj/flat/64.png,883483,.88348299,0,0,0,0,0,0,0,0,0,0,0,0,0,0,0,0,0,0,0,0,0,0,0,0,0,0,0,0,0,0,0,0,0,0,0,0,0,0,0,0,0,0,0,0,0,0,0,0,0,0,0,0,0,0,0,0,0,0,0,0,0,0,0,0,0,0,0,0,0,0,0,0,0,0,0,0,0,0,0,0,0,0,0,0,0
France,FRA,Europe,Western Europe,,,,,Europe,https://www.countryflags.io/fr/flat/64.png,66977107,66.977104,0,0,0,0,0,0,0,0,0,0,0,0,0,0,0,0,0,0,0,0,0,0,.0049768253,.0049768253,.0049768253,0,0,0,0,0,0,0,0,.0049768253,.0049768253,.0049768253,0,0,.0049768253,.0099536506,.0099536506,.014930476,.024884125,.034837775,.064698726,.04976825,.10949015,.14432792,.14432792,.22893396,.21400347,.21400347,.34340093,.28367904,.28367904,.47279838,1.5030012,2.0604055,2.1450117,2.0404983,2.677532,3.2697742,4.1606259,4.4542584,4.8922191,4.5289106,5.1211529,6.0169816,8.9433546,11.760238,14.850846,15.711837,13.392636,11.964288,13.775852,13.890319,16.418547,14.278511,14.746333,10.864409,8.80898,9.4410372,13.805713,14.696565,16.356337
Gabon,GAB,Africa,Sub-Saharan Africa,Middle Africa,,,,Africa,https://www.countryflags.io/ga/flat/64.png,2119275,2.1192751,0,0,0,0,0,0,0,0,0,0,0,0,0,0,0,0,0,0,0,0,0,0,0,0,0,0,0,0,0,0,0,0,0,0,0,0,0,0,0,0,0,0,0,0,0,0,0,0,0,0,0,0,0,0,0,0,.15728648,.15728648,.15728648,0,0,0,0,0,0,0,0,0,0,0,0,0,0,0,0,0,0,0,0,0,0,0,0,0,0
United Kingdom,GBR,Europe,Northern Europe,,,,,Europe,https://www.countryflags.io/gb/flat/64.png,66460344,66.460342,0,0,0,0,0,0,0,0,0,0,0,0,0,0,0,0,0,0,0,0,0,0,0,0,0,0,0,0,0,0,0,0,0,0,0,0,0,0,0,0,0,.0050155222,.010031044,.010031044,.010031044,.010031044,.020062089,.025077611,.020062089,.010031044,.065201789,.065201789,.23572955,.17052776,.25077611,.41127282,.61189371,.8125146,.7222352,.79245251,.94793373,.92285609,1.2187719,1.6902311,2.7785995,3.2600896,3.255074,3.8619523,5.6374474,7.5884852,9.1081886,9.8354397,10.096247,8.8674431,9.2586546,10.848575,13.065435,14.038447,13.933121,13.210886,11.891804,11.194646,11.315019,12.037253,12.202765
Georgia,GEO,Asia,Western Asia,,,,,Asia,https://www.countryflags.io/ge/flat/64.png,3726549,3.7265489,0,0,0,0,0,0,0,0,0,0,0,0,0,0,0,0,0,0,0,0,0,0,0,0,0,0,0,0,0,0,0,0,0,0,0,0,0,0,0,0,0,0,0,0,0,0,0,0,0,0,0,0,0,0,0,0,0,0,0,0,0,0,0,0,0,0,0,0,0,0,0,.089448266,.17889653,.17889653,.17889653,.089448266,.089448266,0,0,0,0,0,0,0,0
Ghana,GHA,Africa,Sub-Saharan Africa,Western Africa,,,,Africa,https://www.countryflags.io/gh/flat/64.png,29767108,29.767109,0,0,0,0,0,0,0,0,0,0,0,0,0,0,0,0,0,0,0,0,0,0,0,0,0,0,0,0,0,0,0,0,0,0,0,0,0,0,0,0,0,0,0,0,0,0,0,0,0,0,0,0,0,0,0,0,0,.011198042,.011198042,.022396084,.011198042,.033594124,.022396084,.022396084,.011198042,.011198042,.011198042,0,0,0,0,0,0,0,0,.011198042,.011198042,.011198042,.022396084,.022396084,.022396084,0,0,0,0
Guinea,GIN,Africa,Sub-Saharan Africa,Western Africa,,,,Africa,https://www.countryflags.io/gn/flat/64.png,12414318,12.414318,0,0,0,0,0,0,0,0,0,0,0,0,0,0,0,0,0,0,0,0,0,0,0,0,0,0,0,0,0,0,0,0,0,0,0,0,0,0,0,0,0,0,0,0,0,0,0,0,0,0,0,0,0,0,0,0,0,0,0,0,0,0,0,0,0,0,0,0,0,0,0,0,0,0,0,0,0,0,0,0,0,0,.026850717,.026850717,.040276073
Gambia,GMB,Africa,Sub-Saharan Africa,Western Africa,,,,Africa,https://www.countryflags.io/gm/flat/64.png,2280102,2.280102,0,0,0,0,0,0,0,0,0,0,0,0,0,0,0,0,0,0,0,0,0,0,0,0,0,0,0,0,0,0,0,0,0,0,0,0,0,0,0,0,0,0,0,0,0,0,0,0,0,0,0,0,0,0,0,0,0,0,0,.14619228,.14619228,.14619228,0,0,0,0,0,0,0,0,0,0,0,0,0,0,0,0,0,0,0,0,0,0,0
Guinea-Bissau,GNB,Africa,Sub-Saharan Africa,Western Africa,,,,Africa,https://www.countryflags.io/gw/flat/64.png,1874309,1.8743089,0,0,0,0,0,0,0,0,0,0,0,0,0,0,0,0,0,0,0,0,0,0,0,0,0,0,0,0,0,0,0,0,0,0,0,0,0,0,0,0,0,0,0,0,0,0,0,0,0,0,0,0,0,0,0,0,0,0,0,0,0,0,0,0,0,0,0,0,0,0,0,0,0,0,0,0,0,0,0,0,0,0,0,0,0
Equatorial Guinea,GNQ,Africa,Sub-Saharan Africa,Middle Africa,,,,Africa,https://www.countryflags.io/gq/flat/64.png,1308974,1.308974,0,0,0,0,0,0,0,0,0,0,0,0,0,0,0,0,0,0,0,0,0,0,0,0,0,0,0,0,0,0,0,0,0,0,0,0,0,0,0,0,0,0,0,0,0,0,0,0,0,0,0,0,0,0,0,0,0,0,0,0,0,0,0,0,0,0,0,0,0,0,0,0,0,0,0,0,0,0,0,0,0,0,0,0,0
Greece,GRC,Europe,Southern Europe,,,,,Europe,https://www.countryflags.io/gr/flat/64.png,10731726,10.731726,0,0,0,0,0,0,0,0,0,0,0,0,0,0,0,0,0,0,0,0,0,0,0,0,0,0,0,0,0,0,0,0,0,0,0,0,0,0,0,0,0,0,0,0,0,0,0,.031060552,.031060552,.031060552,.062121104,.093181662,.093181662,.062121104,.031060552,.062121104,.031060552,.24848442,.27954498,.34166607,.21742387,.21742387,.27954498,.24848442,.31060553,.37272665,.46590829,.52802938,.37272665,.31060553,.43484774,.55908996,.62121105,.49696884,.4037872,.31060553,.24848442,.34166607,.31060553,.34166607,.21742387,.24848442,.12424221,.18636332,.18636332
Guatemala,GTM,Americas,Latin America and the Caribbean,Central America,1,2,1,Americas,https://www.countryflags.io/gt/flat/64.png,17247807,17.247807,0,0,0,0,0,0,0,0,0,0,0,0,0,0,0,0,0,0,0,0,0,0,0,0,0,0,0,0,0,0,0,0,0,0,0,0,0,0,0,0,0,0,0,0,0,0,0,0,0,0,0,0,.019326128,.019326128,.019326128,0,0,0,0,0,0,0,0,0,0,0,0,0,0,0,0,.019326128,.019326128,.038652256,.019326128,.019326128,0,0,0,.038652256,.038652256,.038652256,0,0,0
Guyana,GUY,Americas,Latin America and the Caribbean,South America,1,1,,Americas,https://www.countryflags.io/gy/flat/64.png,779004,.77900398,0,0,0,0,0,0,0,0,0,0,0,0,0,0,0,0,0,0,0,0,0,0,0,0,0,0,0,0,0,0,0,0,0,0,0,0,0,0,0,0,0,0,0,0,0,0,0,0,.42789683,.42789683,.42789683,0,0,0,0,0,0,0,0,0,0,0,0,0,0,0,0,.42789683,.42789683,1.2836905,.85579365,.85579365,0,0,.42789683,.85579365,.85579365,.42789683,0,0,0,0,0,0,0
Honduras,HND,Americas,Latin America and the Caribbean,Central America,1,2,1,Americas,https://www.countryflags.io/hn/flat/64.png,9587522,9.5875216,0,0,0,0,0,0,0,0,0,0,0,0,0,0,0,0,0,0,0,0,0,0,0,0,0,0,0,0,0,0,0,0,0,0,0,0,0,0,0,0,0,0,0,0,0,0,0,0,0,0,0,0,0,0,0,0,0,0,0,0,0,0,.034767415,.034767415,.034767415,.069534831,.20860448,.20860448,.2433719,.2433719,.27813932,.17383707,.27813932,.2433719,.2433719,0,.034767415,.034767415,.069534831,.069534831,.069534831,.069534831,.20860448,.34767413,.46936008
Croatia,HRV,Europe,Southern Europe,,,,,Europe,https://www.countryflags.io/hr/flat/64.png,4087843,4.0878429,0,0,0,0,0,0,0,0,0,0,0,0,0,0,0,0,0,0,0,0,0,0,0,0,0,0,0,0,0,0,0,0,0,0,0,0,0,0,0,0,0,0,0,0,0,0,0,0,0,0,0,0,0,0,0,.081542596,.081542596,.081542596,0,0,0,0,.16308519,.16308519,.32617038,.24462779,.24462779,.081542596,0,.081542596,.16308519,.48925558,.65234077,.65234077,.48925558,.32617038,.32617038,.24462779,.16308519,.24462779,.32617038,.81542599,.81542599,.81542599,.48925558
Haiti,HTI,Americas,Latin America and the Caribbean,Caribbean,1,3,1,Americas,https://www.countryflags.io/ht/flat/64.png,11123176,11.123176,0,0,0,0,0,0,0,0,0,0,0,0,0,0,0,0,0,0,0,0,0,0,0,0,0,0,0,0,0,0,0,0,0,0,0,0,0,0,0,0,0,0,0,0,0,0,0,0,0,0,0,0,0,0,0,0,0,0,0,0,0,0,0,0,0,0,0,0,0,0,0,0,.029967461,.029967461,.029967461,0,.029967461,.029967461,.029967461,.029967461,.029967461,.029967461,0,0,0
Hungary,HUN,Europe,Eastern Europe,,,,,Europe,https://www.countryflags.io/hu/flat/64.png,9775564,9.7755642,0,0,0,0,0,0,0,0,0,0,0,0,0,0,0,0,0,0,0,0,0,0,0,0,0,0,0,0,0,0,0,0,0,0,0,0,0,0,0,0,0,0,0,0,0,0,0,0,0,0,0,.034098629,.034098629,.034098629,0,0,.068197258,.10229588,.17049314,.13639452,.17049314,.13639452,.10229588,.034098629,.034098629,.10229588,.17049314,.17049314,.23869041,.20459177,.34098628,.40918353,.44328219,.40918353,.51147944,.81836706,.95476162,1.0229589,.920663,1.1252548,1.0911561,1.2616493,1.193452,1.1252548,1.0229589
Indonesia,IDN,Asia,South-eastern Asia,,,,,Asia,https://www.countryflags.io/id/flat/64.png,267663435,267.66342,0,0,0,0,0,0,0,0,0,0,0,0,0,0,0,0,0,0,0,0,0,0,0,0,0,0,0,0,0,0,0,0,0,0,0,0,0,0,0,0,0,0,0,0,0,0,0,.0012453451,.0012453451,.0049813804,.0049813804,.0049813804,.0012453451,0,.017434832,.024906902,.033624317,.023661558,.028642938,.021170868,.021170868,.012453451,.036115009,.039851043,.054795183,.044832423,.043587077,.042341735,.053549841,.059776567,.056040529,.042341735,.034869663,.034869663,.037360352,.052304495,.088419504,.10585433,.10834502,.11581709,.11581709,.16438556,.11955313,.12079848,.069116652
India,IND,Asia,Southern Asia,,,,,Asia,https://www.countryflags.io/in/flat/64.png,1352617328,1352.6173,0,0,0,0,0,0,0,0,0,0,0,0,0,0,0,0,0,0,0,0,0,0,0,0,0,0,0,0,0,0,0,0,0,0,0,0,0,0,0,0,0,0,0,0,0,0,0,.00024643581,.00024643581,.00049287162,.00024643581,.00024643581,0,.00024643581,.00024643581,.00049287162,.00049287162,.00024643581,.00073930743,.001232179,.0014786149,.001232179,.002464358,.002464358,.0029572297,.0017250506,.0029572297,.0027107939,.0076395101,.009857432,.0091181248,.0069002025,.0066537666,.015771892,.015771892,.019468429,.022179222,.023657838,.027107939,.02587576,.02760081,.02587576,.01823625,.022179222,.020330954
Ireland,IRL,Europe,Northern Europe,,,,,Europe,https://www.countryflags.io/ie/flat/64.png,4867309,4.8673091,0,0,0,0,0,0,0,0,0,0,0,0,0,0,0,0,0,0,0,0,0,0,0,0,0,0,0,0,0,0,0,0,0,0,0,0,0,0,0,0,0,0,0,0,0,0,0,.068484113,.068484113,.068484113,.068484113,.068484113,.068484113,0,0,.068484113,.068484113,.068484113,.068484113,.20545234,.27393645,.34242055,.89029342,1.0272616,1.849071,1.849071,2.1914916,2.3969438,2.6708803,3.0133009,3.3557215,3.5611737,4.1090465,3.6981421,4.9993401,5.2732763,6.0950856,5.2732763,5.8211493,4.8623719,5.3417606,5.8896337,7.5332522,8.2865772,8.2180929
Iran,IRN,Asia,Southern Asia,,,,,Asia,https://www.countryflags.io/ir/flat/64.png,81800269,81.80027,0,0,0,0,0,0,0,0,0,0,0,0,0,0,0,0,0,0,0,0,0,0,0,0,0,0,.0081499321,.0081499321,.016299864,.012224899,.024449797,.032599729,.044824626,.044824626,.057049528,.073349394,.097799189,.11409906,.13039891,.13854885,.15484871,.16707361,.1915234,.21597321,.35452205,.46047118,.59494507,.65199459,.78239352,.90871745,1.0472664,1.2021151,1.3814136,1.5362623,1.6748111,1.7563105,1.81336,1.7155608,1.6340615,1.5444121,1.5403372,1.5973867,1.7196357,1.8092849,1.7929851,1.6544362,1.5444121,1.5525621,1.6136866,1.6422113,1.6136866,1.6951859,1.80521,1.81336,1.7114857,1.5892369,1.5118124,1.4669878,1.4832877,1.4832877,1.4384631,1.328439,1.2347147,1.1572903,1.1369156
Iraq,IRQ,Asia,Western Asia,,,,,Asia,https://www.countryflags.io/iq/flat/64.png,38433600,38.433601,0,0,0,0,0,0,0,0,0,0,0,0,0,0,0,0,0,0,0,0,0,0,0,0,0,0,0,0,0,0,0,0,0,0,0,0,0,0,0,0,.017345933,.017345933,.026018899,.017345933,.034691866,.026018899,.026018899,.0086729666,.017345933,.017345933,.026018899,.017345933,.0086729666,.0086729666,.017345933,.026018899,.052037798,.04336483,.060710765,.052037798,.086729661,.078056701,.11274856,.11274856,.11274856,.052037798,.052037798,.069383733,.086729661,.069383733,.034691866,.034691866,.060710765,.086729661,.078056701,.069383733,.04336483,.04336483,.026018899,.060710765,.069383733,.052037798,.026018899,.017345933,.026018899
Iceland,ISL,Europe,Northern Europe,,,,,Europe,https://www.countryflags.io/is/flat/64.png,352721,.35272101,0,0,0,0,0,0,0,0,0,0,0,0,0,0,0,0,0,0,0,0,0,0,0,0,0,0,0,0,0,0,0,0,0,0,0,0,0,0,0,0,0,0,0,0,0,0,0,0,0,0,0,4.7251697,0,.94503397,-3.7801359,.94503397,-.94503397,0,0,.94503397,.94503397,.94503397,.94503397,0,0,0,0,0,0,1.8900679,1.8900679,1.8900679,0,1.8900679,1.8900679,1.8900679,0,.94503397,1.8900679,1.8900679,.94503397,0,0,0,0
Israel,ISR,Asia,Western Asia,,,,,Asia,https://www.countryflags.io/il/flat/64.png,8882800,8.8828001,0,0,0,0,0,0,0,0,0,0,0,0,0,0,0,0,0,0,0,0,0,0,0,0,0,0,0,0,0,0,0,0,0,0,0,0,0,0,0,0,0,0,0,0,0,0,0,0,0,0,0,0,0,0,0,0,0,.037525706,.037525706,.037525706,.075051412,.15010282,.26267993,.33773133,.26267993,.26267993,.15010282,.30020565,.41278276,.75051409,.75051409,.67546266,.48783416,.63793695,.7880398,.90061688,1.0882454,1.1257712,1.0507197,.63793695,.7880398,.82556552,1.0131941,.97566831,1.0694826
Italy,ITA,Europe,Southern Europe,,,,,Europe,https://www.countryflags.io/it/flat/64.png,60421760,60.421761,0,0,0,0,0,0,0,0,0,0,0,0,0,0,0,0,0,0,0,0,0,0,0,0,0,0,0,0,.0055167763,.011033553,.016550329,.033100657,.044134211,.049650986,.055167761,.060684539,.093785197,.093785197,.17102006,.27583882,.40272465,.52961051,.65097958,.69511378,1.2026572,1.4674625,2.195677,2.5432339,2.0081065,3.5031528,3.3873007,5.4174743,4.9209642,5.8588161,6.4491115,6.8794198,8.4351511,10.189486,11.425243,11.281807,11.005969,11.182506,11.794868,12.765821,13.902276,14.145015,13.554719,13.267847,13.107861,12.820988,12.429296,12.175525,10.879083,10.161901,9.7371101,9.8308954,9.687459,9.4998884,9.9246807,8.9371777,8.9151106,8.8213253,9.6322918,9.4061031,9.1275063
Jamaica,JAM,Americas,Latin America and the Caribbean,Caribbean,1,3,1,Americas,https://www.countryflags.io/jm/flat/64.png,2934855,2.934855,0,0,0,0,0,0,0,0,0,0,0,0,0,0,0,0,0,0,0,0,0,0,0,0,0,0,0,0,0,0,0,0,0,0,0,0,0,0,0,0,0,0,0,0,0,0,0,0,0,0,0,0,0,0,0,.11357745,.11357745,.11357745,0,0,0,0,0,0,0,0,0,0,.2271549,.2271549,.2271549,0,0,0,0,.11357745,.11357745,.11357745,0,0,0,0,.11357745,.11357745,.17036617
Jordan,JOR,Asia,Western Asia,,,,,Asia,https://www.countryflags.io/jo/flat/64.png,9956011,9.9560108,0,0,0,0,0,0,0,0,0,0,0,0,0,0,0,0,0,0,0,0,0,0,0,0,0,0,0,0,0,0,0,0,0,0,0,0,0,0,0,0,0,0,0,0,0,0,0,0,0,0,0,0,0,0,0,0,0,0,0,0,0,0,0,.033480611,.033480611,.10044184,.13392244,.13392244,.066961221,0,0,0,0,.033480611,.033480611,.033480611,.033480611,.033480611,.033480611,0,0,0,0,0,0
Japan,JPN,Asia,Eastern Asia,,,,,Asia,https://www.countryflags.io/jp/flat/64.png,126529100,126.5291,0,0,0,0,0,0,0,0,0,0,0,0,0,0,0,0,0,0,0,0,.0026344401,.0026344401,.0026344401,0,0,0,0,0,0,0,0,0,0,.0026344401,.0079033207,.0079033207,.0079033207,.0052688802,.0052688802,.0026344401,0,0,0,0,0,.01053776,.01053776,.02370996,.015806641,.02370996,.018441081,.015806641,.021075521,.018441081,.018441081,.0052688802,.01053776,.015806641,.031613283,.02370996,.021075521,.01053776,.013172201,.015806641,.018441081,.018441081,.013172201,.01053776,.0079033207,.021075521,.018441081,.052688804,.039516602,.057957683,.039516602,.042151041,.02370996,.018441081,.015806641,.036882162,.063226566,.11591537,.10010873,.14489421,.13830811
Kazakhstan,KAZ,Asia,Central Asia,,,,,Asia,https://www.countryflags.io/kz/flat/64.png,18272430,18.27243,0,0,0,0,0,0,0,0,0,0,0,0,0,0,0,0,0,0,0,0,0,0,0,0,0,0,0,0,0,0,0,0,0,0,0,0,0,0,0,0,0,0,0,0,0,0,0,0,0,0,0,0,0,0,0,0,.054727256,0,0,-.054727256,0,0,.018242419,.018242419,.018242419,0,0,.018242419,.036484838,.036484838,.072969675,.036484838,.054727256,0,.018242419,.018242419,.036484838,.072969675,.054727256,.036484838,.036484838,.072969675,.10945451,.091212094,.082090884
Kenya,KEN,Africa,Sub-Saharan Africa,Eastern Africa,,,,Africa,https://www.countryflags.io/ke/flat/64.png,51393010,51.393009,0,0,0,0,0,0,0,0,0,0,0,0,0,0,0,0,0,0,0,0,0,0,0,0,0,0,0,0,0,0,0,0,0,0,0,0,0,0,0,0,0,0,0,0,0,0,0,0,0,0,0,0,0,0,0,0,0,0,0,0,0,0,.0064859665,.0064859665,.0064859665,0,0,0,0,.012971933,.019457899,.019457899,.0064859665,.012971933,.012971933,.012971933,.0064859665,.0064859665,.0064859665,.0064859665,.012971933,.012971933,.012971933,.012971933,.019457899
Kyrgyzstan,KGZ,Asia,Central Asia,,,,,Asia,https://www.countryflags.io/kg/flat/64.png,6322800,6.3228002,0,0,0,0,0,0,0,0,0,0,0,0,0,0,0,0,0,0,0,0,0,0,0,0,0,0,0,0,0,0,0,0,0,0,0,0,0,0,0,0,0,0,0,0,0,0,0,0,0,0,0,0,0,0,0,0,0,0,0,0,0,0,0,0,0,0,0,0,0,0,.052719258,.052719258,.052719258,.15815778,.15815778,.15815778,0,.052719258,.052719258,.052719258,0,0,0,0,0
Cambodia,KHM,Asia,South-eastern Asia,,,,,Asia,https://www.countryflags.io/kh/flat/64.png,16249798,16.249798,0,0,0,0,0,0,0,0,0,0,0,0,0,0,0,0,0,0,0,0,0,0,0,0,0,0,0,0,0,0,0,0,0,0,0,0,0,0,0,0,0,0,0,0,0,0,0,0,0,0,0,0,0,0,0,0,0,0,0,0,0,0,0,0,0,0,0,0,0,0,0,0,0,0,0,0,0,0,0,0,0,0,0,0,0
"Korea, South",KOR,Asia,Eastern Asia,,,,,Asia,https://www.countryflags.io/kr/flat/64.png,51606633,51.606632,0,0,0,0,0,0,0,0,0,0,0,0,0,0,0,0,0,0,0,0,0,0,0,0,0,0,0,.0064591183,.012918237,.012918237,.032295592,.038754709,.051672947,.038754709,.032295592,.019377355,.025836473,.025836473,.096886769,.077509418,.11626413,.045213826,.090427652,.058132064,.096886769,.071050301,.064591184,.064591184,.083968535,.077509418,.077509418,.058132064,.058132064,.058132064,.058132064,.10334589,.083968535,.11626413,.12918237,.10980501,.11626413,.096886769,.12918237,.12272324,.11626413,.13564149,.12272324,.11626413,.083968535,.071050301,.077509418,.077509418,.090427652,.077509418,.096886769,.10980501,.11626413,.10334589,.071050301,.064591184,.058132064,.071050301,.071050301,.077509418,.067820743
Kuwait,KWT,Asia,Western Asia,,,,,Asia,https://www.countryflags.io/kw/flat/64.png,4137309,4.1373091,0,0,0,0,0,0,0,0,0,0,0,0,0,0,0,0,0,0,0,0,0,0,0,0,0,0,0,0,0,0,0,0,0,0,0,0,0,0,0,0,0,0,0,0,0,0,0,0,0,0,0,0,0,0,0,0,0,0,0,0,0,0,0,0,0,0,0,0,0,0,0,.080567665,.080567665,.080567665,0,0,0,0,0,0,.080567665,.16113533,.16113533,.080567665,0
Laos,LAO,Asia,South-eastern Asia,,,,,,,7061507,7.0615072,0,0,0,0,0,0,0,0,0,0,0,0,0,0,0,0,0,0,0,0,0,0,0,0,0,0,0,0,0,0,0,0,0,0,0,0,0,0,0,0,0,0,0,0,0,0,0,0,0,0,0,0,0,0,0,0,0,0,0,0,0,0,0,0,0,0,0,0,0,0,0,0,0,0,0,0,0,0,0,0,0,0,0,0,0
Lebanon,LBN,Asia,Western Asia,,,,,Asia,https://www.countryflags.io/lb/flat/64.png,6848925,6.8489251,0,0,0,0,0,0,0,0,0,0,0,0,0,0,0,0,0,0,0,0,0,0,0,0,0,0,0,0,0,0,0,0,0,0,0,0,0,0,0,0,0,0,0,0,0,0,.048669439,.14600831,.14600831,.097338878,0,0,0,0,0,.048669439,.048669439,.048669439,0,0,0,.097338878,.097338878,.19467776,.097338878,.19467776,.14600831,.19467776,.19467776,.24334718,.24334718,.14600831,.097338878,.097338878,.097338878,.048669439,0,.048669439,.048669439,.048669439,0,.048669439,.048669439,.048669439,0
Liberia,LBR,Africa,Sub-Saharan Africa,Western Africa,,,,Africa,https://www.countryflags.io/lr/flat/64.png,4818977,4.8189769,0,0,0,0,0,0,0,0,0,0,0,0,0,0,0,0,0,0,0,0,0,0,0,0,0,0,0,0,0,0,0,0,0,0,0,0,0,0,0,0,0,0,0,0,0,0,0,0,0,0,0,0,0,0,0,0,0,0,0,0,0,0,0,0,0,0,0,0,0,0,0,.069170974,.20751293,.20751293,.13834195,.069170974,.069170974,.13834195,.069170974,.069170974,.069170974,.069170974,.069170974,0,0
Libya,LBY,Africa,Northern Africa,,,,,Africa,https://www.countryflags.io/ly/flat/64.png,6678567,6.6785669,0,0,0,0,0,0,0,0,0,0,0,0,0,0,0,0,0,0,0,0,0,0,0,0,0,0,0,0,0,0,0,0,0,0,0,0,0,0,0,0,0,0,0,0,0,0,0,0,0,0,0,0,0,0,0,0,0,0,0,0,0,0,0,0,0,0,0,0,0,.049910907,.049910907,.049910907,0,0,0,0,0,0,0,0,0,0,0,0,0
Sri Lanka,LKA,Asia,Southern Asia,,,,,Asia,https://www.countryflags.io/lk/flat/64.png,21670000,21.67,0,0,0,0,0,0,0,0,0,0,0,0,0,0,0,0,0,0,0,0,0,0,0,0,0,0,0,0,0,0,0,0,0,0,0,0,0,0,0,0,0,0,0,0,0,0,0,0,0,0,0,0,0,0,0,0,0,0,0,0,0,0,0,0,.015382249,.015382249,.030764498,.015382249,.030764498,.030764498,.030764498,.030764498,.015382249,.015382249,.015382249,.030764498,.030764498,.015382249,0,0,0,0,0,0,0
Lithuania,LTU,Europe,Northern Europe,,,,,Europe,https://www.countryflags.io/lt/flat/64.png,2801543,2.801543,0,0,0,0,0,0,0,0,0,0,0,0,0,0,0,0,0,0,0,0,0,0,0,0,0,0,0,0,0,0,0,0,0,0,0,0,0,0,0,0,0,0,0,0,0,0,0,0,0,0,0,0,0,0,0,0,0,.11898205,.11898205,.11898205,.11898205,.35694614,.35694614,.35694614,.35694614,.35694614,.23796411,.11898205,.11898205,.23796411,.11898205,.35694614,.47592822,.71389228,.47592822,.23796411,.11898205,.83287436,.95185643,.83287436,.23796411,.71389228,.83287436,.95185643,.53541923
Luxembourg,LUX,Europe,Western Europe,,,,,Europe,https://www.countryflags.io/lu/flat/64.png,607950,.60794997,0,0,0,0,0,0,0,0,0,0,0,0,0,0,0,0,0,0,0,0,0,0,0,0,0,0,0,0,0,0,0,0,0,0,0,0,0,0,0,0,0,0,0,0,0,0,0,0,0,0,.54829073,.54829073,.54829073,0,.54829073,1.6448722,1.6448722,3.2897444,2.1931629,2.1931629,0,0,.54829073,3.8380351,5.4829073,6.5794888,3.8380351,2.7414536,4.3863258,4.3863258,4.3863258,1.0965815,3.2897444,5.4829073,7.1277795,5.4829073,6.031198,5.4829073,8.7726517,7.6760702,8.2243605,2.7414536,1.6448722,0,1.6448722
Latvia,LVA,Europe,Northern Europe,,,,,Europe,https://www.countryflags.io/lv/flat/64.png,1927174,1.927174,0,0,0,0,0,0,0,0,0,0,0,0,0,0,0,0,0,0,0,0,0,0,0,0,0,0,0,0,0,0,0,0,0,0,0,0,0,0,0,0,0,0,0,0,0,0,0,0,0,0,0,0,0,0,0,0,0,0,0,0,0,0,0,0,0,0,0,0,0,0,.17296484,.17296484,.17296484,0,.17296484,.17296484,.34592968,.17296484,.17296484,.34592968,.34592968,.34592968,0,0,0
Morocco,MAR,Africa,Northern Africa,,,,,Africa,https://www.countryflags.io/ma/flat/64.png,36029138,36.029137,0,0,0,0,0,0,0,0,0,0,0,0,0,0,0,0,0,0,0,0,0,0,0,0,0,0,0,0,0,0,0,0,0,0,0,0,0,0,0,0,0,0,0,0,0,0,.0092517715,.0092517715,.0092517715,0,0,0,0,.0092517715,.0092517715,.0092517715,.0092517715,.0092517715,.018503543,.0092517715,.018503543,.018503543,.064762399,.16653189,.17578365,.13877657,.092517711,.10176948,.12027302,.10176948,.11102126,.18503542,.24054605,.29605669,.28680491,.21279074,.15728012,.15728012,.16653189,.1942872,.17578365,.13877657,.083265945,.037007086,.055510629
Moldova,MDA,Europe,Eastern Europe,,,,,Europe,https://www.countryflags.io/md/flat/64.png,2706049,2.706049,0,0,0,0,0,0,0,0,0,0,0,0,0,0,0,0,0,0,0,0,0,0,0,0,0,0,0,0,0,0,0,0,0,0,0,0,0,0,0,0,0,0,0,0,0,0,0,0,0,0,0,0,0,0,.12318082,.12318082,.12318082,0,0,0,0,0,0,.12318082,.12318082,.12318082,0,.24636164,.36954245,.49272329,.49272329,.86226577,1.1086274,1.3549891,1.2318082,1.4781698,1.2318082,.86226577,.36954245,.24636164,.7390849,1.2318082,1.8477123,2.3404355,2.5867972
Madagascar,MDG,Africa,Sub-Saharan Africa,Eastern Africa,,,,Africa,https://www.countryflags.io/mg/flat/64.png,26262368,26.262367,0,0,0,0,0,0,0,0,0,0,0,0,0,0,0,0,0,0,0,0,0,0,0,0,0,0,0,0,0,0,0,0,0,0,0,0,0,0,0,0,0,0,0,0,0,0,0,0,0,0,0,0,0,0,0,0,0,0,0,0,0,0,0,0,0,0,0,0,0,0,0,0,0,0,0,0,0,0,0,0,0,0,0,0,0
Maldives,MDV,Asia,Southern Asia,,,,,Asia,https://www.countryflags.io/mv/flat/64.png,515696,.51569599,0,0,0,0,0,0,0,0,0,0,0,0,0,0,0,0,0,0,0,0,0,0,0,0,0,0,0,0,0,0,0,0,0,0,0,0,0,0,0,0,0,0,0,0,0,0,0,0,0,0,0,0,0,0,0,0,0,0,0,0,0,0,0,0,0,0,0,0,0,0,0,0,0,0,0,0,0,0,0,0,0,0,0,0,0
Mexico,MEX,Americas,Latin America and the Caribbean,Central America,1,2,1,Americas,https://www.countryflags.io/mx/flat/64.png,126190788,126.19079,0,0,0,0,0,0,0,0,0,0,0,0,0,0,0,0,0,0,0,0,0,0,0,0,0,0,0,0,0,0,0,0,0,0,0,0,0,0,0,0,0,0,0,0,0,0,0,0,0,0,0,0,0,0,0,.002641503,.002641503,.005283006,.002641503,.005283006,.005283006,.0079245083,.0079245083,.010566012,.018490521,.02641503,.031698033,.042264048,.034339536,.044905551,.058113065,.08188659,.11094312,.11622613,.17169769,.16377318,.21132024,.1822637,.24301827,.26150879,.26943329,.26150879,.35131988,.40414995,.46358377
North Macedonia,MKD,Europe,Southern Europe,,,,,,,2082958,2.082958,0,0,0,0,0,0,0,0,0,0,0,0,0,0,0,0,0,0,0,0,0,0,0,0,0,0,0,0,0,0,0,0,0,0,0,0,0,0,0,0,0,0,0,0,0,0,0,0,0,0,0,0,0,0,0,0,0,0,.16002883,.32005766,.32005766,.32005766,.16002883,.16002883,.16002883,.48008651,.64011532,.80014414,.80014414,.64011532,.48008651,.96017301,1.1202018,1.7603172,1.4402595,1.7603172,1.1202018,.96017301,.80014414,.64011532,.96017301,1.6002883,1.7603172,1.2802306,.48008651
Mali,MLI,Africa,Sub-Saharan Africa,Western Africa,,,,Africa,https://www.countryflags.io/ml/flat/64.png,19077690,19.07769,0,0,0,0,0,0,0,0,0,0,0,0,0,0,0,0,0,0,0,0,0,0,0,0,0,0,0,0,0,0,0,0,0,0,0,0,0,0,0,0,0,0,0,0,0,0,0,0,0,0,0,0,0,0,0,0,0,0,0,0,0,0,0,0,0,.017472416,.034944832,.034944832,.034944832,.017472416,.017472416,0,.034944832,.034944832,.034944832,.034944832,.034944832,.034944832,0,.034944832,.052417248,.1048345,.069889665,.052417248,0
Malta,MLT,Europe,Southern Europe,,,,,Europe,https://www.countryflags.io/mt/flat/64.png,484630,.48462999,0,0,0,0,0,0,0,0,0,0,0,0,0,0,0,0,0,0,0,0,0,0,0,0,0,0,0,0,0,0,0,0,0,0,0,0,0,0,0,0,0,0,0,0,0,0,0,0,0,0,0,0,0,0,0,0,0,0,0,0,0,0,0,0,0,0,0,0,0,0,0,0,0,0,0,.68780994,1.3756199,1.3756199,1.3756199,.68780994,.68780994,0,0,0,0
Myanmar,MMR,Asia,South-eastern Asia,,,,,Asia,https://www.countryflags.io/mm/flat/64.png,53708395,53.708393,0,0,0,0,0,0,0,0,0,0,0,0,0,0,0,0,0,0,0,0,0,0,0,0,0,0,0,0,0,0,0,0,0,0,0,0,0,0,0,0,0,0,0,0,0,0,0,0,0,0,0,0,0,0,0,0,0,0,0,0,0,0,0,0,0,0,0,.0062063546,.0062063546,.0062063546,0,0,0,0,0,.012412709,.012412709,.012412709,0,.0062063546,.0062063546,.0062063546,0,0,0
Montenegro,MNE,Europe,Southern Europe,,,,,Europe,https://www.countryflags.io/me/flat/64.png,622227,.62222701,0,0,0,0,0,0,0,0,0,0,0,0,0,0,0,0,0,0,0,0,0,0,0,0,0,0,0,0,0,0,0,0,0,0,0,0,0,0,0,0,0,0,0,0,0,0,0,0,0,0,0,0,0,0,0,0,0,0,0,.53571016,.53571016,.53571016,0,0,0,0,0,.53571016,.53571016,.53571016,0,0,0,0,0,0,0,0,0,.53571016,.53571016,1.0714203,.53571016,.53571016,0
Mongolia,MNG,Asia,Eastern Asia,,,,,Asia,https://www.countryflags.io/mn/flat/64.png,3170208,3.170208,0,0,0,0,0,0,0,0,0,0,0,0,0,0,0,0,0,0,0,0,0,0,0,0,0,0,0,0,0,0,0,0,0,0,0,0,0,0,0,0,0,0,0,0,0,0,0,0,0,0,0,0,0,0,0,0,0,0,0,0,0,0,0,0,0,0,0,0,0,0,0,0,0,0,0,0,0,0,0,0,0,0,0,0,0
Mozambique,MOZ,Africa,Sub-Saharan Africa,Eastern Africa,,,,Africa,https://www.countryflags.io/mz/flat/64.png,29495962,29.495962,0,0,0,0,0,0,0,0,0,0,0,0,0,0,0,0,0,0,0,0,0,0,0,0,0,0,0,0,0,0,0,0,0,0,0,0,0,0,0,0,0,0,0,0,0,0,0,0,0,0,0,0,0,0,0,0,0,0,0,0,0,0,0,0,0,0,0,0,0,0,0,0,0,0,0,0,0,0,0,0,0,0,0,0,0
Mauritania,MRT,Africa,Sub-Saharan Africa,Western Africa,,,,Africa,https://www.countryflags.io/mr/flat/64.png,4403319,4.4033189,0,0,0,0,0,0,0,0,0,0,0,0,0,0,0,0,0,0,0,0,0,0,0,0,0,0,0,0,0,0,0,0,0,0,0,0,0,0,0,0,0,0,0,0,0,0,0,0,0,0,0,0,0,0,0,0,0,0,0,0,0,0,0,0,0,0,.075700477,.075700477,.075700477,0,0,0,0,0,0,0,0,0,0,0,0,0,0,0,0
Mauritius,MUS,Africa,Sub-Saharan Africa,Eastern Africa,,,,Africa,https://www.countryflags.io/mu/flat/64.png,1265303,1.265303,0,0,0,0,0,0,0,0,0,0,0,0,0,0,0,0,0,0,0,0,0,0,0,0,0,0,0,0,0,0,0,0,0,0,0,0,0,0,0,0,0,0,0,0,0,0,0,0,0,0,0,0,0,0,0,0,0,.2634415,.52688301,.52688301,.2634415,0,0,0,0,.2634415,.2634415,.79032451,.79032451,1.053766,.52688301,.2634415,0,0,0,0,0,.52688301,.52688301,.52688301,0,0,0,0,0
Malawi,MWI,Africa,Sub-Saharan Africa,Eastern Africa,,,,Africa,https://www.countryflags.io/mw/flat/64.png,18143315,18.143314,0,0,0,0,0,0,0,0,0,0,0,0,0,0,0,0,0,0,0,0,0,0,0,0,0,0,0,0,0,0,0,0,0,0,0,0,0,0,0,0,0,0,0,0,0,0,0,0,0,0,0,0,0,0,0,0,0,0,0,0,0,0,0,0,0,0,0,0,0,0,0,0,0,0,.01837224,.01837224,.01837224,0,.01837224,.01837224,.01837224,0,0,0,0
Malaysia,MYS,Asia,South-eastern Asia,,,,,Asia,https://www.countryflags.io/my/flat/64.png,31528585,31.528585,0,0,0,0,0,0,0,0,0,0,0,0,0,0,0,0,0,0,0,0,0,0,0,0,0,0,0,0,0,0,0,0,0,0,0,0,0,0,0,0,0,0,0,0,0,0,0,0,0,0,0,0,0,.021144833,.021144833,.021144833,.010572417,.021144833,.084579334,.11629658,.12686899,.10572416,.095151745,.10572416,.074006915,.12686899,.11629658,.16915867,.10572416,.13744141,.10572416,.12686899,.11629658,.095151745,.063434497,.042289667,.052862082,.074006915,.084579334,.095151745,.074006915,.095151745,.074006915,.074006915,.031717248
Namibia,NAM,Africa,Sub-Saharan Africa,Southern Africa,,,,Africa,https://www.countryflags.io/na/flat/64.png,2448255,2.4482551,0,0,0,0,0,0,0,0,0,0,0,0,0,0,0,0,0,0,0,0,0,0,0,0,0,0,0,0,0,0,0,0,0,0,0,0,0,0,0,0,0,0,0,0,0,0,0,0,0,0,0,0,0,0,0,0,0,0,0,0,0,0,0,0,0,0,0,0,0,0,0,0,0,0,0,0,0,0,0,0,0,0,0,0,0
New Caledonia,NCL,Oceania,Melanesia,,,,,Oceania,https://www.countryflags.io/nc/flat/64.png,284060,.28406,0,0,0,0,0,0,0,0,0,0,0,0,0,0,0,0,0,0,0,0,0,0,0,0,0,0,0,0,0,0,0,0,0,0,0,0,0,0,0,0,0,0,0,0,0,0,0,0,0,0,0,0,0,0,0,0,0,0,0,0,0,0,0,0,0,0,0,0,0,0,0,0,0,0,0,0,0,0,0,0,0,0,0,0,0
Niger,NER,Africa,Sub-Saharan Africa,Western Africa,,,,Africa,https://www.countryflags.io/ne/flat/64.png,22442948,22.442947,0,0,0,0,0,0,0,0,0,0,0,0,0,0,0,0,0,0,0,0,0,0,0,0,0,0,0,0,0,0,0,0,0,0,0,0,0,0,0,0,0,0,0,0,0,0,0,0,0,0,0,0,0,0,0,0,0,0,0,0,0,.014852475,.014852475,.014852475,0,0,.029704951,.029704951,.059409901,.029704951,.029704951,.044557426,.074262381,.074262381,.044557426,.014852475,.014852475,0,0,.014852475,.014852475,.044557426,.029704951,.029704951,0
Nigeria,NGA,Africa,Sub-Saharan Africa,Western Africa,,,,Africa,https://www.countryflags.io/ng/flat/64.png,195874740,195.87474,0,0,0,0,0,0,0,0,0,0,0,0,0,0,0,0,0,0,0,0,0,0,0,0,0,0,0,0,0,0,0,0,0,0,0,0,0,0,0,0,0,0,0,0,0,0,0,0,0,0,0,0,0,0,0,0,0,0,0,.0017017678,.0017017678,.0017017678,0,0,0,0,.0017017678,.0017017678,.0017017678,0,.0034035356,.0034035356,.0051053036,.0017017678,.0034035356,.0017017678,.0034035356,.0017017678,.0068070712,.0051053036,.0051053036,.0017017678,.0034035356,.0051053036,.0051053036
Nicaragua,NIC,Americas,Latin America and the Caribbean,Central America,1,2,1,Americas,https://www.countryflags.io/ni/flat/64.png,6465513,6.4655132,0,0,0,0,0,0,0,0,0,0,0,0,0,0,0,0,0,0,0,0,0,0,0,0,0,0,0,0,0,0,0,0,0,0,0,0,0,0,0,0,0,0,0,0,0,0,0,0,0,0,0,0,0,0,0,0,0,0,0,0,0,0,0,.051555589,.051555589,.051555589,0,0,0,0,0,0,0,0,0,0,0,0,0,0,0,0,0,0,0
Netherlands,NLD,Europe,Western Europe,,,,,Europe,https://www.countryflags.io/nl/flat/64.png,17231624,17.231625,0,0,0,0,0,0,0,0,0,0,0,0,0,0,0,0,0,0,0,0,0,0,0,0,0,0,0,0,0,0,0,0,0,0,0,0,0,0,0,0,0,0,.019344278,.019344278,.058032833,.038688555,.058032833,.038688555,.038688555,.11606567,.13540995,.29016417,.2708199,.59967262,.73508257,1.0059024,1.2186896,1.5088537,1.9924606,2.0698378,2.7081988,3.4239371,4.2750854,5.2229552,5.4744306,6.5190215,6.1514802,7.737711,7.7763996,9.1885319,8.6662369,9.2465649,8.2600069,7.3508258,8.7049246,9.3239422,10.233123,7.9311538,7.6409898,6.5963988,6.0354147,5.8419719,7.6796784,9.5173845,10.736074
Norway,NOR,Europe,Northern Europe,,,,,Europe,https://www.countryflags.io/no/flat/64.png,5311916,5.3119159,0,0,0,0,0,0,0,0,0,0,0,0,0,0,0,0,0,0,0,0,0,0,0,0,0,0,0,0,0,0,0,0,0,0,0,0,0,0,0,0,0,0,0,0,0,0,0,0,0,0,.188256,.188256,.188256,0,.188256,.251008,.251008,.062752001,0,.188256,.31375998,.439264,.251008,.439264,.56476796,.69027197,.81577599,1.004032,1.1922879,1.1295359,1.2550399,1.1295359,1.3177919,1.0667839,1.694304,1.8825599,2.008064,1.506048,1.1295359,1.2550399,1.3177919,1.2550399,1.3805439,1.1295359,1.2236639
Nepal,NPL,Asia,Southern Asia,,,,,Asia,https://www.countryflags.io/np/flat/64.png,28087871,28.087872,0,0,0,0,0,0,0,0,0,0,0,0,0,0,0,0,0,0,0,0,0,0,0,0,0,0,0,0,0,0,0,0,0,0,0,0,0,0,0,0,0,0,0,0,0,0,0,0,0,0,0,0,0,0,0,0,0,0,0,0,0,0,0,0,0,0,0,0,0,0,0,0,0,0,0,0,0,0,0,0,0,0,0,0,0
New Zealand,NZL,Oceania,Australia and New Zealand,,,,,Oceania,https://www.countryflags.io/nz/flat/64.png,4841000,4.8410001,0,0,0,0,0,0,0,0,0,0,0,0,0,0,0,0,0,0,0,0,0,0,0,0,0,0,0,0,0,0,0,0,0,0,0,0,0,0,0,0,0,0,0,0,0,0,0,0,0,0,0,0,0,0,0,0,0,0,0,0,0,0,0,0,0,.068856299,.068856299,.068856299,0,0,0,0,0,0,0,0,0,.068856299,.20656888,.20656888,.20656888,.34428146,.34428146,.2754252,0
Oman,OMN,Asia,Western Asia,,,,,Asia,https://www.countryflags.io/om/flat/64.png,4829483,4.829483,0,0,0,0,0,0,0,0,0,0,0,0,0,0,0,0,0,0,0,0,0,0,0,0,0,0,0,0,0,0,0,0,0,0,0,0,0,0,0,0,0,0,0,0,0,0,0,0,0,0,0,0,0,0,0,0,0,0,0,0,0,0,0,0,0,0,0,.069020502,.069020502,.069020502,0,.069020502,.069020502,.069020502,0,0,.069020502,.069020502,.069020502,.069020502,.069020502,.069020502,0,0,0
Pakistan,PAK,Asia,Southern Asia,,,,,Asia,https://www.countryflags.io/pk/flat/64.png,212215030,212.21503,0,0,0,0,0,0,0,0,0,0,0,0,0,0,0,0,0,0,0,0,0,0,0,0,0,0,0,0,0,0,0,0,0,0,0,0,0,0,0,0,0,0,0,0,0,0,0,0,0,0,0,0,0,0,0,.0031414677,.0047122017,.0047122017,.0047122017,.0047122017,.0062829354,.0047122017,.0047122017,.0062829354,.0062829354,.0078536691,.015707338,.021990275,.02041954,.02041954,.021990275,.021990275,.02041954,.02041954,.025131742,.021990275,.018848807,.014136605,.039268348,.04083908,.042409815,.015707338,.031414676,.054975685,.075395226
Panama,PAN,Americas,Latin America and the Caribbean,Central America,1,2,1,Americas,https://www.countryflags.io/pa/flat/64.png,4176873,4.1768732,0,0,0,0,0,0,0,0,0,0,0,0,0,0,0,0,0,0,0,0,0,0,0,0,0,0,0,0,0,0,0,0,0,0,0,0,0,0,0,0,0,0,0,0,0,0,0,.07980451,.07980451,.07980451,0,0,0,0,0,0,0,0,.15960902,.39902258,.39902258,.39902258,.15960902,.23941354,.47882709,.71824062,1.1970677,1.2768722,1.0374587,.63843608,.5586316,.87784964,1.1172632,1.3566767,1.1172632,1.0374587,.71824062,.87784964,1.1970677,1.2768722,1.6758947,1.5960903,1.2768722,1.2768722,1.077361
Peru,PER,Americas,Latin America and the Caribbean,South America,1,1,1,Americas,https://www.countryflags.io/pe/flat/64.png,31989256,31.989256,0,0,0,0,0,0,0,0,0,0,0,0,0,0,0,0,0,0,0,0,0,0,0,0,0,0,0,0,0,0,0,0,0,0,0,0,0,0,0,0,0,0,0,0,0,0,0,0,0,0,0,0,0,0,0,0,.031260494,.052100826,.052100826,.02084033,.02084033,.04168066,.04168066,.04168066,.072941154,.093781486,.13546215,.14588231,.2084033,.32302514,.32302514,.36470577,.29176462,.32302514,.35428563,.39596629,.47932759,.64605027,.62520993,.57310909,.48974776,.51058811,.63563007,.60436958,.68773091
Philippines,PHL,Asia,South-eastern Asia,,,,,Asia,https://www.countryflags.io/ph/flat/64.png,106651922,106.65192,0,0,0,0,0,0,0,0,0,.0031254319,.0031254319,.0031254319,0,0,0,0,0,0,0,0,0,0,0,0,0,0,0,0,0,0,0,0,0,0,0,0,0,0,0,0,0,0,0,0,0,0,0,0,.0031254319,.012501728,.021878025,.028128888,.021878025,.012501728,.025003456,.015627161,.018752592,0,.025003456,.046881478,.050006911,.040630616,.037505183,.059383206,.093762957,.081261232,.075010367,.062508643,.078135796,.090637527,.15002073,.15002073,.14064445,.084386662,.10313925,.093762957,.12501729,.137519,.20315307,.29379061,.29379061,.275038,.16252246,.1468953,.12658
Papua New Guinea,PNG,Oceania,Melanesia,,,,,Oceania,https://www.countryflags.io/pg/flat/64.png,8606316,8.6063156,0,0,0,0,0,0,0,0,0,0,0,0,0,0,0,0,0,0,0,0,0,0,0,0,0,0,0,0,0,0,0,0,0,0,0,0,0,0,0,0,0,0,0,0,0,0,0,0,0,0,0,0,0,0,0,0,0,0,0,0,0,0,0,0,0,0,0,0,0,0,0,0,0,0,0,0,0,0,0,0,0,0,0,0,0
Poland,POL,Europe,Eastern Europe,,,,,Europe,https://www.countryflags.io/pl/flat/64.png,37974750,37.974751,0,0,0,0,0,0,0,0,0,0,0,0,0,0,0,0,0,0,0,0,0,0,0,0,0,0,0,0,0,0,0,0,0,0,0,0,0,0,0,0,0,0,0,0,0,0,0,0,.0087777618,.017555524,.026333287,.017555524,.017555524,.017555524,.017555524,.0087777618,0,0,.017555524,.026333287,.043888811,.061444335,.070222095,.052666575,.035111047,.052666575,.13166644,.13166644,.18433301,.22822182,.33355495,.31599945,.32477722,.31599945,.4388881,.57055455,.58811009,.45644364,.43011037,.50911021,.56177676,.48277694,.47399917,.60566562,.67149884
Portugal,PRT,Europe,Southern Europe,,,,,Europe,https://www.countryflags.io/pt/flat/64.png,10283822,10.283822,0,0,0,0,0,0,0,0,0,0,0,0,0,0,0,0,0,0,0,0,0,0,0,0,0,0,0,0,0,0,0,0,0,0,0,0,0,0,0,0,0,0,0,0,0,0,0,0,0,0,0,0,0,.032413371,.064826742,.097240113,.16206685,.32413369,.35654709,.5510273,.68068075,.93998772,1.1992947,1.3937749,1.8475621,1.9123888,2.0744557,1.9448022,2.2041092,2.2365227,2.7875497,2.5606563,2.7875497,2.106869,2.5606563,2.7551365,3.1765103,2.9172034,2.9172034,3.0792701,3.2413371,3.1440969,3.0792701,3.0468569,3.0144434
Paraguay,PRY,Americas,Latin America and the Caribbean,South America,1,1,1,Americas,https://www.countryflags.io/py/flat/64.png,6956071,6.9560709,0,0,0,0,0,0,0,0,0,0,0,0,0,0,0,0,0,0,0,0,0,0,0,0,0,0,0,0,0,0,0,0,0,0,0,0,0,0,0,0,0,0,0,0,0,0,0,0,0,0,0,0,0,0,0,0,0,.047919773,.047919773,.047919773,.047919773,.095839545,.095839545,.047919773,0,0,0,0,0,0,0,0,0,.095839545,.095839545,.095839545,0,.047919773,.047919773,.047919773,0,.047919773,.095839545,.095839545,.071879655
West Bank and Gaza,PSE,Asia,,,,,,Asia,https://www.countryflags.io/ps/flat/64.png,4569087,4.569087,0,0,0,0,0,0,0,0,0,0,0,0,0,0,0,0,0,0,0,0,0,0,0,0,0,0,0,0,0,0,0,0,0,0,0,0,0,0,0,0,0,0,0,0,0,0,0,0,0,0,0,0,0,0,0,0,0,0,0,0,0,0,.072954036,.072954036,.072954036,0,0,0,0,0,0,0,0,0,0,0,0,.072954036,.072954036,.072954036,0,0,0,0,0
French Polynesia,PYF,Oceania,Polynesia,,,,,Oceania,https://www.countryflags.io/pf/flat/64.png,277679,.277679,0,0,0,0,0,0,0,0,0,0,0,0,0,0,0,0,0,0,0,0,0,0,0,0,0,0,0,0,0,0,0,0,0,0,0,0,0,0,0,0,0,0,0,0,0,0,0,0,0,0,0,0,0,0,0,0,0,0,0,0,0,0,0,0,0,0,0,0,0,0,0,0,0,0,0,0,0,0,0,0,0,0,0,0,0
Qatar,QAT,Asia,Western Asia,,,,,Asia,https://www.countryflags.io/qa/flat/64.png,2781677,2.781677,0,0,0,0,0,0,0,0,0,0,0,0,0,0,0,0,0,0,0,0,0,0,0,0,0,0,0,0,0,0,0,0,0,0,0,0,0,0,0,0,0,0,0,0,0,0,0,0,0,0,0,0,0,0,0,0,0,0,0,0,0,0,0,0,.11983179,.11983179,.11983179,.11983179,.11983179,.23966359,.11983179,.11983179,.11983179,.11983179,.35949537,.23966359,.23966359,0,0,.11983179,.11983179,.11983179,0,0,0
Romania,ROU,Europe,Eastern Europe,,,,,Europe,https://www.countryflags.io/ro/flat/64.png,19466145,19.466145,0,0,0,0,0,0,0,0,0,0,0,0,0,0,0,0,0,0,0,0,0,0,0,0,0,0,0,0,0,0,0,0,0,0,0,0,0,0,0,0,0,0,0,0,0,0,0,0,0,0,0,0,0,0,0,0,0,0,.051371239,.11986623,.18836121,.23973246,.27397996,.2568562,.34247494,.34247494,.66782612,.77056861,.83906358,.85618734,.8733111,.92468232,.6164549,.73632109,.8733111,1.1815386,1.2329098,1.2500335,1.215786,1.1644148,1.0445485,1.0274248,.95892984,1.0445485,1.0531105
Russia,RUS,Europe,Eastern Europe,,,,,Europe,https://www.countryflags.io/ru/flat/64.png,144478050,144.47804,0,0,0,0,0,0,0,0,0,0,0,0,0,0,0,0,0,0,0,0,0,0,0,0,0,0,0,0,0,0,0,0,0,0,0,0,0,0,0,0,0,0,0,0,0,0,0,0,0,0,0,0,0,0,0,.0023071556,.0023071556,.0023071556,0,0,0,.0046143113,.0046143113,.0069214669,.0023071556,.011535779,.011535779,.029993024,.03691449,.048450269,.039221644,.043835957,.034607336,.029993024,.034607336,.041528802,.066907518,.083057605,.099207692,.1245864,.1245864,.14765796,.15688658,.19380108,.21456547
Rwanda,RWA,Africa,Sub-Saharan Africa,Eastern Africa,,,,Africa,https://www.countryflags.io/rw/flat/64.png,12301939,12.301939,0,0,0,0,0,0,0,0,0,0,0,0,0,0,0,0,0,0,0,0,0,0,0,0,0,0,0,0,0,0,0,0,0,0,0,0,0,0,0,0,0,0,0,0,0,0,0,0,0,0,0,0,0,0,0,0,0,0,0,0,0,0,0,0,0,0,0,0,0,0,0,0,0,0,0,0,0,0,0,0,0,0,0,0,0
Saudi Arabia,SAU,Asia,Western Asia,,,,,Asia,https://www.countryflags.io/sa/flat/64.png,33699947,33.699947,0,0,0,0,0,0,0,0,0,0,0,0,0,0,0,0,0,0,0,0,0,0,0,0,0,0,0,0,0,0,0,0,0,0,0,0,0,0,0,0,0,0,0,0,0,0,0,0,0,0,0,0,0,0,0,0,0,0,0,0,.009891212,.019782424,.029673636,.019782424,.019782424,.04945606,.04945606,.059347272,.079129696,.12858576,.14836818,.12858576,.12858576,.12858576,.11869454,.069238484,.059347272,.059347272,.10880333,.14836818,.17804182,.20771545,.19782424,.17804182,.14836818
Sudan,SDN,Africa,Northern Africa,,,,,Africa,https://www.countryflags.io/sd/flat/64.png,41801533,41.801533,0,0,0,0,0,0,0,0,0,0,0,0,0,0,0,0,0,0,0,0,0,0,0,0,0,0,0,0,0,0,0,0,0,0,0,0,0,0,0,0,0,0,0,0,0,0,0,0,0,.0079741897,.0079741897,.0079741897,0,0,0,0,0,0,0,0,0,0,0,0,0,0,.0079741897,.0079741897,.0079741897,0,0,0,0,0,0,0,0,0,0,0,.015948379,.023922568,.023922568,.0079741897,0
Senegal,SEN,Africa,Sub-Saharan Africa,Western Africa,,,,Africa,https://www.countryflags.io/sn/flat/64.png,15854360,15.85436,0,0,0,0,0,0,0,0,0,0,0,0,0,0,0,0,0,0,0,0,0,0,0,0,0,0,0,0,0,0,0,0,0,0,0,0,0,0,0,0,0,0,0,0,0,0,0,0,0,0,0,0,0,0,0,0,0,0,0,0,0,0,0,0,0,0,0,0,.021024711,.021024711,.021024711,.021024711,.021024711,.021024711,0,0,0,0,0,0,0,0,0,0,0
Singapore,SGP,Asia,South-eastern Asia,,,,,Asia,https://www.countryflags.io/sg/flat/64.png,5638676,5.6386762,0,0,0,0,0,0,0,0,0,0,0,0,0,0,0,0,0,0,0,0,0,0,0,0,0,0,0,0,0,0,0,0,0,0,0,0,0,0,0,0,0,0,0,0,0,0,0,0,0,0,0,0,0,0,0,0,0,.11823106,.11823106,.11823106,0,0,0,0,0,.059115529,.059115529,.059115529,0,.059115529,.11823106,.17734659,.11823106,.059115529,0,0,0,.059115529,.11823106,.11823106,.11823106,.11823106,.11823106,.059115529,0
Sierra Leone,SLE,Africa,Sub-Saharan Africa,Western Africa,,,,Africa,https://www.countryflags.io/sl/flat/64.png,7650154,7.6501541,0,0,0,0,0,0,0,0,0,0,0,0,0,0,0,0,0,0,0,0,0,0,0,0,0,0,0,0,0,0,0,0,0,0,0,0,0,0,0,0,0,0,0,0,0,0,0,0,0,0,0,0,0,0,0,0,0,0,0,0,0,0,0,0,0,0,0,0,0,0,0,0,0,0,0,0,0,0,0,0,0,0,0,0,0
El Salvador,SLV,Americas,Latin America and the Caribbean,Central America,1,2,1,Americas,https://www.countryflags.io/sv/flat/64.png,6420744,6.4207439,0,0,0,0,0,0,0,0,0,0,0,0,0,0,0,0,0,0,0,0,0,0,0,0,0,0,0,0,0,0,0,0,0,0,0,0,0,0,0,0,0,0,0,0,0,0,0,0,0,0,0,0,0,0,0,0,0,0,0,0,0,0,0,0,0,0,0,.051915064,.051915064,.10383013,.051915064,.10383013,.051915064,.10383013,.051915064,.10383013,.10383013,.10383013,.051915064,0,0,0,0,0,0
Somalia,SOM,Africa,Sub-Saharan Africa,Eastern Africa,,,,Africa,https://www.countryflags.io/so/flat/64.png,15008154,15.008154,0,0,0,0,0,0,0,0,0,0,0,0,0,0,0,0,0,0,0,0,0,0,0,0,0,0,0,0,0,0,0,0,0,0,0,0,0,0,0,0,0,0,0,0,0,0,0,0,0,0,0,0,0,0,0,0,0,0,0,0,0,0,0,0,0,0,0,0,0,0,0,0,0,0,0,.022210149,.022210149,.022210149,0,0,.022210149,.022210149,.088840596,.066630445,.099945672
Serbia,SRB,Europe,Southern Europe,,,,,Europe,https://www.countryflags.io/rs/flat/64.png,6982604,6.982604,0,0,0,0,0,0,0,0,0,0,0,0,0,0,0,0,0,0,0,0,0,0,0,0,0,0,0,0,0,0,0,0,0,0,0,0,0,0,0,0,0,0,0,0,0,0,0,0,0,0,0,0,0,0,0,0,.047737684,.047737684,.095475368,.095475368,.095475368,.095475368,-.095475368,-.095475368,.2864261,.57285219,.71606523,.2864261,.71606523,.71606523,1.0979667,.76380295,.95475364,.90701598,.8115406,.66832757,.38190147,.47737682,.42963913,.66832757,.66832757,.95475364,.90701598,.85927826,.64445871
South Sudan,SSD,Africa,Sub-Saharan Africa,Eastern Africa,,,,Africa,https://www.countryflags.io/ss/flat/64.png,10975920,10.97592,0,0,0,0,0,0,0,0,0,0,0,0,0,0,0,0,0,0,0,0,0,0,0,0,0,0,0,0,0,0,0,0,0,0,0,0,0,0,0,0,0,0,0,0,0,0,0,0,0,0,0,0,0,0,0,0,0,0,0,0,0,0,0,0,0,0,0,0,0,0,0,0,0,0,0,0,0,0,0,0,0,0,0,0,0
Suriname,SUR,Americas,Latin America and the Caribbean,South America,1,1,1,Americas,https://www.countryflags.io/sr/flat/64.png,575991,.57599097,0,0,0,0,0,0,0,0,0,0,0,0,0,0,0,0,0,0,0,0,0,0,0,0,0,0,0,0,0,0,0,0,0,0,0,0,0,0,0,0,0,0,0,0,0,0,0,0,0,0,0,0,0,0,0,0,0,0,0,0,0,0,0,0,0,0,0,0,0,0,.57871276,.57871276,.57871276,0,0,0,0,0,0,0,0,0,0,0,0
Slovakia,SVK,Europe,Eastern Europe,,,,,Europe,https://www.countryflags.io/sk/flat/64.png,5446771,5.4467711,0,0,0,0,0,0,0,0,0,0,0,0,0,0,0,0,0,0,0,0,0,0,0,0,0,0,0,0,0,0,0,0,0,0,0,0,0,0,0,0,0,0,0,0,0,0,0,0,0,0,0,0,0,0,.061198335,.061198335,.061198335,0,-.061198335,-.061198335,-.061198335,0,0,0,0,0,0,0,.061198335,.061198335,.061198335,0,0,.061198335,.061198335,.061198335,0,0,0,0,0,0,.24479334,.36719003,.55078501
Slovenia,SVN,Europe,Southern Europe,,,,,Europe,https://www.countryflags.io/si/flat/64.png,2073894,2.073894,0,0,0,0,0,0,0,0,0,0,0,0,0,0,0,0,0,0,0,0,0,0,0,0,0,0,0,0,0,0,0,0,0,0,0,0,0,0,0,0,0,0,0,0,0,0,0,0,0,0,.16072823,.16072823,.16072823,0,0,0,0,0,.16072823,.32145646,.48218471,.48218471,.48218471,.8036412,.64291292,.8036412,.32145646,.96436942,.64291292,.96436942,.8036412,1.1250976,1.7680106,1.6072824,2.2501953,1.9287388,2.089467,1.4465542,1.6072824,1.6072824,1.6072824,.96436942,1.2858258,.96436942,1.2054617
Sweden,SWE,Europe,Northern Europe,,,,,Europe,https://www.countryflags.io/se/flat/64.png,10175214,10.175214,0,0,0,0,0,0,0,0,0,0,0,0,0,0,0,0,0,0,0,0,0,0,0,0,0,0,0,0,0,0,0,0,0,0,0,0,0,0,0,0,0,0,0,0,0,0,0,.032759346,.032759346,.032759346,.032759346,.065518692,.16379672,.16379672,.22931542,.16379672,.29483411,.32759345,.32759345,.29483411,.52414954,1.3431331,1.703486,2.2603948,1.4086518,1.0810584,1.3431331,2.4569509,4.2259555,5.307014,5.8311634,4.3897519,3.0466189,3.8983619,7.1415372,9.3691721,10.351953,9.1398573,6.5518689,3.4724905,1.6052079,4.7828641,9.9588404,13.562368,14.741705
Eswatini,SWZ,Africa,Sub-Saharan Africa,Southern Africa,,,,Africa,https://www.countryflags.io/sz/flat/64.png,1136191,1.136191,0,0,0,0,0,0,0,0,0,0,0,0,0,0,0,0,0,0,0,0,0,0,0,0,0,0,0,0,0,0,0,0,0,0,0,0,0,0,0,0,0,0,0,0,0,0,0,0,0,0,0,0,0,0,0,0,0,0,0,0,0,0,0,0,0,0,0,0,0,0,0,0,0,0,0,0,0,0,0,0,0,0,0,.29337791,.44006684
Syria,SYR,Asia,Western Asia,,,,,Asia,https://www.countryflags.io/sy/flat/64.png,16906283,16.906282,0,0,0,0,0,0,0,0,0,0,0,0,0,0,0,0,0,0,0,0,0,0,0,0,0,0,0,0,0,0,0,0,0,0,0,0,0,0,0,0,0,0,0,0,0,0,0,0,0,0,0,0,0,0,0,0,0,0,0,0,0,0,0,0,0,.019716537,.039433073,.039433073,.019716537,0,0,0,0,0,0,0,0,0,0,0,0,0,0,0,0
Chad,TCD,Africa,Sub-Saharan Africa,Middle Africa,,,,Africa,https://www.countryflags.io/td/flat/64.png,15477751,15.477751,0,0,0,0,0,0,0,0,0,0,0,0,0,0,0,0,0,0,0,0,0,0,0,0,0,0,0,0,0,0,0,0,0,0,0,0,0,0,0,0,0,0,0,0,0,0,0,0,0,0,0,0,0,0,0,0,0,0,0,0,0,0,0,0,0,0,0,0,0,0,0,0,0,0,0,0,0,0,0,0,0,0,0,0,0
Togo,TGO,Africa,Sub-Saharan Africa,Western Africa,,,,Africa,https://www.countryflags.io/tg/flat/64.png,7889094,7.8890939,0,0,0,0,0,0,0,0,0,0,0,0,0,0,0,0,0,0,0,0,0,0,0,0,0,0,0,0,0,0,0,0,0,0,0,0,0,0,0,0,0,0,0,0,0,0,0,0,0,0,0,0,0,0,0,0,0,0,0,0,0,0,0,.042252421,.042252421,.042252421,0,0,.042252421,.042252421,.084504843,.042252421,.042252421,0,0,0,0,0,0,0,0,0,0,.084504843,.12675726
Thailand,THA,Asia,South-eastern Asia,,,,,Asia,https://www.countryflags.io/th/flat/64.png,69428524,69.42852,0,0,0,0,0,0,0,0,0,0,0,0,0,0,0,0,0,0,0,0,0,0,0,0,0,0,0,0,0,0,0,0,0,0,0,0,0,.0048011011,.0048011011,.0048011011,0,0,0,0,0,0,0,0,0,0,0,0,0,0,0,0,0,0,0,0,.014403303,.014403303,.014403303,.0048011011,.0096022021,.014403303,.019204404,.019204404,.024005504,.028806606,.043209907,.038408808,.038408808,.033607706,.033607706,.033607706,.028806606,.028806606,.024005504,.028806606,.033607706,.028806606,.024005504,.028806606,.036008257
Timor-Leste,TLS,Asia,South-eastern Asia,,,,,Asia,https://www.countryflags.io/tl/flat/64.png,1267972,1.267972,0,0,0,0,0,0,0,0,0,0,0,0,0,0,0,0,0,0,0,0,0,0,0,0,0,0,0,0,0,0,0,0,0,0,0,0,0,0,0,0,0,0,0,0,0,0,0,0,0,0,0,0,0,0,0,0,0,0,0,0,0,0,0,0,0,0,0,0,0,0,0,0,0,0,0,0,0,0,0,0,0,0,0,0,0
Trinidad and Tobago,TTO,Americas,Latin America and the Caribbean,Caribbean,1,3,1,Americas,https://www.countryflags.io/tt/flat/64.png,1389858,1.389858,0,0,0,0,0,0,0,0,0,0,0,0,0,0,0,0,0,0,0,0,0,0,0,0,0,0,0,0,0,0,0,0,0,0,0,0,0,0,0,0,0,0,0,0,0,0,0,0,0,0,0,0,0,0,0,0,0,0,0,0,0,.23983265,.23983265,.47966531,.47966531,.47966531,.23983265,0,.47966531,.47966531,.71949798,.23983265,.47966531,.47966531,.47966531,.23983265,0,0,0,0,0,0,0,0,0
Tunisia,TUN,Africa,Northern Africa,,,,,Africa,https://www.countryflags.io/tn/flat/64.png,11565204,11.565204,0,0,0,0,0,0,0,0,0,0,0,0,0,0,0,0,0,0,0,0,0,0,0,0,0,0,0,0,0,0,0,0,0,0,0,0,0,0,0,0,0,0,0,0,0,0,0,0,0,0,0,0,0,0,0,.028822089,.028822089,.028822089,.057644177,.057644177,.086466268,.057644177,.086466268,.057644177,.086466268,.057644177,.057644177,.057644177,.11528835,.17293254,.23057671,.17293254,.23057671,.11528835,.14411044,.057644177,.086466268,.057644177,.11528835,.17293254,.25939882,.17293254,.11528835,.086466268,.12969941
Turkey,TUR,Asia,Western Asia,,,,,Asia,https://www.countryflags.io/tr/flat/64.png,82319724,82.319725,0,0,0,0,0,0,0,0,0,0,0,0,0,0,0,0,0,0,0,0,0,0,0,0,0,0,0,0,0,0,0,0,0,0,0,0,0,0,0,0,0,0,0,0,0,0,0,0,0,0,0,0,0,.0040492523,.0040492523,.012147757,.012147757,.032394018,.10932981,.13362533,.14172383,.11742832,.15387158,.19436412,.19841336,.22675812,.30774316,.42922074,.59119081,.76125944,.85439223,.90703249,.88273698,.90703249,.90703249,.96372205,1.0487564,1.1378399,1.170234,1.1742831,1.1742831,1.2228742,1.2957608,1.4050906,1.4577308
Tanzania,TZA,Africa,Sub-Saharan Africa,Eastern Africa,,,,Africa,https://www.countryflags.io/tz/flat/64.png,56318348,56.318348,0,0,0,0,0,0,0,0,0,0,0,0,0,0,0,0,0,0,0,0,0,0,0,0,0,0,0,0,0,0,0,0,0,0,0,0,0,0,0,0,0,0,0,0,0,0,0,0,0,0,0,0,0,0,0,0,0,0,0,0,0,0,0,0,0,0,0,.0059187342,.0059187342,.0059187342,0,0,0,0,0,0,0,.011837468,.011837468,.011837468,0,0,.0059187342,.0059187342,.0088781016
Uganda,UGA,Africa,Sub-Saharan Africa,Eastern Africa,,,,Africa,https://www.countryflags.io/ug/flat/64.png,42723139,42.723141,0,0,0,0,0,0,0,0,0,0,0,0,0,0,0,0,0,0,0,0,0,0,0,0,0,0,0,0,0,0,0,0,0,0,0,0,0,0,0,0,0,0,0,0,0,0,0,0,0,0,0,0,0,0,0,0,0,0,0,0,0,0,0,0,0,0,0,0,0,0,0,0,0,0,0,0,0,0,0,0,0,0,0,0,0
Ukraine,UKR,Europe,Eastern Europe,,,,,Europe,https://www.countryflags.io/ua/flat/64.png,44622516,44.622517,0,0,0,0,0,0,0,0,0,0,0,0,0,0,0,0,0,0,0,0,0,0,0,0,0,0,0,0,0,0,0,0,0,0,0,0,0,0,0,0,0,0,0,0,0,0,0,0,0,.0074700704,.0074700704,.0074700704,0,.0074700704,.0074700704,.0074700704,.0074700704,.0074700704,.0074700704,0,0,.014940141,.014940141,.014940141,.029880282,.037350353,.059760563,.059760563,.074700706,.067230634,.074700706,.089640841,.11205105,.08217077,.097110912,.11205105,.14193134,.17928168,.15687147,.19422182,.17928168,.18675175,.18675175,.17181161,.2016919
Uruguay,URY,Americas,Latin America and the Caribbean,South America,1,1,1,Americas,https://www.countryflags.io/uy/flat/64.png,3449299,3.4492991,0,0,0,0,0,0,0,0,0,0,0,0,0,0,0,0,0,0,0,0,0,0,0,0,0,0,0,0,0,0,0,0,0,0,0,0,0,0,0,0,0,0,0,0,0,0,0,0,0,0,0,0,0,0,0,0,0,0,0,0,0,0,0,0,0,.096637994,.096637994,.096637994,.096637994,.28991398,.28991398,.28991398,.096637994,.19327599,.19327599,.19327599,.096637994,0,0,0,.096637994,.096637994,.096637994,.096637994,.14495699
United States,USA,Americas,Northern America,,,,,Americas,https://www.countryflags.io/us/flat/64.png,326687501,326.6875,0,0,0,0,0,0,0,0,0,0,0,0,0,0,0,0,0,0,0,0,0,0,0,0,0,0,0,0,0,0,0,0,0,0,0,0,.001020343,.001020343,.0061220587,.0061220587,.010203431,.0061220587,.0071424018,.0061220587,.0091830874,.0081627443,.011223774,.015305147,.018366175,.019386519,.018366175,.023467891,.038773037,.055098526,.056118868,.11733945,.13876666,.19284484,.22141445,.31936738,.40711689,.53568012,.66526371,.89280021,1.1060519,1.2835916,1.4254193,1.8845737,2.3365858,3.0079715,3.2793827,3.7242522,3.768127,3.771188,4.4027805,5.1792617,5.810854,5.9832921,5.8843188,5.6537209,5.0425358,5.4782219,6.4342837,9.5789814,10.843697
Uzbekistan,UZB,Asia,Central Asia,,,,,Asia,https://www.countryflags.io/uz/flat/64.png,32955400,32.955399,0,0,0,0,0,0,0,0,0,0,0,0,0,0,0,0,0,0,0,0,0,0,0,0,0,0,0,0,0,0,0,0,0,0,0,0,0,0,0,0,0,0,0,0,0,0,0,0,0,0,0,0,0,0,0,0,0,0,0,0,0,0,0,.010114681,.020229362,.020229362,.010114681,0,0,0,0,0,0,0,0,.010114681,.010114681,.010114681,.010114681,.010114681,.010114681,0,0,0,0
Venezuela,VEN,Americas,Latin America and the Caribbean,South America,1,1,1,Americas,https://www.countryflags.io/ve/flat/64.png,28870195,28.870195,0,0,0,0,0,0,0,0,0,0,0,0,0,0,0,0,0,0,0,0,0,0,0,0,0,0,0,0,0,0,0,0,0,0,0,0,0,0,0,0,0,0,0,0,0,0,0,0,0,0,0,0,0,0,0,0,0,0,0,0,0,0,0,.011545933,.023091866,.023091866,.023091866,.011545933,.011545933,.023091866,.046183731,.046183731,.023091866,0,0,.023091866,.023091866,.023091866,0,0,0,0,0,0,0
Vietnam,VNM,Asia,South-eastern Asia,,,,,Asia,https://www.countryflags.io/vn/flat/64.png,95540395,95.540398,0,0,0,0,0,0,0,0,0,0,0,0,0,0,0,0,0,0,0,0,0,0,0,0,0,0,0,0,0,0,0,0,0,0,0,0,0,0,0,0,0,0,0,0,0,0,0,0,0,0,0,0,0,0,0,0,0,0,0,0,0,0,0,0,0,0,0,0,0,0,0,0,0,0,0,0,0,0,0,0,0,0,0,0,0
Kosovo,XKX,Europe,,,,,,,,1845300,1.8453,0,0,0,0,0,0,0,0,0,0,0,0,0,0,0,0,0,0,0,0,0,0,0,0,0,0,0,0,0,0,0,0,0,0,0,0,0,0,0,0,0,0,0,0,0,0,0,0,0,0,0,0,0,0,0,0,0,0,0,0,0,0,.1806391,.1806391,.1806391,0,0,0,0,0,0,0,0,0,.54191732,.72255641,.72255641,.54191732,.36127821,.36127821,0,.1806391,.1806391,.72255641,.81287599
Yemen,YEM,Asia,Western Asia,,,,,,,28498687,28.498688,0,0,0,0,0,0,0,0,0,0,0,0,0,0,0,0,0,0,0,0,0,0,0,0,0,0,0,0,0,0,0,0,0,0,0,0,0,0,0,0,0,0,0,0,0,0,0,0,0,0,0,0,0,0,0,0,0,0,0,0,0,0,0,0,0,0,0,0,0,0,0,0,0,0,0,0,0,0,0,0,0,0,0,0,0
South Africa,ZAF,Africa,Sub-Saharan Africa,Southern Africa,,,,Africa,https://www.countryflags.io/za/flat/64.png,57779622,57.779621,0,0,0,0,0,0,0,0,0,0,0,0,0,0,0,0,0,0,0,0,0,0,0,0,0,0,0,0,0,0,0,0,0,0,0,0,0,0,0,0,0,0,0,0,0,0,0,0,0,0,0,0,0,0,0,0,0,0,0,0,0,0,0,.0057690465,.0057690465,.011538093,.011538093,.023076186,.01730714,.011538093,.023076186,.023076186,.03461428,.01730714,.023076186,.040383328,.03461428,.063459516,.040383328,.040383328,.01730714,.011538093,.05192142,.12114998,.18172497
Zambia,ZMB,Africa,Sub-Saharan Africa,Eastern Africa,,,,Africa,https://www.countryflags.io/zm/flat/64.png,17351822,17.351822,0,0,0,0,0,0,0,0,0,0,0,0,0,0,0,0,0,0,0,0,0,0,0,0,0,0,0,0,0,0,0,0,0,0,0,0,0,0,0,0,0,0,0,0,0,0,0,0,0,0,0,0,0,0,0,0,0,0,0,0,0,0,0,0,0,0,0,0,0,.019210279,.019210279,.019210279,0,0,0,0,0,.019210279,.019210279,.019210279,0,0,0,0,0
Zimbabwe,ZWE,Africa,Sub-Saharan Africa,Eastern Africa,,,,Africa,https://www.countryflags.io/zw/flat/64.png,14439018,14.439018,0,0,0,0,0,0,0,0,0,0,0,0,0,0,0,0,0,0,0,0,0,0,0,0,0,0,0,0,0,0,0,0,0,0,0,0,0,0,0,0,0,0,0,0,0,0,0,0,0,0,0,0,0,0,0,0,0,0,0,.023085596,.023085596,.023085596,0,0,0,0,0,0,0,0,0,0,0,0,.023085596,.046171192,.046171192,.023085596,0,0,0,0,0,0,0
