Country,ISO3,region,subregion,intermediateregion,lac,lac_main,idb,region_map,image,Population total,population_million,1/23/2020,1/24/2020,1/25/2020,1/26/2020,1/27/2020,1/28/2020,1/29/2020,1/30/2020,1/31/2020,2/1/2020,2/2/2020,2/3/2020,2/4/2020,2/5/2020,2/6/2020,2/7/2020,2/8/2020,2/9/2020,2/10/2020,2/11/2020,2/12/2020,2/13/2020,2/14/2020,2/15/2020,2/16/2020,2/17/2020,2/18/2020,2/19/2020,2/20/2020,2/21/2020,2/22/2020,2/23/2020,2/24/2020,2/25/2020,2/26/2020,2/27/2020,2/28/2020,2/29/2020,3/1/2020,3/2/2020,3/3/2020,3/4/2020,3/5/2020,3/6/2020,3/7/2020,3/8/2020,3/9/2020,3/10/2020,3/11/2020,3/12/2020,3/13/2020,3/14/2020,3/15/2020,3/16/2020,3/17/2020,3/18/2020,3/19/2020,3/20/2020,3/21/2020,3/22/2020,3/23/2020,3/24/2020,3/25/2020,3/26/2020,3/27/2020,3/28/2020,3/29/2020,3/30/2020,3/31/2020,4/1/2020,4/2/2020,4/3/2020,4/4/2020,4/5/2020,4/6/2020,4/7/2020,4/8/2020,4/9/2020,4/10/2020,4/11/2020,4/12/2020,4/13/2020,4/14/2020,4/15/2020,4/16/2020,4/17/2020
Zimbabwe,ZWE,Africa,Sub-Saharan Africa,Eastern Africa,.,.,.,Africa,https://www.countryflags.io/zw/flat/64.png,14439018,14.43901825,0,0,0,0,0,0,0,0,0,0,0,0,0,0,0,0,0,0,0,0,0,0,0,0,0,0,0,0,0,0,0,0,0,0,0,0,0,0,0,0,0,0,0,0,0,0,0,0,0,0,0,0,0,0,0,0,0,0,0,0,0,0,0,0,0,0,0,0,0,0,0,0,0,0,0,0,0,0,0,0,0,0,.023085596,.023085596,.0461711921,.0346283913
Zambia,ZMB,Africa,Sub-Saharan Africa,Eastern Africa,.,.,.,Africa,https://www.countryflags.io/zm/flat/64.png,17351822,17.3518219,0,0,0,0,0,0,0,0,0,0,0,0,0,0,0,0,0,0,0,0,0,0,0,0,0,0,0,0,0,0,0,0,0,0,0,0,0,0,0,0,0,0,0,0,0,0,0,0,0,0,0,0,0,0,0,0,0,0,0,0,0,0,0,0,0,0,0,0,0,0,.038420558,.038420558,.057630837,.057630837,.0960513949,.076841116,.3649953008,.3457850218,.4034158587,.1152616739,.0960513949,.038420558,0,0,0,0
South Africa,ZAF,Africa,Sub-Saharan Africa,Southern Africa,.,.,.,Africa,https://www.countryflags.io/za/flat/64.png,57779622,57.77962112,0,0,0,0,0,0,0,0,0,0,0,0,0,0,0,0,0,0,0,0,0,0,0,0,0,0,0,0,0,0,0,0,0,0,0,0,0,0,0,0,0,0,0,0,0,0,0,0,0,0,0,0,0,0,0,0,0,0,0,0,.023076186,.0692285597,.0692285597,.1557642668,.1096118912,.1096118912,0,0,.1096118912,.1096118912,.3692189753,.2596071064,.2596071064,0,0,0,0,1.817249656,1.817249656,1.817249656,0,0,0,2.844140053,2.844140053,4.266210079
Yemen,YEM,Asia,Western Asia,,.,.,.,,,28498687,28.49868774,0,0,0,0,0,0,0,0,0,0,0,0,0,0,0,0,0,0,0,0,0,0,0,0,0,0,0,0,0,0,0,0,0,0,0,0,0,0,0,0,0,0,0,0,0,0,0,0,0,0,0,0,0,0,0,0,0,0,0,0,0,0,0,0,0,0,0,0,0,0,0,0,0,0,0,0,0,0,0,0,0,0,0,0,0,0
Kosovo,XKX,Europe,,,.,.,.,,,1845300,1.845299959,0,0,0,0,0,0,0,0,0,0,0,0,0,0,0,0,0,0,0,0,0,0,0,0,0,0,0,0,0,0,0,0,0,0,0,0,0,0,0,0,0,0,0,0,0,0,0,0,0,0,0,0,0,0,0,0,0,0,0,0,0,0,0,.1806391031,.1806391031,.1806391031,0,.9031955004,1.625751972,1.625751972,.7225564122,1.083834648,2.348308325,2.348308325,1.445112824,1.264473677,1.264473677,5.057894707,5.057894707,5.057894707,1.083834648,1.445112824,1.445112824,3.793421268,3.251503944,4.877255917
Vietnam,VNM,Asia,South-eastern Asia,,.,.,.,Asia,https://www.countryflags.io/vn/flat/64.png,95540395,95.54039764,0,0,0,0,0,0,0,0,.0034889255,.0034889255,.0034889255,0,0,0,0,0,0,0,.0174446274,.0174446274,.0209335536,.0034889255,.0034889255,0,0,0,0,0,.0244224779,.0244224779,.0244224779,0,.006977851,.006977851,.006977851,0,0,0,0,0,0,0,0,0,0,0,0,0,0,0,0,0,0,0,0,0,0,.0034889255,.0034889255,.0034889255,0,0,.0104667768,.0104667768,.0139557021,.0174446274,.1221123934,.1290902495,.1325791776,.0697785094,.0942009911,.0942009911,.0523338839,.0348892547,.1151345447,.1256013215,.1151345447,.0732674375,.0628006607,.0558228083,.006977851,.0872231349,.0942009911,.1081566885,.1011788398,.1413014829
Venezuela,VEN,Americas,Latin America and the Caribbean,South America,1,1,1,Americas,https://www.countryflags.io/ve/flat/64.png,28870195,28.87019539,0,0,0,0,0,0,0,0,0,0,0,0,0,0,0,0,0,0,0,0,0,0,0,0,0,0,0,0,0,0,0,0,0,0,0,0,0,0,0,0,0,0,0,0,0,0,0,0,0,0,0,0,0,0,0,0,0,0,.1731889844,.1731889844,.1731889844,0,0,.1847349256,.277102381,.277102381,.0923674628,0,.0230918657,.0461837314,.1500971317,.1270052642,.1039133966,.1500971317,.1500971317,.1500971317,.2193727195,.2193727195,.3232861161,.1039133966,.3001942635,.196280852,.2078267932,.0115459329,.0115459329,0
Uzbekistan,UZB,Asia,Central Asia,,.,.,.,Asia,https://www.countryflags.io/uz/flat/64.png,32955400,32.95539856,0,0,0,0,0,0,0,0,0,0,0,0,0,0,0,0,0,0,0,0,0,0,0,0,0,0,0,0,0,0,0,0,0,0,0,0,0,0,0,0,0,0,0,0,0,0,0,0,0,0,0,0,0,0,0,0,0,0,0,0,0,0,0,.0505734049,.0505734049,.0708027631,.020229362,.020229362,.0505734049,.1820642501,.1820642501,.1314908415,.0505734049,.0505734049,.0505734049,0,.0809174478,.1213761717,.1213761717,.2832110524,.4349312782,.5765367746,.4147019088,.445045948,.5765367746,.7434290051
United States,USA,Americas,Northern America,,.,.,.,Americas,https://www.countryflags.io/us/flat/64.png,326687501,326.6875,0,0,0,0,0,0,0,0,0,0,0,0,0,0,0,0,.0030610294,.0030610294,.0030610294,0,0,0,0,0,0,0,0,0,.0020406861,.0020406861,.0020406861,0,.001020343,.001020343,.001020343,.001020343,.001020343,.001020343,0,0,0,0,0,0,0,0,.001020343,.001020343,.0051017157,.0040813722,.0040813722,0,.0051017157,.0051017157,.0948919058,.1061156839,.1326446086,.072444357,.0581595562,.0316306353,.1754990071,.1867227852,.5132325888,.5315987468,.7254639268,2.024360657,4.872138023,6.07308197,5.927173138,3.425291777,2.737580538,6.303679466,8.61883831,10.07486725,7.25565958,6.235316753,5.947579861,7.169950962,7.867865562,7.732160091,14.99088097,16.82851791,19.49671555,11.44927025,11.00133896,9.870288849
Uruguay,URY,Americas,Latin America and the Caribbean,South America,1,1,1,Americas,https://www.countryflags.io/uy/flat/64.png,3449299,3.449299097,0,0,0,0,0,0,0,0,0,0,0,0,0,0,0,0,0,0,0,0,0,0,0,0,0,0,0,0,0,0,0,0,0,0,0,0,0,0,0,0,0,0,0,0,0,0,0,0,0,0,0,0,0,0,0,0,0,0,0,0,0,0,0,0,0,0,0,3.962157726,3.962157726,5.991555214,2.60922575,5.025175571,2.995777607,3.478967667,5.508365631,5.508365631,8.504142761,5.411727428,6.184831619,3.768881559,2.415949821,3.285691738,2.802501678,5.315089703,3.672243595,3.768881559
Ukraine,UKR,Europe,Eastern Europe,,.,.,.,Europe,https://www.countryflags.io/ua/flat/64.png,44622516,44.62251663,0,0,0,0,0,0,0,0,0,0,0,0,0,0,0,0,0,0,0,0,0,0,0,0,0,0,0,0,0,0,0,0,0,0,0,0,0,0,0,0,0,0,0,0,0,0,0,0,0,0,0,0,0,0,0,0,0,.0074700704,.0074700704,.0074700704,0,0,0,.0298802815,.0298802815,.0373503529,.0224102102,.0373503529,.0522904918,.0821707696,.0896408409,.0896408409,.0672306344,.0448204204,.0224102102,.0522904918,.1269911975,.2465123236,.3286830783,.3286830783,.2689225376,.2988028228,.4033837914,.6648362279,.9486989379,1.15412581
Uganda,UGA,Africa,Sub-Saharan Africa,Eastern Africa,.,.,.,Africa,https://www.countryflags.io/ug/flat/64.png,42723139,42.72314072,0,0,0,0,0,0,0,0,0,0,0,0,0,0,0,0,0,0,0,0,0,0,0,0,0,0,0,0,0,0,0,0,0,0,0,0,0,0,0,0,0,0,0,0,0,0,0,0,0,0,0,0,0,0,0,0,0,0,0,0,0,0,0,0,0,0,0,0,0,0,0,0,0,0,0,0,0,0,.0312086921,.0312086921,.0546152107,.0312086921,.0624173842,.101428248,.0936260745,.0936260745
Tanzania,TZA,Africa,Sub-Saharan Africa,Eastern Africa,.,.,.,Africa,https://www.countryflags.io/tz/flat/64.png,56318348,56.31834793,0,0,0,0,0,0,0,0,0,0,0,0,0,0,0,0,0,0,0,0,0,0,0,0,0,0,0,0,0,0,0,0,0,0,0,0,0,0,0,0,0,0,0,0,0,0,0,0,0,0,0,0,0,0,0,0,0,0,0,0,0,0,0,.0059187342,.0059187342,.0059187342,0,0,0,.0059187342,.0118374685,.0118374685,.0059187342,0,.0118374685,.0118374685,.0118374685,0,0,0,.0118374685,.0118374685,.0355124064,.023674937,.023674937,0
Turkey,TUR,Asia,Western Asia,,.,.,.,Asia,https://www.countryflags.io/tr/flat/64.png,82319724,82.31972504,0,0,0,0,0,0,0,0,0,0,0,0,0,0,0,0,0,0,0,0,0,0,0,0,0,0,0,0,0,0,0,0,0,0,0,0,0,0,0,0,0,0,0,0,0,0,0,0,0,0,0,0,0,0,0,0,0,0,0,0,0,.1052805558,.1052805558,.1700685918,.1781671047,.3198909163,.4859102666,.7005206347,.9232295156,1.024460793,.9758697748,1.834311247,2.538881063,3.40947032,3.223204851,3.255598783,3.30418992,3.405421257,4.531113148,5.2802248,6.211553097,7.426328659,9.021734238,12.68225765,15.51673508,17.96045876
Tunisia,TUN,Africa,Northern Africa,,.,.,.,Africa,https://www.countryflags.io/tn/flat/64.png,11565204,11.56520367,0,0,0,0,0,0,0,0,0,0,0,0,0,0,0,0,0,0,0,0,0,0,0,0,0,0,0,0,0,0,0,0,0,0,0,0,0,0,0,0,0,0,0,0,0,0,0,0,0,0,0,0,0,0,0,0,0,0,.0288220886,.0288220886,.0288220886,.0288220886,.0288220886,.0288220886,0,0,.0288220886,.0288220886,.0864662677,.0576441772,.0576441772,0,0,0,.5764417648,.5764417648,.5764417648,0,.518797636,.518797636,.518797636,0,0,0,0,0
Trinidad and Tobago,TTO,Americas,Latin America and the Caribbean,Caribbean,1,3,1,Americas,https://www.countryflags.io/tt/flat/64.png,1389858,1.389858007,0,0,0,0,0,0,0,0,0,0,0,0,0,0,0,0,0,0,0,0,0,0,0,0,0,0,0,0,0,0,0,0,0,0,0,0,0,0,0,0,0,0,0,0,0,0,0,0,0,0,0,0,0,0,0,0,0,.2398326546,.2398326546,.2398326546,-.2398326546,-.2398326546,-.2398326546,.2398326546,.2398326546,.2398326546,0,0,0,0,0,0,0,0,0,0,0,0,2.638159275,3.597489834,3.597489834,1.199163318,.7194979787,.9593306184,.7194979787,.3597489893
Timor-Leste,TLS,Asia,South-eastern Asia,,.,.,.,Asia,https://www.countryflags.io/tl/flat/64.png,1267972,1.267971992,0,0,0,0,0,0,0,0,0,0,0,0,0,0,0,0,0,0,0,0,0,0,0,0,0,0,0,0,0,0,0,0,0,0,0,0,0,0,0,0,0,0,0,0,0,0,0,0,0,0,0,0,0,0,0,0,0,0,0,0,0,0,0,0,0,0,0,0,0,0,0,0,0,0,0,0,0,.2628869712,.2628869712,.2628869712,0,0,0,0,0,0
Thailand,THA,Asia,South-eastern Asia,,.,.,.,Asia,https://www.countryflags.io/th/flat/64.png,69428524,69.4285202,0,0,.0096022021,.0096022021,.0240055043,.0144033032,.0144033032,0,0,0,0,0,0,0,0,.0240055043,.0240055043,.0240055043,0,0,.0096022021,.0096022021,.0096022021,.0096022021,.0144033032,.0144033032,.0048011011,0,.0096022021,.0096022021,.0288066063,.0192044042,.0240055043,.0048011011,.0048011011,.0288066063,.0288066063,.0288066063,.0144033032,.0144033032,.0144033032,0,0,0,0,0,.0096022021,.0144033032,.0144033032,.0096022021,.0048011011,.0048011011,0,.0288066063,.0336077064,.0336077064,.0048011011,0,.0096022021,.0096022021,.0480110087,.1248286217,.2112484425,.2160495371,.1296297312,.0432099067,.6337453127,1.17626977,1.958849192,1.325103879,1.296297312,.8113860488,1.382717013,.8689992428,1.027435541,.4561045766,.7057618499,.6001375914,1.185871959,1.334706068,1.320302725,1.296297312,1.339507103,1.464335799,1.363512635,1.382717013
Togo,TGO,Africa,Sub-Saharan Africa,Western Africa,.,.,.,Africa,https://www.countryflags.io/tg/flat/64.png,7889094,7.889093876,0,0,0,0,0,0,0,0,0,0,0,0,0,0,0,0,0,0,0,0,0,0,0,0,0,0,0,0,0,0,0,0,0,0,0,0,0,0,0,0,0,0,0,0,0,0,0,0,0,0,0,0,0,0,0,0,.0422524214,.0422524214,.0422524214,0,0,0,0,0,0,0,0,.3802718222,.3802718222,.6760387421,.2957669497,.2957669497,.1267572641,.2535145283,.2535145283,.1267572641,.0422524214,.0845048428,.0845048428,.2112621218,.1690096855,.2957669497,.2535145283,.6760387421,.6760387421,.8239222765
Chad,TCD,Africa,Sub-Saharan Africa,Middle Africa,.,.,.,Africa,https://www.countryflags.io/td/flat/64.png,15477751,15.47775078,0,0,0,0,0,0,0,0,0,0,0,0,0,0,0,0,0,0,0,0,0,0,0,0,0,0,0,0,0,0,0,0,0,0,0,0,0,0,0,0,0,0,0,0,0,0,0,0,0,0,0,0,0,0,0,0,0,0,0,0,0,0,0,0,0,0,0,0,0,0,0,0,0,0,.0430725813,.0430725813,.0430725813,0,0,0,0,0,0,.0646088719,.0646088719,.0969133079
Syria,SYR,Asia,Western Asia,,.,.,.,Asia,https://www.countryflags.io/sy/flat/64.png,16906283,16.90628242,0,0,0,0,0,0,0,0,0,0,0,0,0,0,0,0,0,0,0,0,0,0,0,0,0,0,0,0,0,0,0,0,0,0,0,0,0,0,0,0,0,0,0,0,0,0,0,0,0,0,0,0,0,0,0,0,0,0,0,0,0,0,0,0,0,0,0,0,0,0,0,.0394330733,.0394330733,.0394330733,.0197165366,.0394330733,.0394330733,.0197165366,.0197165366,.0197165366,.0197165366,0,0,0,0,0
Eswatini,SWZ,Africa,Sub-Saharan Africa,Southern Africa,.,.,.,Africa,https://www.countryflags.io/sz/flat/64.png,1136191,1.13619101,0,0,0,0,0,0,0,0,0,0,0,0,0,0,0,0,0,0,0,0,0,0,0,0,0,0,0,0,0,0,0,0,0,0,0,0,0,0,0,0,0,0,0,0,0,0,0,0,0,0,0,0,0,0,0,0,0,0,0,0,0,0,0,0,0,0,0,0,0,0,0,0,0,1.173511624,1.173511624,2.053645372,.8801336884,.8801336884,0,0,0,.2933779061,.2933779061,.2933779061,0,0
Sweden,SWE,Europe,Northern Europe,,.,.,.,Europe,https://www.countryflags.io/se/flat/64.png,10175214,10.17521381,0,0,0,0,0,0,0,0,0,0,0,0,0,0,0,0,0,0,0,0,0,0,0,0,0,0,0,0,0,0,0,0,0,0,0,0,0,0,0,0,0,0,0,0,0,.0327593461,.0327593461,.0327593461,0,0,0,0,0,0,0,.4913901687,.4913901687,.4913901687,0,0,0,0,0,0,0,0,0,0,2.850062847,2.850062847,6.191515923,3.341453075,3.341453075,0,0,0,0,5.76564455,5.76564455,5.76564455,0,0,0,5.536329269,5.536329269,8.304493904
Slovenia,SVN,Europe,Southern Europe,,.,.,.,Europe,https://www.countryflags.io/si/flat/64.png,2073894,2.073894024,0,0,0,0,0,0,0,0,0,0,0,0,0,0,0,0,0,0,0,0,0,0,0,0,0,0,0,0,0,0,0,0,0,0,0,0,0,0,0,0,0,0,0,0,0,0,0,0,0,0,0,0,0,0,0,0,0,0,0,0,0,1.6072824,1.6072824,1.6072824,0,0,0,0,0,9.643693924,9.643693924,11.09024811,1.446554184,5.143303394,3.696749449,6.589857578,4.178934097,5.625488281,4.50039053,3.536021233,2.410923481,.6429129243,2.410923481,3.536021233,3.536021233,2.169831276
Slovakia,SVK,Europe,Eastern Europe,,.,.,.,Europe,https://www.countryflags.io/sk/flat/64.png,5446771,5.446771145,0,0,0,0,0,0,0,0,0,0,0,0,0,0,0,0,0,0,0,0,0,0,0,0,0,0,0,0,0,0,0,0,0,0,0,0,0,0,0,0,0,0,0,0,0,0,0,0,0,0,0,0,0,0,0,0,0,0,.4283883572,.4283883572,.4283883572,0,-.3059916794,-.3059916794,-.3059916794,0,.3059916794,.0611983351,.0611983351,-.1223966703,.4283883572,.4283883572,.3059916794,-.1223966703,.1835950166,.3671900332,.9179750681,.6119833589,.4283883572,0,5.140660286,5.50785017,7.833386898,3.671900272,3.79429698,2.20314002
Suriname,SUR,Americas,Latin America and the Caribbean,South America,1,1,1,Americas,https://www.countryflags.io/sr/flat/64.png,575991,.5759909749,0,0,0,0,0,0,0,0,0,0,0,0,0,0,0,0,0,0,0,0,0,0,0,0,0,0,0,0,0,0,0,0,0,0,0,0,0,0,0,0,0,0,0,0,0,0,0,0,0,0,0,0,0,0,0,0,0,0,0,0,0,0,0,0,0,0,0,0,0,0,0,0,0,0,0,1.736138344,2.314851046,2.314851046,.5787127614,0,1.157425523,1.157425523,1.157425523,0,0,0
South Sudan,SSD,Africa,Sub-Saharan Africa,Eastern Africa,.,.,.,Africa,https://www.countryflags.io/ss/flat/64.png,10975920,10.97591972,0,0,0,0,0,0,0,0,0,0,0,0,0,0,0,0,0,0,0,0,0,0,0,0,0,0,0,0,0,0,0,0,0,0,0,0,0,0,0,0,0,0,0,0,0,0,0,0,0,0,0,0,0,0,0,0,0,0,0,0,0,0,0,0,0,0,0,0,0,0,0,0,0,0,0,0,0,0,0,0,0,0,0,0,0,0
Serbia,SRB,Europe,Southern Europe,,.,.,.,Europe,https://www.countryflags.io/rs/flat/64.png,6982604,6.982604027,0,0,0,0,0,0,0,0,0,0,0,0,0,0,0,0,0,0,0,0,0,0,0,0,0,0,0,0,0,0,0,0,0,0,0,0,0,0,0,0,0,0,0,0,0,0,0,0,0,0,0,0,.0477376841,.0477376841,.0477376841,0,0,0,0,0,.66832757,.66832757,-.0477376841,-.716065228,-.716065228,0,0,0,0,0,0,0,0,0,0,0,0,0,0,0,0,0,0,0,25.49192238,38.23788452
Somalia,SOM,Africa,Sub-Saharan Africa,Eastern Africa,.,.,.,Africa,https://www.countryflags.io/so/flat/64.png,15008154,15.00815392,0,0,0,0,0,0,0,0,0,0,0,0,0,0,0,0,0,0,0,0,0,0,0,0,0,0,0,0,0,0,0,0,0,0,0,0,0,0,0,0,0,0,0,0,0,0,0,0,0,0,0,0,0,0,0,0,0,0,0,0,0,0,0,0,0,0,0,.0222101491,.0222101491,.0222101491,0,0,0,0,0,0,0,0,0,.0222101491,.0222101491,.0222101491,0,0,0,0
El Salvador,SLV,Americas,Latin America and the Caribbean,Central America,1,2,1,Americas,https://www.countryflags.io/sv/flat/64.png,6420744,6.420743942,0,0,0,0,0,0,0,0,0,0,0,0,0,0,0,0,0,0,0,0,0,0,0,0,0,0,0,0,0,0,0,0,0,0,0,0,0,0,0,0,0,0,0,0,0,0,0,0,0,0,0,0,0,0,0,0,0,0,0,0,0,0,0,0,0,0,0,0,0,0,0,.1038301289,.1038301289,.2595753074,.1557451934,.3634054363,.4672355652,.5191506147,.5191506147,.3634054363,.3634054363,.3114903867,.4672355652,.5710657239,.674895823,.6229807734
Sierra Leone,SLE,Africa,Sub-Saharan Africa,Western Africa,.,.,.,Africa,https://www.countryflags.io/sl/flat/64.png,7650154,7.650154114,0,0,0,0,0,0,0,0,0,0,0,0,0,0,0,0,0,0,0,0,0,0,0,0,0,0,0,0,0,0,0,0,0,0,0,0,0,0,0,0,0,0,0,0,0,0,0,0,0,0,0,0,0,0,0,0,0,0,0,0,0,0,0,0,0,0,0,0,0,0,0,0,0,0,0,0,0,0,0,0,0,0,0,0,0,0
Singapore,SGP,Asia,South-eastern Asia,,.,.,.,Asia,https://www.countryflags.io/sg/flat/64.png,5638676,5.638676167,0,0,0,0,0,0,0,0,0,0,0,0,0,0,0,.1182310581,.1182310581,.1182310581,.4138087034,.7685018778,.7685018778,.4729242325,.1773465872,.1773465872,.4138087034,.6502708197,.945848465,.5911552906,.4729242325,.1773465872,1.004963994,.8276174068,.945848465,.6502708197,.6502708197,.5320397615,.5911552906,.5911552906,.945848465,.3546931744,.3546931744,0,0,0,0,0,0,1.064079523,1.064079523,1.123195052,.5320397615,.5320397615,.7093863487,.5320397615,.5320397615,.2955776453,.5911552906,1.537003756,1.773465872,1.182310581,.945848465,.945848465,1.655234814,1.596119285,2.246390104,2.364621162,2.660198927,2.482852221,1.950812459,2.246390104,2.482852221,3.074007511,3.192238569,3.665162802,4.729242325,5.083935738,6.857401371,6.798285961,7.212094784,5.911552906,5.55685997,4.906589031,5.438628674,5.734206676,5.734206676,4.965704441
Senegal,SEN,Africa,Sub-Saharan Africa,Western Africa,.,.,.,Africa,https://www.countryflags.io/sn/flat/64.png,15854360,15.85435963,0,0,0,0,0,0,0,0,0,0,0,0,0,0,0,0,0,0,0,0,0,0,0,0,0,0,0,0,0,0,0,0,0,0,0,0,0,0,0,0,0,0,0,0,.0210247114,.0210247114,.0210247114,0,0,0,0,0,.0210247114,.0210247114,.0210247114,0,0,.0630741343,.0630741343,.0630741343,.0630741343,.0840988457,.0840988457,.0630741343,.1892223954,.3784447908,.3363953829,.4625436366,.3784447908,.5886918902,.5466424823,.5676671863,.5676671863,.5466424823,.6938154697,.6517660618,.6517660618,.6727907658,.8199637532,1.009186149,.8620131612,.6517660618,.3994695246,.3363953829,.3153706789,.2522965372
Sudan,SDN,Africa,Northern Africa,,.,.,.,Africa,https://www.countryflags.io/sd/flat/64.png,41801533,41.80153275,0,0,0,0,0,0,0,0,0,0,0,0,0,0,0,0,0,0,0,0,0,0,0,0,0,0,0,0,0,0,0,0,0,0,0,0,0,0,0,0,0,0,0,0,0,0,0,0,0,0,0,0,0,0,0,0,0,0,0,0,0,0,0,0,0,0,0,.0079741897,.0159483794,.0159483794,.0079741897,0,0,0,0,0,0,0,0,0,.0159483794,.0159483794,.0159483794,0,0,0
Saudi Arabia,SAU,Asia,Western Asia,,.,.,.,Asia,https://www.countryflags.io/sa/flat/64.png,33699947,33.69994736,0,0,0,0,0,0,0,0,0,0,0,0,0,0,0,0,0,0,0,0,0,0,0,0,0,0,0,0,0,0,0,0,0,0,0,0,0,0,0,0,0,0,0,0,0,0,.009891212,.009891212,.009891212,0,0,0,.009891212,.0494560599,.0494560599,.0395648479,.019782424,.0989121199,.0989121199,.0791296959,.1186945438,.1285857558,.1681506038,.0692384839,.0791296959,.3264099956,.7912969589,1.266075134,1.958459973,2.106828213,1.839765429,1.54302907,1.582593918,1.978242517,1.928786397,1.414443374,1.137489438,.6923848391,.8803178668,.9396651387,1.186945438,1.671614885,1.681506038,1.829874277,1.582593918,1.750744581
Rwanda,RWA,Africa,Sub-Saharan Africa,Eastern Africa,.,.,.,Africa,https://www.countryflags.io/rw/flat/64.png,12301939,12.30193901,0,0,0,0,0,0,0,0,0,0,0,0,0,0,0,0,0,0,0,0,0,0,0,0,0,0,0,0,0,0,0,0,0,0,0,0,0,0,0,0,0,0,0,0,0,0,0,0,0,0,0,0,0,0,0,0,0,0,0,0,0,0,0,0,0,0,0,0,0,0,0,0,.1083839983,.1083839983,.1896719933,.081287995,.081287995,0,.2980560064,.4877279997,.9483599663,.8399760127,.7857840061,.4877279997,.4335359931,.4470839798
Russia,RUS,Europe,Eastern Europe,,.,.,.,Europe,https://www.countryflags.io/ru/flat/64.png,144478050,144.4780426,0,0,0,0,0,0,0,0,0,0,0,0,0,0,0,0,0,0,0,.0046143113,.0046143113,.0046143113,0,0,0,0,0,0,0,0,0,0,0,0,0,0,0,0,0,0,0,0,0,0,.0023071556,.0023071556,.0023071556,0,0,0,.0115357786,.0115357786,.0115357786,0,0,.0023071556,.0023071556,.0092286225,.016150089,.016150089,.0230715573,.0299930237,.050757423,.053064581,.0461431146,.0599860474,.0484502688,.1661152095,.2907015979,.3899092972,.3691449165,.3299232721,.2768586874,.2883944511,.3714520633,.519110024,.673689425,.6944538355,1.072827339,1.36814332,1.557330012,1.497344017,1.603473186,1.924167871,2.06721139,2.090282917
Romania,ROU,Europe,Eastern Europe,,.,.,.,Europe,https://www.countryflags.io/ro/flat/64.png,19466145,19.46614456,0,0,0,0,0,0,0,0,0,0,0,0,0,0,0,0,0,0,0,0,0,0,0,0,0,0,0,0,0,0,0,0,0,0,0,0,0,0,0,0,.0171237476,.0171237476,.0171237476,.0342474952,.0342474952,.0342474952,0,.0513712391,.0513712391,.0684949905,.0513712391,.0513712391,.0342474952,.1198662296,.1712374687,.2739799619,.1541137248,.5650836229,.6678261161,.6678261161,.4623411596,.3767224252,.5137124062,.6164548993,.9075585604,1.917859674,1.609632254,1.387023449,.787692368,.9931772947,1.078796029,1.318528533,1.832240939,2.106220961,2.243210793,2.637057066,4.126822948,4.606287956,3.938461781,3.510368109,3.167893171,5.01725769,6.250167847,7.585819721,7.825552464,7.474515438
Qatar,QAT,Asia,Western Asia,,.,.,.,Asia,https://www.countryflags.io/qa/flat/64.png,2781677,2.781677008,0,0,0,0,0,0,0,0,0,0,0,0,0,0,0,0,0,0,0,0,0,0,0,0,0,0,0,0,0,0,0,0,0,0,0,0,0,0,0,0,0,0,0,0,0,0,0,0,0,0,.479327172,.479327172,.479327172,0,0,0,.7189907432,2.756131172,3.475121975,2.756131172,1.677645087,.9586543441,1.198317885,.239663586,.479327172,.5991589427,.9586543441,2.037140369,2.756131172,2.516467571,3.714785576,4.553607941,6.111421108,4.553607941,4.91310358,6.59074831,8.987383842,9.22704792,8.268393517,8.268393517,12.82200146,15.09880543,15.69796467,9.706375122,10.90469265,10.42536545
French Polynesia,PYF,Oceania,Polynesia,,.,.,.,Oceania,https://www.countryflags.io/pf/flat/64.png,277679,.2776789963,0,0,0,0,0,0,0,0,0,0,0,0,0,0,0,0,0,0,0,0,0,0,0,0,0,0,0,0,0,0,0,0,0,0,0,0,0,0,0,0,0,0,0,0,0,0,0,0,0,0,0,0,0,0,0,0,0,0,0,0,0,0,0,0,0,0,0,0,0,0,0,0,0,0,0,0,0,0,0,0,0,0,0,0,0,0
West Bank and Gaza,PSE,Asia,,,.,.,.,Asia,https://www.countryflags.io/ps/flat/64.png,4569087,4.569087029,0,0,0,0,0,0,0,0,0,0,0,0,0,0,0,0,0,0,0,0,0,0,0,0,0,0,0,0,0,0,0,0,0,0,0,0,0,0,0,0,0,0,0,0,0,0,0,0,0,0,0,0,0,0,0,0,1.240218639,1.240218639,1.240218639,0,0,0,0,0,.0729540363,.0729540363,.0729540363,0,0,0,.2188621014,.2188621014,.5106782317,.2188621014,1.532034755,1.386126637,1.459080696,.2188621014,.9484024644,1.021356463,.9484024644,.364770174,.364770174,.364770174,.5106782317,.6565862894
Paraguay,PRY,Americas,Latin America and the Caribbean,South America,1,1,1,Americas,https://www.countryflags.io/py/flat/64.png,6956071,6.9560709,0,0,0,0,0,0,0,0,0,0,0,0,0,0,0,0,0,0,0,0,0,0,0,0,0,0,0,0,0,0,0,0,0,0,0,0,0,0,0,0,0,0,0,0,0,0,0,0,0,0,0,0,0,0,0,0,0,0,0,0,0,0,0,.0479197726,.0479197726,.0479197726,0,0,0,.0479197726,.2395988554,.5271174908,.4791977108,.2875186205,.1437593102,.1437593102,.2875186205,.1437593102,.1437593102,.1916790903,.1916790903,.1916790903,.0479197726,.3833581805,.3833581805,.5031576157
Portugal,PRT,Europe,Southern Europe,,.,.,.,Europe,https://www.countryflags.io/pt/flat/64.png,10283822,10.28382206,0,0,0,0,0,0,0,0,0,0,0,0,0,0,0,0,0,0,0,0,0,0,0,0,0,0,0,0,0,0,0,0,0,0,0,0,0,0,0,0,0,0,0,0,0,0,0,0,0,.0324133709,.0648267418,.0648267418,.0648267418,.0324133709,.0324133709,0,.0648267418,.0648267418,.0648267418,0,.551027298,.551027298,1.23170805,.6806807518,.6806807518,0,0,0,0,.8103342652,.8103342652,1.037227869,.2268935889,2.333762646,3.533057451,3.922017813,2.106868982,1.588255167,2.268935919,2.333762646,1.42618835,2.625483036,3.435817242,7.001287937,5.575099468,6.612327576
Poland,POL,Europe,Eastern Europe,,.,.,.,Europe,https://www.countryflags.io/pl/flat/64.png,37974750,37.97475052,0,0,0,0,0,0,0,0,0,0,0,0,0,0,0,0,0,0,0,0,0,0,0,0,0,0,0,0,0,0,0,0,0,0,0,0,0,0,0,0,0,0,0,0,0,0,0,0,0,0,0,0,.1141109094,.1141109094,.1141109094,-.1053331494,-.1053331494,-.1053331494,0,0,0,.0526665747,.0526665747,.0526665747,0,0,0,0,.3511104882,.4301103652,.4301103652,.6056656241,.6846654415,.9304428101,.6583321691,.7724430561,1.07088697,1.114775777,1.34299767,1.360553145,1.48344183,2.132996321,2.010107517,2.51921773,2.176885128,2.606995344
Papua New Guinea,PNG,Oceania,Melanesia,,.,.,.,Oceania,https://www.countryflags.io/pg/flat/64.png,8606316,8.606315613,0,0,0,0,0,0,0,0,0,0,0,0,0,0,0,0,0,0,0,0,0,0,0,0,0,0,0,0,0,0,0,0,0,0,0,0,0,0,0,0,0,0,0,0,0,0,0,0,0,0,0,0,0,0,0,0,0,0,0,0,0,0,0,0,0,0,0,0,0,0,0,0,0,0,0,0,0,0,0,0,0,0,0,0,0,0
Philippines,PHL,Asia,South-eastern Asia,,.,.,.,Asia,https://www.countryflags.io/ph/flat/64.png,106651922,106.6519241,0,0,0,0,0,0,0,0,0,0,0,0,0,0,0,0,0,0,0,.0031254319,.0031254319,.0031254319,0,0,0,0,0,0,0,0,0,0,0,0,0,0,0,0,0,0,0,0,0,0,0,0,.0031254319,.0031254319,.0031254319,0,0,0,0,.0093762958,.0093762958,.0187525917,.0093762958,.0250034556,.0281288885,.0281288885,.0218780246,.0281288885,.0343797505,.0343797505,.0281288885,.0437560491,.0343797505,.0437560491,.0250034556,.0281288885,.0093762958,.0218780246,.0406306162,.0656340718,.0843866616,.1000138223,.1593970358,.1750241965,.1906513572,.2281565368,.3187940717,.4313096106,.487567395,.6032083631,.6000829339,.6282117963
Peru,PER,Americas,Latin America and the Caribbean,South America,1,1,1,Americas,https://www.countryflags.io/pe/flat/64.png,31989256,31.98925591,0,0,0,0,0,0,0,0,0,0,0,0,0,0,0,0,0,0,0,0,0,0,0,0,0,0,0,0,0,0,0,0,0,0,0,0,0,0,0,0,0,0,0,0,0,0,0,0,0,0,0,0,0,.010420165,.010420165,.010420165,0,0,0,0,0,0,.13546215,.1563024819,.1563024819,.02084033,.385546118,3.938822508,3.938822508,5.043359756,1.490083575,5.418486118,4.709914684,4.793275833,4.032603741,3.584536791,4.595293045,2.792604208,4.230587006,3.751259565,11.18083763,11.77478695,13.65041637,36.24133301,38.2628479,53.65864182
Panama,PAN,Americas,Latin America and the Caribbean,Central America,1,2,1,Americas,https://www.countryflags.io/pa/flat/64.png,4176873,4.176873207,0,0,0,0,0,0,0,0,0,0,0,0,0,0,0,0,0,0,0,0,0,0,0,0,0,0,0,0,0,0,0,0,0,0,0,0,0,0,0,0,0,0,0,0,0,0,0,0,0,0,0,0,0,0,0,0,0,0,0,0,.0798045099,.0798045099,.1596090198,.0798045099,.0798045099,.1596090198,.1596090198,.5586315989,.3990225792,.3990225792,.0798045099,.3192180395,.3192180395,.2394135445,.0798045099,.2394135445,.2394135445,.1596090198,.0798045099,.5586315989,1.037458658,3.511398554,3.910421133,3.671007633,2.952766895,3.112375975
Pakistan,PAK,Asia,Southern Asia,,.,.,.,Asia,https://www.countryflags.io/pk/flat/64.png,212215030,212.2150269,0,0,0,0,0,0,0,0,0,0,0,0,0,0,0,0,0,0,0,0,0,0,0,0,0,0,0,0,0,0,0,0,0,0,0,0,0,0,0,0,0,0,0,0,.0015707338,.0015707338,.0015707338,.0015707338,.0015707338,.0015707338,0,0,0,0,0,.0172780734,.0172780734,.0172780734,-.0125658708,-.0125658708,.0078536691,.0251317415,.0251317415,.0078536691,.0125658708,.0125658708,.0832488984,.0738244951,.102097705,.0769659579,.0785366967,.058117155,.1350831091,.2089076042,.4680787027,.4021078646,.4916397035,.4680787027,.4633665085,.7162546515,.5780300498,.967572093,.6565667391,.8639036417,.6078740358,.7515961528
Oman,OMN,Asia,Western Asia,,.,.,.,Asia,https://www.countryflags.io/om/flat/64.png,4829483,4.829483032,0,0,0,0,0,0,0,0,0,0,0,0,0,0,0,0,0,0,0,0,0,0,0,0,0,0,0,0,0,0,0,0,0,0,0,0,.0690205023,.0690205023,.0690205023,.0690205023,.0690205023,.0690205023,0,0,0,0,.4831435084,.4831435084,.4831435084,0,0,0,0,0,.2070614994,.2070614994,.2070614994,0,.345102489,.345102489,.345102489,0,.4141229987,.4141229987,.4141229987,0,.4141229987,.7592254877,.7592254877,1.932574034,1.587471485,1.863553524,.2760820091,.2760820091,.4141229987,.7592254877,3.31298399,2.898860931,2.553758383,0,1.035307527,1.449430466,1.518450975,3.589066029,3.17494297,4.658883572
New Zealand,NZL,Oceania,Australia and New Zealand,,.,.,.,Oceania,https://www.countryflags.io/nz/flat/64.png,4841000,4.84100008,0,0,0,0,0,0,0,0,0,0,0,0,0,0,0,0,0,0,0,0,0,0,0,0,0,0,0,0,0,0,0,0,0,0,0,0,0,0,0,0,0,0,0,0,0,0,0,0,0,0,0,0,0,0,0,0,0,0,0,0,.8262755275,1.514838457,1.859120011,1.721407413,1.927976251,1.996832609,1.790263653,1.652551055,1.859120011,1.996832609,1.996832609,3.029676914,4.406803131,5.026509762,7.849617481,8.67589283,9.708737373,9.089031219,9.639881134,10.60386944,11.91213894,14.18439674,17.69606781,15.42381001,12.94498348,9.089031219
Nepal,NPL,Asia,Southern Asia,,.,.,.,Asia,https://www.countryflags.io/np/flat/64.png,28087871,28.08787155,0,0,0,0,0,0,0,0,0,0,0,0,0,0,0,0,0,0,0,.0118675185,.0118675185,.0118675185,0,0,0,0,0,0,0,0,0,0,0,0,0,0,0,0,0,0,0,0,0,0,0,0,0,0,0,0,0,0,0,0,0,0,0,0,0,0,0,0,0,0,0,0,0,0,0,0,0,0,0,0,0,0,0,0,0,0,0,0,0,.0118675185,.0118675185,.0178012773
Norway,NOR,Europe,Northern Europe,,.,.,.,Europe,https://www.countryflags.io/no/flat/64.png,5311916,5.311915874,0,0,0,0,0,0,0,0,0,0,0,0,0,0,0,0,0,0,0,0,0,0,0,0,0,0,0,0,0,0,0,0,0,0,0,0,0,0,0,0,0,0,0,0,0,.062752001,.062752001,.062752001,0,0,0,0,0,0,0,0,0,0,0,0,.3137599826,.3137599826,.3137599826,0,.062752001,.062752001,.376511991,.376511991,.376511991,1.25503993,1.192287922,1.192287922,0,0,0,0,0,0,0,0,0,0,0,0,0,0
Netherlands,NLD,Europe,Western Europe,,.,.,.,Europe,https://www.countryflags.io/nl/flat/64.png,17231624,17.2316246,0,0,0,0,0,0,0,0,0,0,0,0,0,0,0,0,0,0,0,0,0,0,0,0,0,0,0,0,0,0,0,0,0,0,0,0,0,0,0,0,0,0,0,0,0,0,0,0,0,0,.0386885554,.0386885554,.0386885554,0,0,0,0,0,0,0,0,.0193442777,.0193442777,.0193442777,0,4.778036594,4.778036594,4.778036594,0,0,0,0,0,0,0,0,0,0,0,0,0,0,0,0,0,0
Nicaragua,NIC,Americas,Latin America and the Caribbean,Central America,1,2,1,Americas,https://www.countryflags.io/ni/flat/64.png,6465513,6.465513229,0,0,0,0,0,0,0,0,0,0,0,0,0,0,0,0,0,0,0,0,0,0,0,0,0,0,0,0,0,0,0,0,0,0,0,0,0,0,0,0,0,0,0,0,0,0,0,0,0,0,0,0,0,0,0,0,0,0,0,0,0,0,0,0,0,0,0,0,0,0,0,0,0,0,0,0,0,0,0,.2062223554,.2062223554,.2062223554,0,0,0,0
Nigeria,NGA,Africa,Sub-Saharan Africa,Western Africa,.,.,.,Africa,https://www.countryflags.io/ng/flat/64.png,195874740,195.8747406,0,0,0,0,0,0,0,0,0,0,0,0,0,0,0,0,0,0,0,0,0,0,0,0,0,0,0,0,0,0,0,0,0,0,0,0,0,0,0,0,0,0,0,0,0,0,0,0,0,0,0,0,0,0,.0017017678,.0017017678,.0017017678,0,.0017017678,.0017017678,.0017017678,0,0,.0017017678,.0017017678,.0017017678,.0085088387,.0085088387,.0102106072,.0204212144,.0289300531,.0272282846,.022122981,.0170176774,.0323335901,.0187194459,.0272282846,.0238247495,.0442459621,.0578601062,.0561583377,.0493512675,.0731760189,.1038078368,.102106072,.0791322067
Niger,NER,Africa,Sub-Saharan Africa,Western Africa,.,.,.,Africa,https://www.countryflags.io/ne/flat/64.png,22442948,22.44294739,0,0,0,0,0,0,0,0,0,0,0,0,0,0,0,0,0,0,0,0,0,0,0,0,0,0,0,0,0,0,0,0,0,0,0,0,0,0,0,0,0,0,0,0,0,0,0,0,0,0,0,0,0,0,0,0,0,0,0,0,0,0,0,0,0,0,0,0,0,0,0,0,.1930821836,.3861643672,.3861643672,.2227871418,.2079346627,.2227871418,.1930821836,.5198366642,.5049842,.7277713418,.2227871418,.2227871418,.2970495224,.4455742836
New Caledonia,NCL,Oceania,Melanesia,,.,.,.,Oceania,https://www.countryflags.io/nc/flat/64.png,284060,.2840600014,0,0,0,0,0,0,0,0,0,0,0,0,0,0,0,0,0,0,0,0,0,0,0,0,0,0,0,0,0,0,0,0,0,0,0,0,0,0,0,0,0,0,0,0,0,0,0,0,0,0,0,0,0,0,0,0,0,0,0,0,0,0,0,0,0,0,0,0,0,1.17346096,1.17346096,1.17346096,0,0,0,0,0,0,0,0,0,0,0,0,15.25499344,22.88249016
Namibia,NAM,Africa,Sub-Saharan Africa,Southern Africa,.,.,.,Africa,https://www.countryflags.io/na/flat/64.png,2448255,2.448255062,0,0,0,0,0,0,0,0,0,0,0,0,0,0,0,0,0,0,0,0,0,0,0,0,0,0,0,0,0,0,0,0,0,0,0,0,0,0,0,0,0,0,0,0,0,0,0,0,0,0,0,0,0,0,0,0,0,0,0,0,.2723027766,.2723027766,.2723027766,0,0,0,0,0,0,.1361513883,.1361513883,.1361513883,0,0,0,0,0,0,0,0,0,0,0,.1361513883,.1361513883,.2042270899
Malaysia,MYS,Asia,South-eastern Asia,,.,.,.,Asia,https://www.countryflags.io/my/flat/64.png,31528585,31.52858543,0,0,0,0,0,0,0,0,0,0,0,0,0,0,.0105724167,.0105724167,.0105724167,0,.0211448334,.0211448334,.0211448334,0,.0422896668,.0422896668,.0422896668,.0634344965,.0845793337,.0845793337,.0211448334,0,0,.0317172483,.0317172483,.0317172483,0,0,0,0,0,.0422896668,.0422896668,.0422896668,0,.0105724167,.0211448334,.0211448334,.0105724167,.0211448334,.0211448334,.0211448334,.0951517448,.1691586673,.1691586673,.1480138302,.1903034896,.3488897383,.4017518163,.5709105134,.6766346693,.5497656465,.7294967175,.634344995,.8035036325,.8035036325,1.279262424,1.82902801,2.325931549,2.294214249,2.717111111,3.044855833,3.0660007,2.854552507,2.516235113,4.376980305,4.292400837,5.095904827,3.880076885,5.381360054,5.370787621,5.286208153,4.715297699,5.106477261,5.698532581,5.180483818,5.169911385,5.07475996
Malawi,MWI,Africa,Sub-Saharan Africa,Eastern Africa,.,.,.,Africa,https://www.countryflags.io/mw/flat/64.png,18143315,18.14331436,0,0,0,0,0,0,0,0,0,0,0,0,0,0,0,0,0,0,0,0,0,0,0,0,0,0,0,0,0,0,0,0,0,0,0,0,0,0,0,0,0,0,0,0,0,0,0,0,0,0,0,0,0,0,0,0,0,0,0,0,0,0,0,0,0,0,0,0,0,0,0,0,0,0,0,0,0,0,0,0,0,0,0,0,.0551167205,.0826750845
Mauritius,MUS,Africa,Sub-Saharan Africa,Eastern Africa,.,.,.,Africa,https://www.countryflags.io/mu/flat/64.png,1265303,1.265303016,0,0,0,0,0,0,0,0,0,0,0,0,0,0,0,0,0,0,0,0,0,0,0,0,0,0,0,0,0,0,0,0,0,0,0,0,0,0,0,0,0,0,0,0,0,0,0,0,0,0,0,0,0,0,0,0,0,0,0,0,0,0,0,0,0,0,0,0,0,0,0,1.844090581,1.844090581,1.844090581,.263441503,3.161298037,4.215064049,3.951622725,2.370973587,5.005388737,5.005388737,6.05915451,6.05915451,10.27421856,15.01616573,16.99197769
Mauritania,MRT,Africa,Sub-Saharan Africa,Western Africa,.,.,.,Africa,https://www.countryflags.io/mr/flat/64.png,4403319,4.403318882,0,0,0,0,0,0,0,0,0,0,0,0,0,0,0,0,0,0,0,0,0,0,0,0,0,0,0,0,0,0,0,0,0,0,0,0,0,0,0,0,0,0,0,0,0,0,0,0,0,0,0,0,0,0,0,0,0,0,0,0,0,0,0,0,0,.1514009535,.1514009535,.1514009535,0,0,0,0,0,0,0,0,0,0,0,0,0,0,0,0,0,0
Mozambique,MOZ,Africa,Sub-Saharan Africa,Eastern Africa,.,.,.,Africa,https://www.countryflags.io/mz/flat/64.png,29495962,29.49596214,0,0,0,0,0,0,0,0,0,0,0,0,0,0,0,0,0,0,0,0,0,0,0,0,0,0,0,0,0,0,0,0,0,0,0,0,0,0,0,0,0,0,0,0,0,0,0,0,0,0,0,0,0,0,0,0,0,0,0,0,0,0,0,0,0,0,0,0,0,0,0,.011300982,.011300982,.011300982,0,0,0,.011300982,.011300982,.011300982,0,0,0,0,0,0
Mongolia,MNG,Asia,Eastern Asia,,.,.,.,Asia,https://www.countryflags.io/mn/flat/64.png,3170208,3.170207977,0,0,0,0,0,0,0,0,0,0,0,0,0,0,0,0,0,0,0,0,0,0,0,0,0,0,0,0,0,0,0,0,0,0,0,0,0,0,0,0,0,0,0,0,0,0,0,0,0,0,0,0,0,0,0,0,0,0,0,0,0,0,0,0,0,0,.2102911472,.2102911472,.2102911472,0,0,0,0,0,.2102911472,.2102911472,.2102911472,0,0,0,0,.1051455736,.1051455736,.1051455736,0,0
Montenegro,MNE,Europe,Southern Europe,,.,.,.,Europe,https://www.countryflags.io/me/flat/64.png,622227,.6222270131,0,0,0,0,0,0,0,0,0,0,0,0,0,0,0,0,0,0,0,0,0,0,0,0,0,0,0,0,0,0,0,0,0,0,0,0,0,0,0,0,0,0,0,0,0,0,0,0,0,0,0,0,0,0,0,0,0,0,0,0,0,0,0,0,0,0,0,0,0,0,.535710156,.535710156,.535710156,0,1.607130527,1.607130527,1.607130527,0,.535710156,.535710156,.535710156,21.96411705,26.7855072,26.7855072,4.821391582,0
Myanmar,MMR,Asia,South-eastern Asia,,.,.,.,Asia,https://www.countryflags.io/mm/flat/64.png,53708395,53.7083931,0,0,0,0,0,0,0,0,0,0,0,0,0,0,0,0,0,0,0,0,0,0,0,0,0,0,0,0,0,0,0,0,0,0,0,0,0,0,0,0,0,0,0,0,0,0,0,0,0,0,0,0,0,0,0,0,0,0,0,0,0,0,0,0,0,0,0,0,0,0,0,0,0,0,0,0,.0124127092,.0124127092,.0124127092,0,0,0,0,0,.0186190642,.0279285964
Malta,MLT,Europe,Southern Europe,,.,.,.,Europe,https://www.countryflags.io/mt/flat/64.png,484630,.4846299887,0,0,0,0,0,0,0,0,0,0,0,0,0,0,0,0,0,0,0,0,0,0,0,0,0,0,0,0,0,0,0,0,0,0,0,0,0,0,0,0,0,0,0,0,0,0,0,0,0,.6878099442,.6878099442,.6878099442,.6878099442,.6878099442,.6878099442,0,0,0,0,0,0,0,0,0,0,0,0,0,0,0,0,0,2.063429832,2.063429832,2.063429832,7.565909386,7.565909386,7.565909386,0,19.25867844,19.25867844,19.25867844,0,26.13677788,32.32706833,48.49060059
Mali,MLI,Africa,Sub-Saharan Africa,Western Africa,.,.,.,Africa,https://www.countryflags.io/ml/flat/64.png,19077690,19.07769012,0,0,0,0,0,0,0,0,0,0,0,0,0,0,0,0,0,0,0,0,0,0,0,0,0,0,0,0,0,0,0,0,0,0,0,0,0,0,0,0,0,0,0,0,0,0,0,0,0,0,0,0,0,0,0,0,0,0,0,0,0,0,0,0,0,0,0,0,0,0,0,.0174724162,.0174724162,.1572517455,.1921965778,.2620862424,.2271414101,.1747241616,.104834497,0,.0698896646,.2096689939,.2096689939,.1397793293,0,0
North Macedonia,MKD,Europe,Southern Europe,,.,.,.,,,2082958,2.082957983,0,0,0,0,0,0,0,0,0,0,0,0,0,0,0,0,0,0,0,0,0,0,0,0,0,0,0,0,0,0,0,0,0,0,0,0,0,0,0,0,0,0,0,0,0,0,0,0,0,.1600288302,.1600288302,.1600288302,0,0,0,0,0,0,0,0,0,0,.3200576603,.3200576603,.3200576603,0,1.440259457,1.440259457,2.240403652,.800144136,1.280230641,.4800865054,.9601730108,1.600288272,1.600288272,1.920346022,1.120201826,1.760317206,.9601730108,.6401153207,.4800865054,7.201297283,9.121643066,12.32221985,8.481528282,9.841773033
Mexico,MEX,Americas,Latin America and the Caribbean,Central America,1,2,1,Americas,https://www.countryflags.io/mx/flat/64.png,126190788,126.1907883,0,0,0,0,0,0,0,0,0,0,0,0,0,0,0,0,0,0,0,0,0,0,0,0,0,0,0,0,0,0,0,0,0,0,0,0,0,0,0,.002641503,.002641503,.002641503,0,0,0,0,.0079245083,.0079245083,.0079245083,0,0,0,0,0,0,0,0,0,0,0,0,0,0,0,0,0,.0818865895,.0818865895,.0818865895,0,1.579618692,1.579618692,1.579618692,0,0,0,0,0,0,3.008671761,3.196218491,3.515840292,.9324505329,.7449038029,.4252819717,0
Maldives,MDV,Asia,Southern Asia,,.,.,.,Asia,https://www.countryflags.io/mv/flat/64.png,515696,.5156959891,0,0,0,0,0,0,0,0,0,0,0,0,0,0,0,0,0,0,0,0,0,0,0,0,0,0,0,0,0,0,0,0,0,0,0,0,0,0,0,0,0,0,0,0,0,0,0,0,0,0,0,0,0,0,0,0,0,0,0,0,3.231878281,5.171005249,5.171005249,2.585502625,.6463756561,3.231878281,2.585502625,2.585502625,0,0,0,0,0,0,0,0,0,0,0,.6463756561,.6463756561,1.939126968,1.292751312,1.292751312,0,0
Madagascar,MDG,Africa,Sub-Saharan Africa,Eastern Africa,.,.,.,Africa,https://www.countryflags.io/mg/flat/64.png,26262368,26.26236725,0,0,0,0,0,0,0,0,0,0,0,0,0,0,0,0,0,0,0,0,0,0,0,0,0,0,0,0,0,0,0,0,0,0,0,0,0,0,0,0,0,0,0,0,0,0,0,0,0,0,0,0,0,0,0,0,0,0,0,0,0,0,0,0,0,0,0,0,0,0,0,0,.0253848657,.0253848657,.0888470337,.1142318994,.1142318994,.0507697314,0,.1142318994,.126924336,.1523091942,.1142318994,.1523091942,.126924336,.0761545971
Moldova,MDA,Europe,Eastern Europe,,.,.,.,Europe,https://www.countryflags.io/md/flat/64.png,2706049,2.706048965,0,0,0,0,0,0,0,0,0,0,0,0,0,0,0,0,0,0,0,0,0,0,0,0,0,0,0,0,0,0,0,0,0,0,0,0,0,0,0,0,0,0,0,0,0,0,0,0,0,0,0,0,0,.1231808215,.1231808215,.1231808215,0,0,0,0,.1231808215,.1231808215,.1231808215,0,0,0,1.601350665,1.970893145,2.586797237,.9854465723,.9854465723,.7390848994,.8622657657,1.354989052,1.354989052,1.231808186,1.601350665,1.970893145,4.311328888,5.419956207,6.282221794,7.267668247,9.484923363,15.76714516,17.49167633,19.40098
Morocco,MAR,Africa,Northern Africa,,.,.,.,Africa,https://www.countryflags.io/ma/flat/64.png,36029138,36.02913666,0,0,0,0,0,0,0,0,0,0,0,0,0,0,0,0,0,0,0,0,0,0,0,0,0,0,0,0,0,0,0,0,0,0,0,0,0,0,0,0,0,0,0,0,0,0,0,0,0,.0092517715,.0092517715,.0092517715,0,0,0,0,0,.018503543,.018503543,.018503543,.0277553145,.037007086,.0462588556,.0462588556,.037007086,.0462588556,.037007086,.1202730238,.1480283439,.1480283439,.3053084612,.3423155248,.4163297117,.2220425159,.249797821,.1942871958,.2590495944,.2683013678,.4533368051,.6291204691,.7493934631,.6568757892,.4810920954,.425581485,.5921133757,.7216381431
Latvia,LVA,Europe,Northern Europe,,.,.,.,Europe,https://www.countryflags.io/lv/flat/64.png,1927174,1.927173972,0,0,0,0,0,0,0,0,0,0,0,0,0,0,0,0,0,0,0,0,0,0,0,0,0,0,0,0,0,0,0,0,0,0,0,0,0,0,0,0,0,0,0,0,0,0,.1729648411,.1729648411,.1729648411,0,0,0,0,0,0,0,0,0,0,0,0,0,0,0,0,0,0,0,0,5.188945293,0,0,-5.188945293,2.594472647,2.594472647,2.594472647,0,0,0,0,0,0,4.843015671,7.091558456,12.45346832,11.41567898
Luxembourg,LUX,Europe,Western Europe,,.,.,.,Europe,https://www.countryflags.io/lu/flat/64.png,607950,.6079499722,0,0,0,0,0,0,0,0,0,0,0,0,0,0,0,0,0,0,0,0,0,0,0,0,0,0,0,0,0,0,0,0,0,0,0,0,0,0,0,0,0,0,0,0,0,0,0,0,0,0,0,0,0,0,0,0,0,0,3.289744377,3.289744377,3.289744377,0,0,18.64188385,18.64188385,18.64188385,0,21.93162918,21.93162918,21.93162918,230.2821045,230.2821045,230.2821045,0,0,0,0,0,0,0,0,0,14.25555897,28.51111794,43.31496811,43.58911133
Lithuania,LTU,Europe,Northern Europe,,.,.,.,Europe,https://www.countryflags.io/lt/flat/64.png,2801543,2.801542997,0,0,0,0,0,0,0,0,0,0,0,0,0,0,0,0,0,0,0,0,0,0,0,0,0,0,0,0,0,0,0,0,0,0,0,0,0,0,0,0,0,0,0,0,0,0,0,0,0,0,0,.1189820543,.1189820543,.1189820543,0,0,0,0,0,0,0,0,0,0,0,0,.7138922811,.7138922811,.7138922811,0,0,0,0,.1189820543,.1189820543,.1189820543,0,5.473174572,5.473174572,10.5894022,5.59215641,5.59215641,4.87826395,9.161618233,12.96904373,12.85006142
Sri Lanka,LKA,Asia,Southern Asia,,.,.,.,Asia,https://www.countryflags.io/lk/flat/64.png,21670000,21.67000008,0,0,0,0,0,0,0,0,0,0,0,0,0,0,0,.0153822489,.0153822489,.0153822489,0,0,0,0,0,0,0,0,0,0,0,0,0,0,0,0,0,0,0,0,0,0,0,0,0,0,0,0,0,0,0,0,0,0,0,0,0,.0307644978,.0307644978,0,0,0,.0153822489,0,.0615289956,.0769112408,.0922934934,.0615289956,.1230579913,.1230579913,.1538224816,.0922934934,.1076757386,.0922934934,.1845869869,.2153514773,.2307337373,.1692047417,.1692047417,.1845869869,.1538224816,.1076757386,.0307644978,.1076757386,.1076757386,.1845869869,.2461159825,.3230272233
Libya,LBY,Africa,Northern Africa,,.,.,.,Africa,https://www.countryflags.io/ly/flat/64.png,6678567,6.678566933,0,0,0,0,0,0,0,0,0,0,0,0,0,0,0,0,0,0,0,0,0,0,0,0,0,0,0,0,0,0,0,0,0,0,0,0,0,0,0,0,0,0,0,0,0,0,0,0,0,0,0,0,0,0,0,0,0,0,0,0,0,0,0,0,0,0,0,.0499109067,0,0,-.0499109067,0,0,.0499109067,.0499109067,.3992872536,.3493763506,.3493763506,0,.0499109067,.0499109067,.0499109067,0,.0998218134,.0998218134,.1497327238
Liberia,LBR,Africa,Sub-Saharan Africa,Western Africa,.,.,.,Africa,https://www.countryflags.io/lr/flat/64.png,4818977,4.818976879,0,0,0,0,0,0,0,0,0,0,0,0,0,0,0,0,0,0,0,0,0,0,0,0,0,0,0,0,0,0,0,0,0,0,0,0,0,0,0,0,0,0,0,0,0,0,0,0,0,0,0,0,0,0,0,0,0,0,0,0,0,0,0,0,0,0,0,0,0,0,0,.20751293,.20751293,.20751293,0,0,0,0,0,0,.0691709742,.0691709742,.0691709742,0,.20751293,.3112694025
Lebanon,LBN,Asia,Western Asia,,.,.,.,Asia,https://www.countryflags.io/lb/flat/64.png,6848925,6.848925114,0,0,0,0,0,0,0,0,0,0,0,0,0,0,0,0,0,0,0,0,0,0,0,0,0,0,0,0,0,0,0,0,0,0,0,0,0,0,0,0,.0486694388,.0486694388,.0486694388,0,0,0,0,0,0,0,0,0,0,.0973388776,.0973388776,.1460083127,.0486694388,.0486694388,.1946777552,.1946777552,.1946777552,.5840332508,.7300415635,.9247193336,.4866943657,.340686053,.3893555105,.340686053,.6327027082,.5353637934,.6327027082,.5353637934,.3893555105,.4866943657,.3893555105,.3893555105,.340686053,.6813721061,.7300415635,.6327027082,.1946777552,.1460083127,.2433471829,.2920166254,.2920166254,.0730041564
Laos,LAO,Asia,South-eastern Asia,,.,.,.,,,7061507,7.061507225,0,0,0,0,0,0,0,0,0,0,0,0,0,0,0,0,0,0,0,0,0,0,0,0,0,0,0,0,0,0,0,0,0,0,0,0,0,0,0,0,0,0,0,0,0,0,0,0,0,0,0,0,0,0,0,0,0,0,0,0,0,0,0,0,0,0,0,0,0,0,0,0,0,0,0,0,0,0,0,0,0,.0472042747,.0472042747,.0944085494,.0472042747,.0708064139
Kuwait,KWT,Asia,Western Asia,,.,.,.,Asia,https://www.countryflags.io/kw/flat/64.png,4137309,4.137309074,0,0,0,0,0,0,0,0,0,0,0,0,0,0,0,0,0,0,0,0,0,0,0,0,0,0,0,0,0,0,0,0,0,0,0,0,0,0,0,0,0,0,0,0,.0805676654,.0805676654,.0805676654,.0805676654,.3222706616,.3222706616,.2417030036,0,.3222706616,.3222706616,.8056766391,.7251089811,.7251089811,.9668120146,.7251089811,.7251089811,.9668120146,1.289082646,1.772488594,1.450217962,1.691920996,1.450217962,1.208514929,.7251089811,1.047379613,.7251089811,.7251089811,1.047379613,1.450217962,1.691920996,.9668120146,.9668120146,.6445413232,1.450217962,1.772488594,2.497597694,2.175327063,3.46440959,5.156330585,6.042574883,6.606548786,6.284277916
"Korea, South",KOR,Asia,Eastern Asia,,.,.,.,Asia,https://www.countryflags.io/kr/flat/64.png,51606633,51.60663223,0,0,0,0,0,0,0,0,0,0,0,0,0,0,.0064591183,.0064591183,.0193773545,.0129182367,.0129182367,.0258364733,.0258364733,.0258364733,.0129182367,.0129182367,.0193773545,.0193773545,.0193773545,.0387547091,.0258364733,.0258364733,.0129182367,.0129182367,.0387547091,.0258364733,.0258364733,0,.0322955921,.0516729467,.0516729467,.0193773545,.0710503012,.0710503012,.6782073975,.6071571112,.4973520935,-.1098050103,.723421216,1.098050117,1.38871038,1.698748112,1.433924198,1.143263936,4.049867153,5.793828964,6.652891636,2.603024721,.8590627313,0,8.842533112,8.842533112,12.70508575,5.302936077,7.977010727,6.594759464,6.98230648,5.742156029,4.521382809,3.856093407,3.449169159,3.875470877,3.959439516,4.896011353,4.101540089,3.726911068,2.383414507,2.021703959,2.422169209,2.73220706,3.016408205,2.551351547,2.131509066,1.879603386,1.601861238,2.002326727,1.905439854,2.063688278
Cambodia,KHM,Asia,South-eastern Asia,,.,.,.,Asia,https://www.countryflags.io/kh/flat/64.png,16249798,16.24979782,0,0,0,0,0,0,0,0,0,0,0,0,0,0,0,0,0,0,0,.0205130763,.0205130763,.0205130763,0,0,0,0,0,0,0,0,0,0,0,0,0,0,0,0,0,0,0,0,0,0,0,0,0,0,0,0,0,0,0,0,0,0,0,0,0,0,.061539229,.1846176833,.1846176833,.1435915232,.061539229,.2256438285,.2051307559,.2051307559,.0820523053,.2666699886,.246156916,.5128269196,.3282092214,.3692353666,.1641046107,.2666699886,.1846176833,.2871830463,.246156916,.3076961339,.102565378,.3282092214,.3897484243,.4307745993,.1435915232,.061539229
Kyrgyzstan,KGZ,Asia,Central Asia,,.,.,.,Asia,https://www.countryflags.io/kg/flat/64.png,6322800,6.322800159,0,0,0,0,0,0,0,0,0,0,0,0,0,0,0,0,0,0,0,0,0,0,0,0,0,0,0,0,0,0,0,0,0,0,0,0,0,0,0,0,0,0,0,0,0,0,0,0,0,0,0,0,0,0,0,0,0,0,0,0,0,0,0,0,0,0,.1581577808,.1581577808,.1581577808,.1054385155,.1581577808,.3163155615,.2108770311,1.423419952,1.265262246,1.265262246,.1054385155,.1054385155,.579911828,1.00166595,1.687016249,1.423419952,1.265262246,1.265262246,2.266928196,2.846839905
Kenya,KEN,Africa,Sub-Saharan Africa,Eastern Africa,.,.,.,Africa,https://www.countryflags.io/ke/flat/64.png,51393010,51.39300919,0,0,0,0,0,0,0,0,0,0,0,0,0,0,0,0,0,0,0,0,0,0,0,0,0,0,0,0,0,0,0,0,0,0,0,0,0,0,0,0,0,0,0,0,0,0,0,0,0,0,0,0,0,0,0,0,0,0,0,0,0,.0064859665,.0064859665,.0064859665,0,0,0,0,.012971933,.019457899,.019457899,.0064859665,0,0,.019457899,.032429833,.051887732,.0972894952,.0972894952,.084317565,.1167473942,.1102614328,.1816070676,.084317565,.0778315961,0
Kazakhstan,KAZ,Asia,Central Asia,,.,.,.,Asia,https://www.countryflags.io/kz/flat/64.png,18272430,18.27243042,0,0,0,0,0,0,0,0,0,0,0,0,0,0,0,0,0,0,0,0,0,0,0,0,0,0,0,0,0,0,0,0,0,0,0,0,0,0,0,0,0,0,0,0,0,0,0,0,0,0,0,0,0,0,0,0,0,0,0,0,0,0,.0364848375,.0547272563,.2918787003,.3283635378,.3283635378,.1459393501,.1094545126,.1094545126,.0912120938,.1824241877,.2736362815,.310121119,.2736362815,.2189090252,.2553938627,.237151444,.4925453067,.7114543319,1.349938989,2.225575209,2.572180986,2.535696268,2.626908302,2.927908182
Japan,JPN,Asia,Eastern Asia,,.,.,.,Asia,https://www.countryflags.io/jp/flat/64.png,126529100,126.5290985,0,0,.0026344401,.0026344401,.0026344401,0,0,0,0,0,0,0,0,0,0,0,0,.0079033207,.0210755207,.0210755207,.0131722009,0,.0079033207,.0079033207,.0079033207,.0026344401,.0158066414,.0158066414,.0237099603,.0105377603,.0105377603,0,0,0,0,0,.0263444018,.0263444018,.0263444018,.0289788414,.0289788414,.0289788414,.0079033207,.086936526,.086936526,.0790332034,.0658610016,.1106464863,.1106464863,.0447854809,0,0,.068495445,.068495445,.068495445,.0158066414,.1238186881,.231830731,.2239274085,.1159153655,.1396253258,.1975830048,.3266705871,.2291962951,.2476373762,.1712386012,.1369908899,.0526888035,.1264531314,.1264531314,.2370996177,.1106464863,.1106464863,.1607008427,.2054863274,.2845195234,.1501630843,.2450029254,.3688216209,.3424772024,.2608095706,.0974742845,.2397340536,.308229506,.3582838476,.3240361214
Jordan,JOR,Asia,Western Asia,,.,.,.,Asia,https://www.countryflags.io/jo/flat/64.png,9956011,9.956010818,0,0,0,0,0,0,0,0,0,0,0,0,0,0,0,0,0,0,0,0,0,0,0,0,0,0,0,0,0,0,0,0,0,0,0,0,0,0,0,0,0,0,0,0,0,0,0,0,0,.0334806107,.0334806107,.0334806107,0,0,0,0,0,0,0,0,0,0,0,.5691704154,.5691704154,.5691704154,.2678448856,.4017673433,.602651,.6361316442,.9374571443,1.272263288,2.176239729,2.276681662,2.142759085,1.339224458,1.171821356,1.071379542,.9039765,1.339224458,1.50662756,1.941875458,1.640550017,1.473146915,1.004418373,.7533137798
Jamaica,JAM,Americas,Latin America and the Caribbean,Caribbean,1,3,1,Americas,https://www.countryflags.io/jm/flat/64.png,2934855,2.934854984,0,0,0,0,0,0,0,0,0,0,0,0,0,0,0,0,0,0,0,0,0,0,0,0,0,0,0,0,0,0,0,0,0,0,0,0,0,0,0,0,0,0,0,0,0,0,0,0,0,0,0,0,.2271548957,.2271548957,.2271548957,0,0,0,0,0,0,0,0,0,0,0,0,0,0,0,0,.5678872466,.6814646721,.6814646721,.1135774478,.2271548957,.4543097913,.5678872466,.340732336,.1135774478,.6814646721,.6814646721,.9086195827,.2271548957,.6814646721,.6814646721
Italy,ITA,Europe,Southern Europe,,.,.,.,Europe,https://www.countryflags.io/it/flat/64.png,60421760,60.42176056,0,0,0,0,0,0,0,0,0,0,0,0,0,0,0,0,0,0,0,0,0,0,0,0,0,0,0,0,0,.0055167763,.0110335527,.0055167763,0,.0055167763,.2427381575,.248254925,.2372213751,.2096374929,.5682279468,.6289125085,1.064737797,1.461945653,2.002589703,1.72675097,1.147489429,1.108872056,.7447648048,2.333596468,1.770885229,3.944494963,5.080950737,7.116641521,7.226976871,5.378856659,9.32335186,9.328868866,8.269647598,11.29284096,14.25535011,14.25535011,12.4348135,12.89822292,18.40948296,14.47602081,16.67169762,14.72427559,20.24656868,18.4536171,21.05753517,20.18036842,22.22709084,22.88910484,19.51283836,16.98615456,18.734972,25.79644585,31.07600021,33.44821548,33.33787918,31.67181206,27.47354507,25.35510445,21.41060829,26.08883476,30.87739754,38.35538864
Israel,ISR,Asia,Western Asia,,.,.,.,Asia,https://www.countryflags.io/il/flat/64.png,8882800,8.882800102,0,0,0,0,0,0,0,0,0,0,0,0,0,0,0,0,0,0,0,0,0,0,0,0,0,0,0,0,0,0,0,0,0,0,.037525706,.037525706,.037525706,0,0,0,0,0,.037525706,.037525706,.037525706,0,.075051412,.075051412,.075051412,0,0,0,0,.2626799345,.2626799345,.2626799345,.1125771105,.9381425977,.9756683111,.8630912304,.6379369497,.7880398035,1.163296819,.9756683111,1.163296819,2.401645184,3.077107668,5.065969944,4.090301991,6.642049789,6.717101097,6.979781151,5.216073036,6.829678059,12.87131691,12.15832806,15.98595047,15.49811649,20.26387978,23.11583328,25.21727371,32.04695129,35.12405777,36.13725281,34.93643188,31.6904583
Iceland,ISL,Europe,Northern Europe,,.,.,.,Europe,https://www.countryflags.io/is/flat/64.png,352721,.3527210057,0,0,0,0,0,0,0,0,0,0,0,0,0,0,0,0,0,0,0,0,0,0,0,0,0,0,0,0,0,0,0,0,0,0,0,0,0,0,0,0,0,0,0,0,0,0,.9450339675,.9450339675,.9450339675,0,0,6.615237713,-.9450339675,-.9450339675,-2.835101843,4.725169659,4.725169659,16.06557846,29.29605293,29.29605293,27.40598488,18.90067863,43.47156143,43.47156143,54.81196976,50.08679962,56.70203781,79.38285065,85.05305481,120.0193176,104.8987732,161.6008148,136.0848846,142.7001343,154.0405426,193.7319641,215.4677429,181.4465179,196.5670624,189.951828,171.9961853,139.8650208,177.6663818,199.4021759,222.0829773,208.3799896
Iraq,IRQ,Asia,Western Asia,,.,.,.,Asia,https://www.countryflags.io/iq/flat/64.png,38433600,38.43360138,0,0,0,0,0,0,0,0,0,0,0,0,0,0,0,0,0,0,0,0,0,0,0,0,0,0,0,0,0,0,0,0,0,0,0,0,0,0,0,0,0,0,0,0,0,.0260188989,.0260188989,.1300944984,.1040755957,.1821322888,.0954026282,.0954026282,.0173459332,.0520377979,.1474404335,.1474404335,.1474404335,.069383733,.1214215308,.069383733,.2081511915,.3989564478,.4163023829,.4076294303,.2428430617,.3295727372,.2601889968,.3382456899,.3382456899,.4336483181,.4856861234,.6678184271,.6678184271,1.023410082,.988718152,1.500423193,1.318290949,1.535115004,1.292271972,1.248907208,1.448385358,1.431039453,1.49175024,1.205542326,1.214215279,1.222888231
Iran,IRN,Asia,Southern Asia,,.,.,.,Asia,https://www.countryflags.io/ir/flat/64.png,81800269,81.80027008,0,0,0,0,0,0,0,0,0,0,0,0,0,0,0,0,0,0,0,0,0,0,0,0,0,0,0,0,0,0,0,0,0,.1996733397,.1996733397,.2974725366,.3015474975,.513445735,.8883426189,.6845943332,1.536262274,1.825584888,2.534628868,4.551737309,5.684577942,6.03502512,4.327614307,3.361847162,2.302356005,.929092288,0,6.646269798,6.646269798,9.90216732,3.255897999,4.563961983,5.525654316,9.152374268,9.050499916,4.832910061,5.207806587,6.902992725,10.29336452,9.046424866,8.369980812,7.880984783,11.32025623,12.13117409,12.55904579,11.40990543,13.3618145,17.37158012,12.32677269,25.67636108,29.75947762,41.0593605,32.89720154,34.33566666,49.44971466,47.20848465,42.86049271,25.19144058,24.60872078,25.45223808,24.18492508,25.25052834
Ireland,IRL,Europe,Northern Europe,,.,.,.,Europe,https://www.countryflags.io/ie/flat/64.png,4867309,4.867309093,0,0,0,0,0,0,0,0,0,0,0,0,0,0,0,0,0,0,0,0,0,0,0,0,0,0,0,0,0,0,0,0,0,0,0,0,0,0,0,0,0,0,0,0,0,0,0,0,0,0,0,0,0,.3424205482,.3424205482,.3424205482,0,0,0,0,0,0,0,0,0,0,0,0,0,0,0,1.369682193,1.369682193,1.369682193,0,0,0,0,0,0,0,0,3.561173677,3.561173677,3.561173677,0
India,IND,Asia,Southern Asia,,.,.,.,Asia,https://www.countryflags.io/in/flat/64.png,1352617328,1352.61731,0,0,0,0,0,0,0,0,0,0,0,0,0,0,0,0,0,0,0,0,0,0,0,.0007393074,.0007393074,.0007393074,0,0,0,0,0,0,0,0,0,0,0,0,0,0,0,0,0,0,0,0,.0002464358,.0002464358,.0002464358,0,0,.0022179221,.0022179221,.002464358,.0002464358,.0004928716,.0014786149,.0022179221,.0029572297,.0017250506,.0041894088,.003942973,.0044358443,.0081323814,.0101038683,.0123217897,.0071466384,.0096109966,.0130610978,.0219327863,.0170040708,.0199612994,.0093645602,.0450977534,.0473156758,.0682627186,.0603767708,.0869918391,.1140997782,.113360472,.1002993733,.096109964,.0867454037,.1446578205,.1680692136,.225119099
Indonesia,IDN,Asia,South-eastern Asia,,.,.,.,Asia,https://www.countryflags.io/id/flat/64.png,267663435,267.6634216,0,0,0,0,0,0,0,0,0,0,0,0,0,0,0,0,0,0,0,0,0,0,0,0,0,0,0,0,0,0,0,0,0,0,0,0,0,0,0,0,0,0,0,0,0,0,.0024906902,.0024906902,.0024906902,0,.0074720709,.0074720709,.0074720709,0,.0037360354,.0037360354,.0087174159,.0049813804,.0224162117,.0174348317,.0186801758,.0024906902,.0074720709,.0199255217,.0348696634,.0361150093,.0361150093,.0273975916,.0485684611,.0460777692,.0660032928,.058531221,.0647579432,.0722300187,.067248635,.0722300187,.0747207031,.0971369222,.0797020867,.1332519203,.1220438182,.1743483096,.1083450243,.2092179805,.2254074663,.3007508516
Hungary,HUN,Europe,Eastern Europe,,.,.,.,Europe,https://www.countryflags.io/hu/flat/64.png,9775564,9.775564194,0,0,0,0,0,0,0,0,0,0,0,0,0,0,0,0,0,0,0,0,0,0,0,0,0,0,0,0,0,0,0,0,0,0,0,0,0,0,0,0,0,0,0,0,0,0,0,0,0,0,.0340986289,.0340986289,.0340986289,.0340986289,.0340986289,.0340986289,0,.1704931408,.4773808122,.4773808122,.4773808122,.1704931408,.409183532,.443282187,.443282187,.204591766,0,.102295883,.204591766,.2727890313,.204591766,.6137753129,.818367064,.818367064,.443282187,.9547616243,.9888602495,1.398043752,.7160711884,.7501698136,.2727890313,.2386904061,2.523298502,2.693791628,2.898383379,.7672191262
Haiti,HTI,Americas,Latin America and the Caribbean,Caribbean,1,3,1,Americas,https://www.countryflags.io/ht/flat/64.png,11123176,11.12317562,0,0,0,0,0,0,0,0,0,0,0,0,0,0,0,0,0,0,0,0,0,0,0,0,0,0,0,0,0,0,0,0,0,0,0,0,0,0,0,0,0,0,0,0,0,0,0,0,0,0,0,0,0,0,0,0,0,0,0,0,0,0,0,0,0,.0299674608,.0299674608,.0299674608,0,0,0,0,0,-.0299674608,-.0299674608,-.0299674608,0,0,0,0,0,0,0,0,0,0
Croatia,HRV,Europe,Southern Europe,,.,.,.,Europe,https://www.countryflags.io/hr/flat/64.png,4087843,4.087842941,0,0,0,0,0,0,0,0,0,0,0,0,0,0,0,0,0,0,0,0,0,0,0,0,0,0,0,0,0,0,0,0,0,0,0,0,0,0,0,0,0,0,0,0,0,0,0,0,0,.0815425962,.0815425962,.0815425962,.0815425962,.2446277887,.2446277887,.2446277887,.0815425962,.0815425962,0,0,0,1.386224151,1.386224151,2.609363079,1.875479698,2.446277857,2.446277857,1.793937206,1.712394595,1.712394595,2.03856492,3.750959396,3.017076015,3.098618746,3.914044619,4.403300285,7.257291317,5.218726158,11.74213409,12.55755997,13.78069878,7.501918793,8.154259682,10.51899529,15.08538055,15.53386497
Honduras,HND,Americas,Latin America and the Caribbean,Central America,1,2,1,Americas,https://www.countryflags.io/hn/flat/64.png,9587522,9.587521553,0,0,0,0,0,0,0,0,0,0,0,0,0,0,0,0,0,0,0,0,0,0,0,0,0,0,0,0,0,0,0,0,0,0,0,0,0,0,0,0,0,0,0,0,0,0,0,0,0,0,0,0,0,0,0,0,0,0,0,0,0,0,0,0,.1043022424,.1043022424,.1043022424,0,0,0,0,0,.1043022424,.1043022424,.1043022424,0,0,.0347674154,.0347674154,.0347674154,0,0,.0695348307,.0695348307,.1043022424,.0521511212
Guyana,GUY,Americas,Latin America and the Caribbean,South America,1,1,.,Americas,https://www.countryflags.io/gy/flat/64.png,779004,.7790039778,0,0,0,0,0,0,0,0,0,0,0,0,0,0,0,0,0,0,0,0,0,0,0,0,0,0,0,0,0,0,0,0,0,0,0,0,0,0,0,0,0,0,0,0,0,0,0,0,0,0,0,0,0,0,0,0,0,0,0,0,0,0,0,0,0,0,0,0,0,0,0,0,0,3.42317462,3.42317462,3.42317462,0,0,0,0,0,0,0,0,.4278968275,.6418452263
Guatemala,GTM,Americas,Latin America and the Caribbean,Central America,1,2,1,Americas,https://www.countryflags.io/gt/flat/64.png,17247807,17.24780655,0,0,0,0,0,0,0,0,0,0,0,0,0,0,0,0,0,0,0,0,0,0,0,0,0,0,0,0,0,0,0,0,0,0,0,0,0,0,0,0,0,0,0,0,0,0,0,0,0,0,0,0,0,0,0,0,0,0,0,0,0,.0773045123,.0773045123,.0773045123,.1159567758,.1159567758,.1159567758,.0386522561,.0386522561,.0386522561,0,.0579783879,.0579783879,.0579783879,.0386522561,.0386522561,.0386522561,0,.0386522561,.0386522561,.0386522561,0,0,0,.0386522561,.0579783879
Greece,GRC,Europe,Southern Europe,,.,.,.,Europe,https://www.countryflags.io/gr/flat/64.png,10731726,10.73172569,0,0,0,0,0,0,0,0,0,0,0,0,0,0,0,0,0,0,0,0,0,0,0,0,0,0,0,0,0,0,0,0,0,0,0,0,0,0,0,0,0,0,0,0,0,0,0,0,0,0,.2484844178,.2484844178,.2484844178,0,0,0,.3416660726,.3416660726,.3416660726,0,.310605526,.5280293822,.5280293822,.7143927217,.4969688356,.4969688356,0,0,0,.2795449793,.8075743914,.8075743914,.5280293822,5.932565689,5.932565689,5.932565689,0,0,0,0,0,0,0,0,0,0
Equatorial Guinea,GNQ,Africa,Sub-Saharan Africa,Middle Africa,.,.,.,Africa,https://www.countryflags.io/gq/flat/64.png,1308974,1.308974028,0,0,0,0,0,0,0,0,0,0,0,0,0,0,0,0,0,0,0,0,0,0,0,0,0,0,0,0,0,0,0,0,0,0,0,0,0,0,0,0,0,0,0,0,0,0,0,0,0,0,0,0,0,0,0,0,0,0,0,0,0,0,0,0,0,0,0,.2546523809,.2546523809,.2546523809,0,0,0,.5093047619,.5093047619,.5093047619,0,0,0,0,.2546523809,.2546523809,.2546523809,0,0,0
Guinea-Bissau,GNB,Africa,Sub-Saharan Africa,Western Africa,.,.,.,Africa,https://www.countryflags.io/gw/flat/64.png,1874309,1.874308944,0,0,0,0,0,0,0,0,0,0,0,0,0,0,0,0,0,0,0,0,0,0,0,0,0,0,0,0,0,0,0,0,0,0,0,0,0,0,0,0,0,0,0,0,0,0,0,0,0,0,0,0,0,0,0,0,0,0,0,0,0,0,0,0,0,0,0,0,0,0,0,0,0,0,0,0,0,0,0,0,0,0,0,0,0,0
Gambia,GMB,Africa,Sub-Saharan Africa,Western Africa,.,.,.,Africa,https://www.countryflags.io/gm/flat/64.png,2280102,2.280102015,0,0,0,0,0,0,0,0,0,0,0,0,0,0,0,0,0,0,0,0,0,0,0,0,0,0,0,0,0,0,0,0,0,0,0,0,0,0,0,0,0,0,0,0,0,0,0,0,0,0,0,0,0,0,0,0,0,0,0,0,0,0,0,0,0,0,0,0,.2923845649,.2923845649,.2923845649,0,0,0,0,0,0,0,0,0,0,0,0,0,0,0
Guinea,GIN,Africa,Sub-Saharan Africa,Western Africa,.,.,.,Africa,https://www.countryflags.io/gn/flat/64.png,12414318,12.41431808,0,0,0,0,0,0,0,0,0,0,0,0,0,0,0,0,0,0,0,0,0,0,0,0,0,0,0,0,0,0,0,0,0,0,0,0,0,0,0,0,0,0,0,0,0,0,0,0,0,0,0,0,0,0,0,0,0,0,0,0,0,0,0,0,0,0,0,0,0,0,.0537014343,.1342535764,.1342535764,.0805521458,0,0,.1611042917,.2685071528,.3222085834,.1611042917,.0537014343,.3759100139,.3759100139,.8592229486,.7518200278,1.127730131
Ghana,GHA,Africa,Sub-Saharan Africa,Western Africa,.,.,.,Africa,https://www.countryflags.io/gh/flat/64.png,29767108,29.76710892,0,0,0,0,0,0,0,0,0,0,0,0,0,0,0,0,0,0,0,0,0,0,0,0,0,0,0,0,0,0,0,0,0,0,0,0,0,0,0,0,0,0,0,0,0,0,0,0,0,0,0,0,0,0,0,0,0,0,0,0,0,0,.011198042,.0223960839,.0223960839,.011198042,0,.3247432113,.3247432113,.3247432113,0,0,0,0,0,.033594124,-.3135451674,-.3023471236,-.3359412551,.011198042,0,.1455745399,.1455745399,.8846452832,.7390707731,1.1086061
Georgia,GEO,Asia,Western Asia,,.,.,.,Asia,https://www.countryflags.io/ge/flat/64.png,3726549,3.72654891,0,0,0,0,0,0,0,0,0,0,0,0,0,0,0,0,0,0,0,0,0,0,0,0,0,0,0,0,0,0,0,0,0,0,0,0,0,0,0,0,0,0,0,0,0,0,0,0,0,0,0,0,.0894482657,.0894482657,.0894482657,0,0,0,.1788965315,.1788965315,.7155861259,.6261378527,.7155861259,.4472413361,.3577930629,.6261378527,.5366895795,.6261378527,.4472413361,.5366895795,.6261378527,1.162827492,.8944826722,.9839308858,.8944826722,1.252275705,1.073379159,.7155861259,.8944826722,1.431172252,1.252275705,.805034399,.3577930629,.7155861259,.8944826722,1.073379159
United Kingdom,GBR,Europe,Northern Europe,,.,.,.,Europe,https://www.countryflags.io/gb/flat/64.png,66460344,66.46034241,0,0,0,0,0,0,0,0,0,0,0,0,0,0,0,0,0,0,0,.0050155222,.0050155222,.0050155222,0,.0351086557,.0351086557,.0351086557,0,0,0,0,0,0,0,0,0,0,0,0,0,0,0,0,0,.0501552224,.0501552224,.0501552224,0,0,0,0,0,0,.0100310445,.1705277562,.2357295454,.2256985009,.0652017891,0,0,0,.3510865569,.3510865569,.3510865569,0,0,0,0,0,0,0,0,0,0,0,0,0,0,1.048244119,1.048244119,1.048244119,-1.725339651,-1.725339651,-1.725339651,0,0,0
Gabon,GAB,Africa,Sub-Saharan Africa,Middle Africa,.,.,.,Africa,https://www.countryflags.io/ga/flat/64.png,2119275,2.119275093,0,0,0,0,0,0,0,0,0,0,0,0,0,0,0,0,0,0,0,0,0,0,0,0,0,0,0,0,0,0,0,0,0,0,0,0,0,0,0,0,0,0,0,0,0,0,0,0,0,0,0,0,0,0,0,0,0,0,0,0,0,0,0,0,0,0,0,0,0,0,.1572864801,.1572864801,.1572864801,0,0,0,0,0,0,0,0,0,.4718594551,.4718594551,.9437189102,.7077891827
France,FRA,Europe,Western Europe,,.,.,.,Europe,https://www.countryflags.io/fr/flat/64.png,66977107,66.97710419,0,0,0,0,0,0,0,0,0,0,0,0,0,0,0,0,0,0,0,.0099536506,.0099536506,.0099536506,.0099536506,.0099536506,.0099536506,0,0,0,0,0,0,0,.0348377749,.0348377749,.0348377749,0,.0049768253,.0049768253,.0049768253,0,0,0,0,0,0,0,0,0,0,0,0,0,0,0,0,0,0,0,10.88929367,10.88929367,16.08012199,8.46060276,13.67631531,12.22805882,8.958285332,11.2177639,11.08338928,18.63323402,18.57351112,22.40069008,22.71422958,22.4156208,18.68797874,16.13486671,19.4046402,25.23748016,29.64196968,27.84533691,25.56595039,19.80776405,13.86543465,12.01405621,18.75765419,25.35194778,27.94487381,25.86704826
Fiji,FJI,Oceania,Melanesia,,.,.,.,Oceania,https://www.countryflags.io/fj/flat/64.png,883483,.8834829926,0,0,0,0,0,0,0,0,0,0,0,0,0,0,0,0,0,0,0,0,0,0,0,0,0,0,0,0,0,0,0,0,0,0,0,0,0,0,0,0,0,0,0,0,0,0,0,0,0,0,0,0,0,0,0,0,0,0,0,0,0,0,0,0,0,0,0,0,0,0,0,0,0,0,0,0,0,0,0,0,0,0,0,0,0,0
Finland,FIN,Europe,Northern Europe,,.,.,.,Europe,https://www.countryflags.io/fi/flat/64.png,5515525,5.515524864,0,0,0,0,0,0,0,0,0,0,0,0,0,0,0,0,0,0,0,.0604354702,.0604354702,.0604354702,0,0,0,0,0,0,0,0,0,0,0,0,0,0,0,0,0,0,0,0,0,0,0,0,0,0,0,0,0,.5439192057,.5439192057,.5439192057,0,0,0,0,0,0,0,0,0,0,0,0,0,0,0,17.52628517,17.52628517,17.52628517,0,0,0,0,0,0,0,0,0,0,0,84.60965729,84.60965729,126.9144821
Ethiopia,ETH,Africa,Sub-Saharan Africa,Eastern Africa,.,.,.,Africa,https://www.countryflags.io/et/flat/64.png,109224559,109.224556,0,0,0,0,0,0,0,0,0,0,0,0,0,0,0,0,0,0,0,0,0,0,0,0,0,0,0,0,0,0,0,0,0,0,0,0,0,0,0,0,0,0,0,0,0,0,0,0,0,0,0,0,0,0,0,0,0,0,.0122072669,.0122072669,0,-.0122072669,-.0122072669,0,.0030518167,.0030518167,.0122072669,.0030518167,.0030518167,-.0030518167,.0030518167,.0061036334,.0030518167,.0030518167,0,0,0,0,.0183109008,.0183109008,.0305181686,.0122072669,.0152590843,.0030518167,.0030518167,0
Estonia,EST,Europe,Northern Europe,,.,.,.,Europe,https://www.countryflags.io/ee/flat/64.png,1321977,1.321977019,0,0,0,0,0,0,0,0,0,0,0,0,0,0,0,0,0,0,0,0,0,0,0,0,0,0,0,0,0,0,0,0,0,0,0,0,0,0,0,0,0,0,0,0,0,0,0,0,0,0,0,.252147615,.252147615,.252147615,0,0,0,0,.252147615,.252147615,1.512885571,1.512885571,1.512885571,1.00859046,3.025771141,3.025771141,2.269328356,1.512885571,3.277918816,6.303689957,5.54724741,6.555837631,4.286509037,3.53006649,2.52147603,2.52147603,5.295099735,6.051542282,5.295099735,3.782213926,2.269328356,5.54724741,4.790804386,7.816575527,7.564427853,10.59019947
Spain,ESP,Europe,Southern Europe,,.,.,.,Europe,https://www.countryflags.io/es/flat/64.png,46796540,46.79653931,0,0,0,0,0,0,0,0,0,0,0,0,0,0,0,0,0,0,0,0,0,0,.014246068,.014246068,.014246068,0,0,0,0,0,0,0,0,0,0,0,0,0,0,0,0,0,0,.1994449496,.1994449496,.2136910111,.014246068,1.0898242,1.075578094,1.146808505,2.379093409,2.379093409,2.400462389,3.639870405,4.017391205,4.109990597,3.988898993,7.436447144,10.45661354,7.030434608,11.88834381,19.8875103,31.62627029,39.62543869,49.2771492,54.80462265,52.87427902,49.67603683,56.5426445,70.96678925,80.16262054,82.42774963,80.75383759,70.68898773,64.02895355,70.81008148,83.53894043,88.75299835,78.98020172,72.8401413,64.527565,59.79787064,60.27511215,71.7289505,51.94828415,42.13986969
Eritrea,ERI,Africa,Sub-Saharan Africa,Eastern Africa,.,.,.,Africa,https://www.countryflags.io/er/flat/64.png,3213972,3.213972092,0,0,0,0,0,0,0,0,0,0,0,0,0,0,0,0,0,0,0,0,0,0,0,0,0,0,0,0,0,0,0,0,0,0,0,0,0,0,0,0,0,0,0,0,0,0,0,0,0,0,0,0,0,0,0,0,0,0,0,0,0,0,0,0,0,0,0,0,0,0,0,0,0,0,0,0,0,0,0,0,0,0,0,0,0,0
Egypt,EGY,Africa,Northern Africa,,.,.,.,Africa,https://www.countryflags.io/eg/flat/64.png,98423595,98.42359161,0,0,0,0,0,0,0,0,0,0,0,0,0,0,0,0,0,0,0,0,0,0,0,0,0,0,0,0,0,0,0,0,0,0,0,.0033867219,.0033867219,.0033867219,0,0,0,0,0,0,0,0,0,.0880547687,.0880547687,.0880547687,0,-.0203203317,0,.0169336088,.0372539423,.0169336088,.0237070527,.0304804966,.0812813267,.0575742722,.1320821494,.1320821494,.1557892114,.1219219863,.0880547687,.1016016603,.1151485443,.1219219863,.1591759324,.1727228165,.1998165995,.2099767625,.1557892114,.1456290483,.1185352653,.1964298636,.3014182448,.365765959,.4097933471,.8161999583,.6942780018,.5520356894,0,.0237070527,.1930431426,.2895647287
Ecuador,ECU,Americas,Latin America and the Caribbean,South America,1,1,1,Americas,https://www.countryflags.io/ec/flat/64.png,17084357,17.08435631,0,0,0,0,0,0,0,0,0,0,0,0,0,0,0,0,0,0,0,0,0,0,0,0,0,0,0,0,0,0,0,0,0,0,0,0,0,0,0,0,0,0,0,0,0,0,0,0,0,0,0,0,0,0,0,0,0,.0585330799,.0585330799,.0585330799,0,0,0,0,0,0,0,.9950623512,1.073106527,1.209683657,.2146212906,.8194631338,.6828859448,.6828859448,0,.7804410458,4.663135529,5.228955269,5.287488461,3.16078639,4.468025208,5.560642719,5.443576336,4.702157497,2.770565748,1.69745934
Algeria,DZA,Africa,Northern Africa,,.,.,.,Africa,https://www.countryflags.io/dz/flat/64.png,42228429,42.22842789,0,0,0,0,0,0,0,0,0,0,0,0,0,0,0,0,0,0,0,0,0,0,0,0,0,0,0,0,0,0,0,0,0,0,0,0,0,0,0,0,0,0,0,0,0,0,0,0,.0631486103,.0631486103,.0947229192,.0315743051,.0315743051,0,0,.1578715295,.1578715295,.1578715295,.2604880333,.2604880333,-.0631486103,0,-.28416875,.0394678824,-.2683815956,.0157871526,.0631486103,.1184036508,.2368073016,.1894458383,.1262972206,.2289137244,.2289137244,.2210201472,.1815522611,1.160355806,2.028649092,2.304924488,1.760267615,1.926032662,1.547141075,1.823416233,.92354846,1.436630964,1.223504424,1.63397038
Dominican Republic,DOM,Americas,Latin America and the Caribbean,Caribbean,1,3,1,Americas,https://www.countryflags.io/do/flat/64.png,10627165,10.62716484,0,0,0,0,0,0,0,0,0,0,0,0,0,0,0,0,0,0,0,0,0,0,0,0,0,0,0,0,0,0,0,0,0,0,0,0,0,0,0,0,0,0,0,0,0,0,0,0,0,0,0,0,0,0,0,0,0,0,0,0,.0940984711,.0940984711,.0940984711,0,0,0,.0313661583,.0627323166,.1881969422,.3763938844,.3450277448,.2195631117,.0313661583,.5332247019,.6273231506,1.035083175,1.474209428,1.944701791,1.819237232,1.599674106,1.693772554,1.693772554,2.415194273,1.97606802,3.324812651,2.822954178
Denmark,DNK,Europe,Northern Europe,,.,.,.,Europe,https://www.countryflags.io/dk/flat/64.png,5793636,5.793635845,0,0,0,0,0,0,0,0,0,0,0,0,0,0,0,0,0,0,0,0,0,0,0,0,0,0,0,0,0,0,0,0,0,0,0,0,0,0,0,0,0,0,.0575343966,.0575343966,.0575343966,0,0,0,0,0,0,0,0,0,0,0,0,0,0,0,0,0,0,0,0,0,0,0,51.37821579,62.59742355,68.58100128,22.38088036,13.69318581,10.64386272,11.9671545,16.91511154,20.59731293,16.22469902,19.21648788,22.26581001,26.58089066,32.21926117,35.95899582,45.3371048,50.28506088,55.31932068
Djibouti,DJI,Africa,Sub-Saharan Africa,Eastern Africa,.,.,.,Africa,https://www.countryflags.io/dj/flat/64.png,958920,.958920002,0,0,0,0,0,0,0,0,0,0,0,0,0,0,0,0,0,0,0,0,0,0,0,0,0,0,0,0,0,0,0,0,0,0,0,0,0,0,0,0,0,0,0,0,0,0,0,0,0,0,0,0,0,0,0,0,0,0,0,0,0,0,0,0,0,0,0,0,0,0,2.7809062,2.7809062,3.128519535,.3476132751,.3476132751,5.561812401,5.561812401,9.385559082,3.823746204,3.823746204,1.738066435,5.909425735,12.16646481,11.1236248,7.995105743,2.607099533
Germany,DEU,Europe,Western Europe,,.,.,.,Europe,https://www.countryflags.io/de/flat/64.png,82905782,82.90578461,0,0,0,0,0,0,0,0,0,0,0,0,0,0,0,0,0,0,0,0,.0040206281,.0040206281,.0040206281,0,0,.0442269109,.0442269109,.0442269109,.0080412561,.0080412561,.0080412561,0,0,.0040206281,.0080412561,.0080412561,.0040206281,0,0,0,0,0,.0040206281,.0080412561,.0080412561,.0040206281,0,.0281443968,.0281443968,.1125775874,.0844331905,.0844331905,.0844331905,.0844331905,.2372170687,.1849488914,.4543309808,.5146403909,.6151561141,.3457740247,12.10209084,13.19168091,21.73953629,13.73044491,19.83778,14.22498226,27.50913811,30.63316536,38.15174103,35.94441605,34.07482529,30.95883751,25.16913223,16.58509064,38.92370224,70.76305389,95.31703186,71.69583893,44.6289711,31.7348175,41.76226425,43.4227829,49.45372772,51.06197739,59.96364975,63.40932846
Czech Republic,CZE,Europe,Eastern Europe,,.,.,.,Europe,https://www.countryflags.io/cz/flat/64.png,10629928,10.62992764,0,0,0,0,0,0,0,0,0,0,0,0,0,0,0,0,0,0,0,0,0,0,0,0,0,0,0,0,0,0,0,0,0,0,0,0,0,0,0,0,0,0,0,0,0,0,0,0,0,0,0,0,.0940740183,.0940740183,.0940740183,0,.0313580073,.0940740183,.0940740183,.0627160147,.1254320294,.1254320294,.1254320294,.0313580073,.0313580073,.0313580073,.4390120804,1.066172242,1.5679003,1.317036271,.8466661572,.5330861211,.9093821645,1.536542296,2.947652578,4.296046734,5.644441128,5.456293106,5.581725121,5.111354828,5.424934864,7.243699551,11.13209248,14.20517635,16.68245888,16.69813728
Cyprus,CYP,Asia,Western Asia,,.,.,.,Asia,https://www.countryflags.io/cy/flat/64.png,1189265,1.189265013,0,0,0,0,0,0,0,0,0,0,0,0,0,0,0,0,0,0,0,0,0,0,0,0,0,0,0,0,0,0,0,0,0,0,0,0,0,0,0,0,0,0,0,0,0,0,0,0,0,0,0,0,0,0,0,0,0,0,.8408554792,.8408554792,.8408554792,0,.2802851498,3.363421917,3.363421917,3.083136797,1.961996078,2.242281199,3.643707037,1.681710958,1.401425838,1.401425838,2.522566319,4.764847755,3.923992157,4.204277515,2.242281199,3.083136797,2.522566319,3.363421917,1.961996078,1.121140599,0,3.363421917,3.363421917,5.045132637
Cuba,CUB,Americas,Latin America and the Caribbean,Caribbean,1,.,.,Americas,https://www.countryflags.io/cu/flat/64.png,11338138,11.33813763,0,0,0,0,0,0,0,0,0,0,0,0,0,0,0,0,0,0,0,0,0,0,0,0,0,0,0,0,0,0,0,0,0,0,0,0,0,0,0,0,0,0,0,0,0,0,0,0,0,0,0,0,0,0,0,0,0,0,0,0,.0293993019,.0293993019,.0293993019,.0881979093,.0881979093,.0881979093,0,.1175972074,.2351944149,.2645937204,.2057951093,.0881979093,.0587986037,.0881979093,.3527916372,.3527916372,.293993026,.7055832744,1.4699651,1.881555319,2.057951212,1.616961598,1.734558821,1.4699651,1.763958097,1.80805707
Costa Rica,CRI,Americas,Latin America and the Caribbean,Central America,1,2,1,Americas,https://www.countryflags.io/cr/flat/64.png,4999441,4.999441147,0,0,0,0,0,0,0,0,0,0,0,0,0,0,0,0,0,0,0,0,0,0,0,0,0,0,0,0,0,0,0,0,0,0,0,0,0,0,0,0,0,0,0,0,0,0,0,0,0,0,0,0,0,0,0,0,0,.1333482414,.1333482414,.1333482414,0,0,0,.0666741207,.0666741207,.0666741207,.0666741207,.0666741207,.0666741207,.1333482414,.4667188227,.6000670791,.6667411923,.4667188227,.7334153056,.8667635322,.8000894189,1.200134158,1.333482385,1.733527064,1.333482385,1.133460045,.7334153056,.8000894189,1.466830611,2.100234747
Cabo Verde,CPV,Africa,Sub-Saharan Africa,Western Africa,.,.,.,Africa,https://www.countryflags.io/cv/flat/64.png,543767,.5437669754,0,0,0,0,0,0,0,0,0,0,0,0,0,0,0,0,0,0,0,0,0,0,0,0,0,0,0,0,0,0,0,0,0,0,0,0,0,0,0,0,0,0,0,0,0,0,0,0,0,0,0,0,0,0,0,0,0,0,0,0,0,0,0,0,0,0,0,0,0,0,0,0,0,.6130076647,.6130076647,.6130076647,0,0,0,0,0,0,0,0,0,0
Colombia,COL,Americas,Latin America and the Caribbean,South America,1,1,1,Americas,https://www.countryflags.io/co/flat/64.png,49648685,49.64868546,0,0,0,0,0,0,0,0,0,0,0,0,0,0,0,0,0,0,0,0,0,0,0,0,0,0,0,0,0,0,0,0,0,0,0,0,0,0,0,0,0,0,0,0,0,0,0,0,0,0,0,0,0,.0067138402,.0067138402,.0067138402,0,0,.0134276804,.0134276804,.0335692018,.0335692018,.0335692018,.0268553607,.0134276804,.0134276804,.0335692018,.1409906447,.1947013587,.2685536146,.1611321568,.3088366389,.2215567231,.2215567231,.100707598,.2349843979,.5773902535,.6512424946,.6109594703,.6445286274,.819088459,.9399375916,1.221918941,1.550897002,1.879875183,1.832878351
Congo (Brazzaville),COG,Africa,Sub-Saharan Africa,Middle Africa,.,.,.,Africa,https://www.countryflags.io/cg/flat/64.png,5244363,5.244362831,0,0,0,0,0,0,0,0,0,0,0,0,0,0,0,0,0,0,0,0,0,0,0,0,0,0,0,0,0,0,0,0,0,0,0,0,0,0,0,0,0,0,0,0,0,0,0,0,0,0,0,0,0,0,0,0,0,0,0,0,0,0,0,0,0,0,0,0,0,.127120629,.127120629,.127120629,0,0,0,0,.190680936,.190680936,.190680936,0,0,0,.381361872,.381361872,.381361872,0
Congo (Kinshasa),COD,Africa,Sub-Saharan Africa,Middle Africa,.,.,.,Africa,https://www.countryflags.io/cd/flat/64.png,84068091,84.06809235,0,0,0,0,0,0,0,0,0,0,0,0,0,0,0,0,0,0,0,0,0,0,0,0,0,0,0,0,0,0,0,0,0,0,0,0,0,0,0,0,0,0,0,0,0,0,0,0,0,0,0,0,0,0,0,0,0,0,0,0,0,0,0,.0079300795,.0079300795,.0079300795,0,0,.0039650397,.0039650397,.0039650397,0,0,.0079300795,.0237902384,.0237902384,.015860159,.015860159,.0277552791,.0277552791,.015860159,.015860159,.0198251996,.0237902384,.0198251996,.0237902384
Cameroon,CMR,Africa,Sub-Saharan Africa,Middle Africa,.,.,.,Africa,https://www.countryflags.io/cm/flat/64.png,25216237,25.21623611,0,0,0,0,0,0,0,0,0,0,0,0,0,0,0,0,0,0,0,0,0,0,0,0,0,0,0,0,0,0,0,0,0,0,0,0,0,0,0,0,0,0,0,0,0,0,0,0,0,0,0,0,0,0,0,0,0,0,0,0,0,.0264379922,.0264379922,.0264379922,0,.0396569893,.0396569893,.0396569893,.0660949796,.0660949796,.1586279571,.0925329775,.0925329775,0,.343693912,.5684168339,.5684168339,.7270448208,.5023218393,.5023218393,0,.4230078757,.8856727481,.8724537492,.4494458735,-.0198284946
Cote d'Ivoire,CIV,Africa,Sub-Saharan Africa,Western Africa,.,.,.,Africa,https://www.countryflags.io/ci/flat/64.png,25069229,25.06922913,0,0,0,0,0,0,0,0,0,0,0,0,0,0,0,0,0,0,0,0,0,0,0,0,0,0,0,0,0,0,0,0,0,0,0,0,0,0,0,0,0,0,0,0,0,0,0,0,0,0,0,0,0,.0132965129,.0132965129,.0132965129,0,0,0,0,.0132965129,.0265930258,.0265930258,.0132965129,0,.0132965129,.0398895405,.0531860515,.0664825663,.1196686178,.1595581621,.2127442062,.2925232947,.2925232947,.2127442062,.1462616473,.1462616473,.1462616473,.1329651326,.4387849271,.4919709861,.7446047068,.3855988681,.7579012513,1.050424576,1.575636744
China,CHN,Asia,Eastern Asia,,.,.,.,Asia,https://www.countryflags.io/cn/flat/64.png,1392730000,1392.72998,.002872057,.002632719,.0045474237,.005265438,.0148389619,.0169930048,.0184290335,.0270452034,.0370974056,.0785028934,.095735237,.1359440386,.156048432,.2065487653,.2766748369,.354459703,.4169269502,.4592897892,.4882496893,.4458868504,.5502382517,.7996285558,1.009049416,1.086116195,1.073431373,1.174671292,1.246233463,1.328805089,1.076542735,1.612420678,1.238095999,1.510462642,1.191185713,1.650714755,1.894361019,2.07099247,2.210526705,2.209569216,2.040357113,1.945818663,1.876171231,1.780196667,1.554261565,1.325454354,1.219666958,1.163183093,1.111007452,1.018622875,.9805681705,.9609424472,.9611817598,.9851155877,.8889016509,.7510429025,.6553077102,.6282624602,.5906863809,.5030886531,.4372707009,.3704953492,.340578109,.3377060592,.3271751702,.3446468413,.317601651,.3353126645,.2879237235,.2647079229,.1969752461,.1536550522,.1325933039,.1294819117,.1536550522,.131635949,.1110528708,.0861617103,.0883157551,.0911878124,.0741948113,.066296652,.0593558475,.0773062035,.0849650204,.0866403878,-.1550910771,-.2724864185
Chile,CHL,Americas,Latin America and the Caribbean,South America,1,1,1,Americas,https://www.countryflags.io/cl/flat/64.png,18729160,18.72916031,0,0,0,0,0,0,0,0,0,0,0,0,0,0,0,0,0,0,0,0,0,0,0,0,0,0,0,0,0,0,0,0,0,0,0,0,0,0,0,0,0,0,0,0,0,0,0,0,0,0,0,0,0,0,0,0,.1067853495,.1067853495,.142380476,.035595119,.1957731545,.2491658181,.2491658181,.4627365172,.6941047907,.9432706237,2.011124134,1.690768123,2.829811811,3.185763121,4.823138237,5.232482433,5.036709309,5.357065201,6.585096836,8.845386505,9.717467308,11.97775745,13.33037186,13.97108364,14.16685677,13.91769123,15.62625694,16.58732414,17.35261917,18.26029587
Switzerland,CHE,Europe,Western Europe,,.,.,.,Europe,https://www.countryflags.io/ch/flat/64.png,8513227,8.513227463,0,0,0,0,0,0,0,0,0,0,0,0,0,0,0,0,0,0,0,0,0,0,0,0,0,0,0,0,0,0,0,0,0,0,0,0,0,0,0,.0783095062,.1174642667,.1174642667,.0391547531,0,0,0,0,.0391547531,.0391547531,.0391547531,0,0,0,0,.4307022989,.4307022989,.4307022989,0,4.541951656,4.541951656,4.541951656,0,0,54.77750015,54.77750015,57.32255936,11.47234344,11.47234344,53.72032166,85.74891663,118.3648224,135.0056,94.04972076,125.6867599,89.62523651,132.5388489,99.60969543,93.81478882,90.05593872,82.22498322,101.8023605,62.6476059,105.7178345,86.14045715,105.7178345,58.73213196
Canada,CAN,Americas,Northern America,,.,.,.,Americas,https://www.countryflags.io/ca/flat/64.png,37057765,37.05776596,0,0,0,0,0,0,0,0,0,0,0,0,0,0,0,0,0,0,0,.0089949658,.0089949658,.0089949658,0,0,0,0,0,0,.0179899316,.0179899316,.0179899316,0,0,0,.0269848965,.0269848965,.0269848965,0,0,0,0,0,0,.0179899316,.0179899316,.0179899316,0,0,0,0,0,0,.0089949658,.0089949658,.0089949658,0,0,.0089949658,.0089949658,.0089949658,.8994965553,1.556129098,1.565124035,1.313264966,2.54557538,2.536580324,1.888942838,10.12833118,7.717680454,11.41461182,5.244064808,11.27069187,11.48657131,9.723557472,10.9198885,10.27225113,17.14440536,18.56560898,21.90274239,17.63912773,17.1174202,14.58083916,16.57772255,17.45023346,21.0032444,21.30457687
Central African Republic,CAF,Africa,Sub-Saharan Africa,Middle Africa,.,.,.,Africa,https://www.countryflags.io/cf/flat/64.png,4666377,4.666377068,0,0,0,0,0,0,0,0,0,0,0,0,0,0,0,0,0,0,0,0,0,0,0,0,0,0,0,0,0,0,0,0,0,0,0,0,0,0,0,0,0,0,0,0,0,0,0,0,0,0,0,0,0,0,0,0,0,0,0,0,0,0,0,0,0,0,0,0,0,0,0,0,0,0,0,0,0,0,0,0,.2142990083,.2857320309,.2857320309,.0714330077,0,0
Botswana,BWA,Africa,Sub-Saharan Africa,Southern Africa,.,.,.,Africa,https://www.countryflags.io/bw/flat/64.png,2254126,2.254126072,0,0,0,0,0,0,0,0,0,0,0,0,0,0,0,0,0,0,0,0,0,0,0,0,0,0,0,0,0,0,0,0,0,0,0,0,0,0,0,0,0,0,0,0,0,0,0,0,0,0,0,0,0,0,0,0,0,0,0,0,0,0,0,0,0,0,0,0,0,0,0,0,0,0,0,0,0,0,0,0,0,0,0,0,0,0
Bhutan,BTN,Asia,Southern Asia,,.,.,.,Asia,https://www.countryflags.io/bt/flat/64.png,754394,.7543939948,0,0,0,0,0,0,0,0,0,0,0,0,0,0,0,0,0,0,0,0,0,0,0,0,0,0,0,0,0,0,0,0,0,0,0,0,0,0,0,0,0,0,0,0,0,0,0,0,0,0,0,0,0,0,0,0,0,0,0,0,0,0,0,0,0,0,0,0,0,.4418557584,.8837115169,.8837115169,.4418557584,0,0,0,0,0,0,0,0,0,0,0,0,0
Brunei,BRN,Asia,South-eastern Asia,,.,.,.,Asia,https://www.countryflags.io/bn/flat/64.png,428962,.4289619923,0,0,0,0,0,0,0,0,0,0,0,0,0,0,0,0,0,0,0,0,0,0,0,0,0,0,0,0,0,0,0,0,0,0,0,0,0,0,0,0,0,0,0,0,0,0,0,0,0,0,0,0,0,0,0,0,.7770696282,1.554139256,1.554139256,.7770696282,0,0,2.331208944,6.993626595,17.87260056,22.53501892,20.98088074,15.54139233,13.98725319,13.98725319,15.54139233,10.87897491,13.21018314,13.21018314,14.76432323,13.98725319,7.770696163,10.87897491,10.10190487,10.87897491,6.216557026,2.331208944,1.554139256,.7770696282,3.885348082,4.662417889
Barbados,BRB,Americas,Latin America and the Caribbean,Caribbean,1,3,1,Americas,https://www.countryflags.io/bb/flat/64.png,286641,.2866410017,0,0,0,0,0,0,0,0,0,0,0,0,0,0,0,0,0,0,0,0,0,0,0,0,0,0,0,0,0,0,0,0,0,0,0,0,0,0,0,0,0,0,0,0,0,0,0,0,0,0,0,0,0,0,0,0,0,0,0,0,0,0,0,0,0,0,0,0,0,0,0,0,6.977368832,6.977368832,6.977368832,2.32578969,5.814474106,5.814474106,3.488684416,0,2.32578969,2.32578969,4.65157938,2.32578969,2.32578969,0
Brazil,BRA,Americas,Latin America and the Caribbean,South America,1,1,1,Americas,https://www.countryflags.io/br/flat/64.png,209469333,209.4693298,0,0,0,0,0,0,0,0,0,0,0,0,0,0,0,0,0,0,0,0,0,0,0,0,0,0,0,0,0,0,0,0,0,0,0,0,0,0,0,0,0,0,0,0,0,0,0,0,0,0,0,0,.0015913228,.0031826457,.0031826457,.0015913228,0,0,0,0,0,0,.0063652913,.0063652913,.0063652913,0,.1814108044,.1925500631,.1925500631,.0111392597,0,0,0,0,0,0,.0732008517,.0732008517,.0732008517,0,0,4.571870804,22.04459572,22.04459572,17.47272491,0
Bolivia,BOL,Americas,Latin America and the Caribbean,South America,1,1,1,Americas,https://www.countryflags.io/bo/flat/64.png,11353142,11.35314178,0,0,0,0,0,0,0,0,0,0,0,0,0,0,0,0,0,0,0,0,0,0,0,0,0,0,0,0,0,0,0,0,0,0,0,0,0,0,0,0,0,0,0,0,0,0,0,0,0,0,0,0,0,0,0,0,0,0,0,0,0,0,0,0,0,0,0,0,.0293604489,.0293604489,.0293604489,0,.0293604489,.0293604489,.0293604489,0,0,0,0,0,0,.1174417958,.1468022466,.3523253798,.5872089863,.8367727995
Belize,BLZ,Americas,Latin America and the Caribbean,Central America,1,2,1,Americas,https://www.countryflags.io/bz/flat/64.png,383071,.3830710053,0,0,0,0,0,0,0,0,0,0,0,0,0,0,0,0,0,0,0,0,0,0,0,0,0,0,0,0,0,0,0,0,0,0,0,0,0,0,0,0,0,0,0,0,0,0,0,0,0,0,0,0,0,0,0,0,0,0,0,0,0,0,0,0,0,0,0,0,0,0,0,0,0,0,0,0,0,0,0,0,0,0,0,0,0,0
Belarus,BLR,Europe,Eastern Europe,,.,.,.,Europe,https://www.countryflags.io/by/flat/64.png,9483499,9.483498573,0,0,0,0,0,0,0,0,0,0,0,0,0,0,0,0,0,0,0,0,0,0,0,0,0,0,0,0,0,0,0,0,0,0,0,0,0,0,0,0,0,0,0,0,0,.0351487733,.1054463163,.1054463163,.0702975467,0,0,0,0,0,.0702975467,.0702975467,.0702975467,.351487726,.351487726,.351487726,.2460414022,.4920828044,.4920828044,.351487726,.1054463163,.1054463163,0,.5272315741,.7381241918,.7381241918,.2108926326,0,-.0351487733,0,.0351487733,.8787193298,3.022794485,4.042109013,3.339133501,2.249521494,1.195058227,1.089611888,0,0,4.885679245,7.328518867
Bosnia and Herzegovina,BIH,Europe,Southern Europe,,.,.,.,Europe,https://www.countryflags.io/ba/flat/64.png,3323929,3.323929071,0,0,0,0,0,0,0,0,0,0,0,0,0,0,0,0,0,0,0,0,0,0,0,0,0,0,0,0,0,0,0,0,0,0,0,0,0,0,0,0,0,0,0,0,0,0,0,0,0,0,0,0,0,.2005658448,.2005658448,.2005658448,0,0,0,0,0,0,0,.3008487821,.3008487821,.6016975641,1.203395128,1.203395128,1.103112221,.3008487821,1.002829313,1.103112221,1.002829313,2.005658627,3.8107512,4.913863182,5.415277958,6.117258549,6.016975403,9.226029396,7.721785545,9.727443695,6.016975403,7.120087624,8.423766136,10.07843399
Bahamas,BHS,Americas,Latin America and the Caribbean,Caribbean,1,3,1,Americas,https://www.countryflags.io/bs/flat/64.png,385640,.3856399953,0,0,0,0,0,0,0,0,0,0,0,0,0,0,0,0,0,0,0,0,0,0,0,0,0,0,0,0,0,0,0,0,0,0,0,0,0,0,0,0,0,0,0,0,0,0,0,0,0,0,0,0,0,0,0,0,0,0,0,0,.864364028,.864364028,.864364028,0,0,0,0,0,0,0,0,-.864364028,-.864364028,2.593091965,4.321820259,4.321820259,.864364028,0,0,0,.864364028,.864364028,.864364028,0,0,0
Bahrain,BHR,Asia,Western Asia,,.,.,.,Asia,https://www.countryflags.io/bh/flat/64.png,1569439,1.569439054,0,0,0,0,0,0,0,0,0,0,0,0,0,0,0,0,0,0,0,0,0,0,0,0,0,0,0,0,0,0,0,0,0,0,0,0,0,0,0,0,0,0,.8495604396,.8495604396,.8495604396,2.123901129,3.823021889,6.584093571,4.460192204,4.672582626,1.911510944,5.309752941,7.008873463,7.8584342,5.946923256,4.884972572,4.035412312,7.8584342,10.40711498,10.40711498,11.04428577,5.946923256,11.68145561,10.61950588,18.69033051,14.44252777,11.04428577,6.371703148,13.80535698,21.66379166,18.47793961,18.26554871,10.61950588,16.14164925,7.433653831,9.769945145,12.95579624,17.20359802,16.56642914,8.283214569,11.04428577,19.1151104,22.30096245,23.78769302,16.99120903,19.75228119
Bulgaria,BGR,Europe,Eastern Europe,,.,.,.,Europe,https://www.countryflags.io/bg/flat/64.png,7025037,7.025036812,0,0,0,0,0,0,0,0,0,0,0,0,0,0,0,0,0,0,0,0,0,0,0,0,0,0,0,0,0,0,0,0,0,0,0,0,0,0,0,0,0,0,0,0,0,0,0,0,0,0,0,0,0,0,0,0,0,.1423480064,.1423480064,.1423480064,0,.0474493355,.2372466773,.2846960127,.3321453631,.2846960127,.3795946836,.2846960127,.2846960127,.3795946836,.6168413758,.6642907262,.5693920255,.427044034,.3795946836,.2372466773,.427044034,.5693920255,.9489867091,.9489867091,.8066387177,.9015373588,1.755625486,2.419916153,2.846960068,2.562264204
Bangladesh,BGD,Asia,Southern Asia,,.,.,.,Asia,https://www.countryflags.io/bd/flat/64.png,161356039,161.3560333,0,0,0,0,0,0,0,0,0,0,0,0,0,0,0,0,0,0,0,0,0,0,0,0,0,0,0,0,0,0,0,0,0,0,0,0,0,0,0,0,0,0,0,0,0,0,0,0,0,0,0,0,.0041316501,.0061974749,.0061974749,.002065825,0,0,0,0,.0041316501,.0082633002,.0165266003,.0123949498,.0165266003,.0082633002,.0165266003,.0206582509,.0206582509,.0123949498,.002065825,.0103291254,.0165266003,.0144607751,.0061974749,0,0,0,.0061974749,.0123949498,.0185924247,.0123949498,.0206582509,.0144607751,.0330532007,.0278886389
Burkina Faso,BFA,Africa,Sub-Saharan Africa,Western Africa,.,.,.,Africa,https://www.countryflags.io/bf/flat/64.png,19751535,19.75153542,0,0,0,0,0,0,0,0,0,0,0,0,0,0,0,0,0,0,0,0,0,0,0,0,0,0,0,0,0,0,0,0,0,0,0,0,0,0,0,0,0,0,0,0,0,0,0,0,0,0,0,0,0,0,0,0,0,.0843816251,.0843816251,.0843816251,.03375265,.0843816251,.0843816251,.0843816251,.1856395751,.2193922251,.3206501901,.1856395751,.3881554902,.3206501901,.3037738502,.3375265002,.6750530005,.9788268805,1.029455781,.7425583005,.6413003802,.3206501901,.3544028401,.2531448901,.2531448901,.3712791502,1.096961141,1.620127201,1.974529982,1.721385121
Benin,BEN,Africa,Sub-Saharan Africa,Western Africa,.,.,.,Africa,https://www.countryflags.io/bj/flat/64.png,11485048,11.48504829,0,0,0,0,0,0,0,0,0,0,0,0,0,0,0,0,0,0,0,0,0,0,0,0,0,0,0,0,0,0,0,0,0,0,0,0,0,0,0,0,0,0,0,0,0,0,0,0,0,0,0,0,0,0,0,0,0,0,0,0,0,0,0,0,0,0,0,.0290232413,.0290232413,.0290232413,.0290232413,.0290232413,.116092965,.0870697275,.0870697275,0,0,0,0,0,0,.37730214,.37730214,.37730214,0,0
Belgium,BEL,Europe,Western Europe,,.,.,.,Europe,https://www.countryflags.io/be/flat/64.png,11433256,11.43325615,0,0,0,0,0,0,0,0,0,0,0,0,0,0,0,0,0,0,0,0,0,0,0,0,.0291547161,.0291547161,.0291547161,0,0,0,0,0,0,0,0,0,0,0,0,0,0,0,0,0,0,0,0,0,0,0,0,0,0,0,.8746414781,.8746414781,0,6.763894081,6.763894081,7.6385355,5.772633553,8.279939651,12.01174259,11.57442188,15.04383373,19.94182587,19.50450516,18.45493507,22.53659439,28.22176552,34.28594589,32.50750732,36.61832428,32.47835159,26.53079224,27.11388588,34.34425354,41.1373024,38.04690552,37.87197495,33.20722198,25.71445847,18.77563667,24.92728233,31.86610413,37.34719086
Burundi,BDI,Africa,Sub-Saharan Africa,Eastern Africa,.,.,.,Africa,https://www.countryflags.io/bi/flat/64.png,11175378,11.17537785,0,0,0,0,0,0,0,0,0,0,0,0,0,0,0,0,0,0,0,0,0,0,0,0,0,0,0,0,0,0,0,0,0,0,0,0,0,0,0,0,0,0,0,0,0,0,0,0,0,0,0,0,0,0,0,0,0,0,0,0,0,0,0,0,0,0,0,0,0,0,0,0,0,0,0,0,0,0,0,0,0,0,0,0,0,0
Azerbaijan,AZE,Asia,Western Asia,,.,.,.,Asia,https://www.countryflags.io/az/flat/64.png,9939800,9.939800262,0,0,0,0,0,0,0,0,0,0,0,0,0,0,0,0,0,0,0,0,0,0,0,0,0,0,0,0,0,0,0,0,0,0,0,0,0,0,0,0,0,0,0,0,0,0,0,.1006056443,.1006056443,.1006056443,0,.1006056443,.1006056443,.1006056443,0,0,0,.1676760763,.134140864,.134140864,-.033535216,0,.1676760763,.1676760763,.1676760763,0,.3688873649,.3688873649,.3688873649,0,.2012112886,.2012112886,.2012112886,.4024225771,.4024225771,1.03959167,1.911507249,3.85654974,4.594324589,4.996747017,4.359577656,5.063817501,5.164422989,5.734521866,5.935732841,6.237549782
Austria,AUT,Europe,Western Europe,,.,.,.,Europe,https://www.countryflags.io/at/flat/64.png,8840521,8.840520859,0,0,0,0,0,0,0,0,0,0,0,0,0,0,0,0,0,0,0,0,0,0,0,0,0,0,0,0,0,0,0,0,0,0,0,0,0,0,0,0,0,0,0,0,0,.0754103363,.1508206725,.1508206725,.0754103363,.0754103363,.0754103363,.0754103363,0,-.1885258406,.1131155044,.1131155044,.301641345,0,0,0,0,0,3.883632421,8.144316673,8.144316673,13.83779716,15.49682426,32.80349731,36.08384705,41.96585464,34.95269012,40.38223648,47.09375763,54.33314896,58.02825546,57.08562469,67.00208282,76.0890274,78.87921143,65.87093353,48.22491074,38.79861832,41.89044189,61.94959259,78.08740234,90.83174896
Australia,AUS,Oceania,Australia and New Zealand,,.,.,.,Oceania,https://www.countryflags.io/au/flat/64.png,24982688,24.9826889,0,0,0,0,0,0,.0266851448,.0266851448,.0266851448,0,0,0,0,0,0,0,0,0,0,0,.0800554305,.0800554305,.0800554305,0,.0266851448,.0266851448,.0266851448,0,.0133425724,.0133425724,.0133425724,0,0,0,0,0,0,0,0,0,0,.1334257275,.1334257275,.1334257275,0,0,0,0,0,.0266851448,.0266851448,.0266851448,0,0,0,.0400277153,.0400277153,.0400277153,.8272394538,.8272394538,1.187488914,.4136197269,1.120776057,1.054063201,1.667821527,.960665226,.8405820727,1.521053195,2.374977827,3.509096622,3.882688522,3.722577572,3.162189722,5.750648499,5.056834698,4.309650898,5.230288506,9.513254166,9.686707497,4.456418991,.1734534353,5.070177555,5.070177555,7.325072289,21.64165306,32.46247864
Armenia,ARM,Asia,Western Asia,,.,.,.,Asia,https://www.countryflags.io/am/flat/64.png,2951776,2.951776028,0,0,0,0,0,0,0,0,0,0,0,0,0,0,0,0,0,0,0,0,0,0,0,0,0,0,0,0,0,0,0,0,0,0,0,0,0,0,0,0,0,0,0,0,0,0,0,0,0,0,0,0,0,.1129263639,.1129263639,.1129263639,0,0,.1129263639,.1129263639,1.468042731,1.580969095,1.806821823,1.580969095,1.580969095,1.355116367,.2258527279,0,.1129263639,.3387790918,1.468042731,1.355116367,2.710232735,2.145600796,4.968760014,6.436802864,8.582403183,7.001434326,6.662655354,6.662655354,7.001434326,10.38922501,11.29263592,16.60017586,15.47091198,17.78590202
Argentina,ARG,Americas,Latin America and the Caribbean,South America,1,1,1,Americas,https://www.countryflags.io/ar/flat/64.png,44494502,44.49450302,0,0,0,0,0,0,0,0,0,0,0,0,0,0,0,0,0,0,0,0,0,0,0,0,0,0,0,0,0,0,0,0,0,0,0,0,0,0,0,0,0,0,0,0,0,0,0,0,0,0,.007491562,.007491562,.007491562,.0149831241,.0149831241,.0149831241,0,0,0,0,.3670865297,.3670865297,.449493736,.1498312354,.1498312354,.0674240589,1.168683648,1.258582473,1.318514943,.2097637355,.194780618,.2322384268,.1797974855,.4420021772,.4420021772,.5843418241,.2996624708,.2771877944,.6143081188,.7716308832,1.048818707,.8914958835,.9589199424,.8690211773,.8015971184,.7866140008
United Arab Emirates,ARE,Asia,Western Asia,,.,.,.,Asia,https://www.countryflags.io/ae/flat/64.png,9630959,9.630958557,0,0,0,0,0,0,0,0,0,0,0,0,0,0,0,0,0,0,0,.0346106067,.0346106067,.0346106067,.0692212135,.1038318276,.1038318276,.0346106067,0,0,0,0,0,0,0,0,0,.0346106067,.0346106067,.0346106067,0,0,0,0,0,.0692212135,.0692212135,.0692212135,.1730530411,.3461060822,.3461060822,.1730530411,0,.2076636553,.2076636553,.2076636553,.1038318276,.2768848538,.2768848538,.4153273106,.2422742546,.2422742546,.2422742546,.4845485091,.4845485091,.2422742546,0,.2076636553,.3114954829,.3114954829,.1038318276,1.211371303,1.626698613,2.215078831,1.661309242,2.042025805,2.111247063,3.288007736,3.495671511,8.029661179,12.07910252,14.25957012,15.02100372,11.94065952,12.2521553,8.410377502,8.825705528,7.99505043
Albania,ALB,Europe,Southern Europe,,.,.,.,Europe,https://www.countryflags.io/al/flat/64.png,2866376,2.866375923,0,0,0,0,0,0,0,0,0,0,0,0,0,0,0,0,0,0,0,0,0,0,0,0,0,0,0,0,0,0,0,0,0,0,0,0,0,0,0,0,0,0,0,0,0,0,0,0,0,0,0,0,0,0,0,0,0,.2325817347,.2325817347,.2325817347,.9303269386,1.74436295,1.74436295,2.442108154,1.628072143,1.860653877,1.511781216,2.442108154,3.95388937,3.721307755,4.302762032,3.721307755,3.256144285,3.139853239,3.721307755,5.814543247,5.698252201,5.930834293,5.000507355,6.047124863,5.814543247,5.930834293,3.95388937,5.23308897,4.070180416,5.581961632
Angola,AGO,Africa,Sub-Saharan Africa,Middle Africa,.,.,.,Africa,https://www.countryflags.io/ao/flat/64.png,30809762,30.80976105,0,0,0,0,0,0,0,0,0,0,0,0,0,0,0,0,0,0,0,0,0,0,0,0,0,0,0,0,0,0,0,0,0,0,0,0,0,0,0,0,0,0,0,0,0,0,0,0,0,0,0,0,0,0,0,0,0,0,0,0,0,0,0,0,0,0,0,.0108190821,.0108190821,.0108190821,0,.0108190821,.0108190821,.0108190821,0,0,0,0,.0216381643,.0216381643,.0216381643,.0108190821,.0108190821,.0108190821,0,0
Afghanistan,AFG,Asia,Southern Asia,,.,.,.,Asia,https://www.countryflags.io/af/flat/64.png,37172386,37.17238617,0,0,0,0,0,0,0,0,0,0,0,0,0,0,0,0,0,0,0,0,0,0,0,0,0,0,0,0,0,0,0,0,0,0,0,0,0,0,0,0,0,0,0,0,0,0,0,0,0,0,0,0,.0089672301,.0089672301,.0089672301,0,0,0,0,0,0,.0089672301,.0089672301,.0089672301,0,0,0,.0269016903,.0269016903,.0717378408,.0448361486,.0448361486,.0448361486,.0717378408,.0717378408,.1255412251,.1255412251,.1255412251,.0269016903,0,0,.0717378408,.0986395255,.1972790509,.5290665627,.7532473207
