Iso3,Country,image,idb,13Dec20,14Dec20,15Dec20,16Dec20,17Dec20,18Dec20,19Dec20,20Dec20,21Dec20,22Dec20,23Dec20,24Dec20,25Dec20,26Dec20,27Dec20,28Dec20,29Dec20,30Dec20,31Dec20,01Jan21,02Jan21,03Jan21,04Jan21,05Jan21,06Jan21,07Jan21,08Jan21,09Jan21,10Jan21,11Jan21,12Jan21,13Jan21,14Jan21,15Jan21,16Jan21,17Jan21,18Jan21,19Jan21,20Jan21,21Jan21,22Jan21,23Jan21,24Jan21,25Jan21,26Jan21,27Jan21,28Jan21,29Jan21,30Jan21,31Jan21,01Feb21,02Feb21,03Feb21,04Feb21,05Feb21,06Feb21,07Feb21,08Feb21,09Feb21,10Feb21,11Feb21,12Feb21,13Feb21,14Feb21,15Feb21,16Feb21,17Feb21,18Feb21,19Feb21,20Feb21,21Feb21,22Feb21,23Feb21,24Feb21,25Feb21,26Feb21,27Feb21,28Feb21,01Mar21,02Mar21,03Mar21,04Mar21,05Mar21,06Mar21,07Mar21,08Mar21,09Mar21,10Mar21,11Mar21,12Mar21,13Mar21,14Mar21,15Mar21,16Mar21,17Mar21
ZWE,Zimbabwe,https://www.countryflags.io/zw/flat/64.png,.,0,0,0,0,0,0,0,0,0,0,0,0,0,0,0,0,0,0,0,0,0,0,0,0,0,0,0,0,0,0,0,0,0,0,0,0,0,0,0,0,0,0,0,0,0,0,0,0,0,0,0,0,0,0,0,0,0,0,0,0,0,0,0,0,0,0,0,0,328,656,984,1312,2120,3432,5004,6754,8904,11455,14332,17337,20208,23015,25693,28023,29937,31946,33472,34605,35371,36079,36700,37288,37594,38135,38664
ZAF,South Africa,https://www.countryflags.io/za/flat/64.png,.,0,0,0,0,0,0,0,0,0,0,0,0,0,0,0,0,0,0,0,0,0,0,0,0,0,0,0,0,0,0,0,0,0,0,0,0,0,0,0,0,0,0,0,0,0,0,0,0,0,0,0,0,0,0,0,0,0,0,0,0,0,0,0,0,0,0,1130,2260,4435,7039,10117,13960,18576,24387,31585,39746,47873,55750,62891,69137,75103,80729,85948,90844,95279,99392,103823,110297,116866,123300,129582,136021,142580,149756,155403
VNM,Vietnam,https://www.countryflags.io/vn/flat/64.png,.,0,0,0,0,0,0,0,0,0,0,0,0,0,0,0,0,0,0,0,0,0,0,0,0,0,0,0,0,0,0,0,0,0,0,0,0,0,0,0,0,0,0,0,0,0,0,0,0,0,0,0,0,0,0,0,0,0,0,0,0,0,0,0,0,0,0,0,0,0,0,0,0,0,0,0,0,0,0,0,0,0,0,0,0,0,377,638,956,1352,2402,4076,5734,7947,10829,14129
VEN,"Venezuela, RB",,.,0,0,0,0,0,0,0,0,0,0,0,0,0,0,0,0,0,0,0,0,0,0,0,0,0,0,0,0,0,0,0,0,0,0,0,0,0,0,0,0,0,0,0,0,0,0,0,0,0,0,0,0,0,0,0,0,0,0,0,0,0,0,0,0,0,0,0,31,62,93,124,155,382,748,1282,1983,2852,3888,5092,6296,7500,8704,8704,8704,8704,8704,8704,8704,8704,8704,8704,8704,8704,8704,8704
USA,United States,https://www.countryflags.io/us/flat/64.png,.,0,0,0,0,0,0,0,556208,614117,741549,892155,1083156,1298394,1529790,1741169,1957316,2193001,2448224,2727000,3029329,3355211,3692160,4040177,4379549,4738436,5116689,5536622,5997885,6544521,7176530,7818054,8528292,9275374,10074081,10885751,11710383,12547978,13459471,14351874,15265786,16241326,17298712,18420896,19547146,20666204,21827254,23062584,24316400,25607816,26932764,28288216,29608196,30926142,32213288,33489652,34841088,36282180,37738640,39227972,40783932,42382012,44037920,45695624,47363252,49025360,50741672,52386220,54007292,55603648,57124736,58582776,60029220,61430896,62885624,64390816,65943536,67588776,69323824,71141328,73084120,75094912,77137584,79216728,81374752,83534144,85704128,87855696,90024384,92257392,94560232,97101832,99488760,101916192,104351232,106824992
URY,Uruguay,https://www.countryflags.io/uy/flat/64.png,1,0,0,0,0,0,0,0,0,0,0,0,0,0,0,0,0,0,0,0,0,0,0,0,0,0,0,0,0,0,0,0,0,0,0,0,0,0,0,0,0,0,0,0,0,0,0,0,0,0,0,0,0,0,0,0,0,0,0,0,0,0,0,0,0,0,0,0,0,0,0,0,0,0,0,0,0,370,740,9734,20621,34097,46669,58678,68972,79266,91010,103774,117098,132334,149496,168142,186788,202869,216396,227213
UKR,Ukraine,https://www.countryflags.io/ua/flat/64.png,.,0,0,0,0,0,0,0,0,0,0,0,0,0,0,0,0,0,0,0,0,0,0,0,0,0,0,0,0,0,0,0,0,0,0,0,0,0,0,0,0,0,0,0,0,0,0,0,0,0,0,0,0,0,0,0,0,0,0,0,0,0,0,0,0,0,0,0,0,0,0,0,0,0,159,1338,2784,3778,4744,5693,6815,8159,9751,11566,13551,15540,17570,19940,22770,26449,30989,35860,40890,47028,53948,61431
UGA,Uganda,https://www.countryflags.io/ug/flat/64.png,.,0,0,0,0,0,0,0,0,0,0,0,0,0,0,0,0,0,0,0,0,0,0,0,0,0,0,0,0,0,0,0,0,0,0,0,0,0,0,0,0,0,0,0,0,0,0,0,0,0,0,0,0,0,0,0,0,0,0,0,0,0,0,0,0,0,0,0,0,0,0,0,0,0,0,0,0,0,0,0,0,0,0,0,0,0,0,0,338,676,1014,1318,1561,2035,2704,2704
TUR,Turkey,https://www.countryflags.io/tr/flat/64.png,.,0,0,0,0,0,0,0,0,0,0,0,0,0,0,0,0,0,0,0,0,0,0,0,0,0,0,0,0,0,0,0,0,279452,587778,813412,990025,1156507,1314946,1465302,1585417,1669068,1747637,1824523,1891715,1957378,2024533,2107007,2210741,2315595,2421536,2540614,2657608,2774851,2889598,2979805,3071356,3160536,3235951,3307876,3372424,3421755,3542405,3700716,3874231,4091063,4362217,4709144,5144740,5567218,5970591,6362981,6742306,7122122,7464421,7762197,8038926,8321964,8604256,8881030,9135907,9378457,9604216,9812428,10007975,10203614,10378937,10543130,10692092,10826729,10967584,11116109,11269644,11449591,11660063,11914629
TUN,Tunisia,https://www.countryflags.io/tn/flat/64.png,.,0,0,0,0,0,0,0,0,0,0,0,0,0,0,0,0,0,0,0,0,0,0,0,0,0,0,0,0,0,0,0,0,0,0,0,0,0,0,0,0,0,0,0,0,0,0,0,0,0,0,0,0,0,0,0,0,0,0,0,0,0,0,0,0,0,0,0,0,0,0,0,0,0,0,0,0,0,0,0,0,0,0,0,0,0,0,0,0,0,0,743,1781,2633,2633,2633
TTO,Trinidad and Tobago,https://www.countryflags.io/tt/flat/64.png,1,0,0,0,0,0,0,0,0,0,0,0,0,0,0,0,0,0,0,0,0,0,0,0,0,0,0,0,0,0,0,0,0,0,0,0,0,0,0,0,0,0,0,0,0,0,0,0,0,0,0,0,0,0,0,0,0,0,0,0,0,0,0,0,0,0,63,126,189,252,315,378,441,441,441,441,441,441,441,441,441,441,441,441,441,441,441,441,441,441,441,441,441,441,441,441
THA,Thailand,https://www.countryflags.io/th/flat/64.png,.,0,0,0,0,0,0,0,0,0,0,0,0,0,0,0,0,0,0,0,0,0,0,0,0,0,0,0,0,0,0,0,0,0,0,0,0,0,0,0,0,0,0,0,0,0,0,0,0,0,0,0,0,0,0,0,0,0,0,0,0,0,0,0,0,0,0,0,0,0,0,0,0,0,0,0,0,0,160,320,2741,5380,8150,11008,13928,17296,21112,24407,27702,31489,35768,40540,40540,40540,40540,40540
TCA,Turks and Caicos Islands,https://www.countryflags.io/tc/flat/64.png,.,0,0,0,0,0,0,0,0,0,0,0,0,0,0,0,0,0,0,0,0,0,0,0,0,0,0,0,0,0,222,444,666,888,1110,1332,1554,1776,1998,2220,2442,2664,2886,3108,3330,3552,3774,3996,4218,4440,4662,4884,5106,5328,5550,5772,5994,6216,6438,6438,6438,6438,6438,6438,6438,6438,6438,6438,6438,6438,6438,6438,6438,6438,6438,6438,6438,6438,6438,6438,6438,6438,6438,6438,6438,6438,6438,6438,6438,6438,6438,6438,6438,6438,6438,6438
SYC,Seychelles,https://www.countryflags.io/sc/flat/64.png,.,0,0,0,0,0,0,0,0,0,0,0,0,0,0,0,0,0,0,0,0,0,0,0,0,0,0,0,0,500,1000,1500,2000,2600,3267,4267,5385,6621,7975,9570,11288,13129,14751,16293,17756,19433,21208,23173,25169,27157,29236,31406,33345,34989,36276,37365,38352,39318,40263,41426,42993,44998,47201,49602,51985,54350,56574,58473,60111,61705,63039,64248,65651,67162,68802,70489,72233,74250,76280,78003,79421,80568,81514,82248,82770,83341,83961,84733,85657,86570,87435,88252,89020,89740,89740,89740
SWE,Sweden,https://www.countryflags.io/se/flat/64.png,.,0,0,0,0,0,0,0,0,0,0,0,0,0,0,1945,3726,5507,7288,9069,10850,12631,14412,16632,19291,22389,25926,29902,34317,39171,44833,51303,58581,66668,75563,85266,95777,107070,119145,132002,145641,160062,175266,191252,206740,221731,236224,250220,263718,276719,289222,301910,314784,327843,341087,354517,368132,381932,396065,410530,425328,440458,455921,471716,487844,504741,522406,540840,560043,580015,600756,622266,643676,664986,686197,707308,728319,749231,770043,791452,813459,836064,859266,883066,907463,932458,954298,972983,988513,1006066,1026323,1046870,1067706,1091986,1119710,1150080
SVN,Slovenia,https://www.countryflags.io/si/flat/64.png,.,0,0,0,0,0,0,0,0,0,0,0,0,0,0,5915,7463,8796,9832,11078,12105,13028,13899,14704,15701,17385,19568,22187,24785,27304,29736,32073,34329,36769,39433,42107,44781,47418,50109,52782,55168,57185,59257,61350,63412,65424,67496,69763,72368,74888,77387,79893,82298,84678,87254,89986,92788,95589,98439,101146,103625,106262,109322,112425,115532,118595,121801,125341,128961,132315,135903,139487,143126,146817,150711,154858,159149,163210,167271,171426,175677,179973,184302,188969,193779,198589,203494,208684,214199,220089,226406,233611,240816,247997,254729,254729
SVK,Slovakia,https://www.countryflags.io/sk/flat/64.png,.,0,0,0,0,0,0,0,0,0,0,0,0,0,0,0,0,0,0,0,0,0,0,0,425,3734,8288,13464,17926,22152,26354,32004,37734,43523,49428,55298,60740,66884,72655,78587,84500,90258,95861,101456,107050,112541,117915,123654,130111,136727,143384,150440,158215,166653,175741,185293,195043,204779,214447,224486,234719,244862,254868,265113,276876,288939,300498,311850,322831,333681,344866,355409,365807,376407,387217,398011,408778,419747,430609,441867,453486,465140,477076,488984,502199,515910,529418,542157,554505,567533,581427,595332,609700,624337,639936,639936
SRB,Serbia,https://www.countryflags.io/rs/flat/64.png,.,0,0,0,0,0,0,0,0,0,0,0,0,0,0,0,0,0,0,0,0,0,0,0,0,0,0,7000,8150,9300,10803,12483,14268,16124,18345,21032,24185,27653,31436,35534,45062,58942,78427,105059,136593,176494,221811,267057,311492,350638,384796,416212,441421,463110,481021,496394,511238,523710,537968,554012,572104,602299,644858,697766,761022,824676,888727,953176,1008600,1054998,1095604,1130418,1165232,1200046,1236085,1271744,1304889,1338770,1368196,1397495,1426293,1453658,1482388,1514626,1545622,1576281,1609736,1645253,1682058,1717823,1757620,1801482,1852390,1900322,1944354,1984966
SMR,San Marino,https://www.countryflags.io/sm/flat/64.png,.,0,0,0,0,0,0,0,0,0,0,0,0,0,0,0,0,0,0,0,0,0,0,0,0,0,0,0,0,0,0,0,0,0,0,0,0,0,0,0,0,0,0,0,0,0,0,0,0,0,0,0,0,0,0,0,0,0,0,0,0,0,0,0,0,0,0,0,0,0,0,0,0,0,0,0,0,35,155,275,457,669,939,1247,1576,1914,2260,2615,3013,3427,3845,4201,4574,4964,5396,5396
SLV,El Salvador,https://www.countryflags.io/sv/flat/64.png,1,0,0,0,0,0,0,0,0,0,0,0,0,0,0,0,0,0,0,0,0,0,0,0,0,0,0,0,0,0,0,0,0,0,0,0,0,0,0,0,0,0,0,0,0,0,0,0,0,0,0,0,0,0,0,0,0,0,0,0,0,0,0,0,0,0,0,0,1200,2400,3600,4800,6000,7556,9366,11480,13498,15421,17248,18979,20310,21240,21769,22298,22827,23356,23885,24414,24943,25472,26001,26530,27059,28037,29463,31337
SGP,Singapore,https://www.countryflags.io/sg/flat/64.png,.,0,0,0,0,0,0,0,0,0,0,0,0,0,0,0,0,0,0,0,0,0,0,0,0,0,0,0,0,0,3400,6200,10290,14810,19545,24409,29359,34370,39750,45130,50510,55890,62017,68891,76512,84881,93997,103844,114423,124986,135533,146418,157641,168687,179573,190298,200862,211266,221155,230530,239905,249798,260209,271138,282584,294548,307030,320030,333030,346316,359888,373747,387892,402323,417040,432044,447048,462052,477056,492060,506823,521346,535628,549243,562191,574472,586797,600915,616826,634531,654456,676600,700964,726837,726837,726837
SEN,Senegal,https://www.countryflags.io/sn/flat/64.png,.,0,0,0,0,0,0,0,0,0,0,0,0,0,0,0,0,0,0,0,0,0,0,0,0,0,0,0,0,0,0,0,0,0,0,0,0,0,0,0,0,0,0,0,0,0,0,0,0,0,0,0,0,0,0,0,0,0,0,0,0,0,0,0,0,0,0,0,0,0,0,0,0,82,2126,6042,11452,16583,21086,26129,31823,37759,43561,49335,54830,60261,64757,68768,71992,77254,84130,93711,103161,113497,124381,124381
SAU,Saudi Arabia,https://www.countryflags.io/sa/flat/64.png,.,0,0,0,0,0,0,0,0,0,0,0,0,0,0,0,0,0,0,0,0,0,0,0,0,100000,137862,161852,181218,198273,213940,230252,247024,261177,276675,293518,311705,329591,345831,360425,373373,384675,394331,402340,410349,418358,426367,434376,442385,451582,461967,473540,484029,493435,501757,508995,513961,516655,517064,517460,517842,518210,518636,519120,519661,521289,524004,529450,537628,548047,560708,575610,591738,609091,626025,645722,663059,688114,720887,758783,801801,859299,938504,1027831,1111928,1190796,1283924,1391862,1489375,1579346,1685397,1797393,1925874,2047562,2163249,2290642
RWA,Rwanda,https://www.countryflags.io/rw/flat/64.png,.,0,0,0,0,0,0,0,0,0,0,0,0,0,0,0,0,0,0,0,0,0,0,0,0,0,0,0,0,0,0,0,0,0,0,0,0,0,0,0,0,0,0,0,0,0,0,0,0,0,0,0,0,0,0,0,0,0,0,0,0,0,0,0,0,0,4170,8340,12510,16680,20850,25020,29190,33360,37530,41700,45870,50040,54210,58380,62550,66720,70890,75060,90612,111219,132690,155190,178367,202375,227235,240755,249183,264231,278182,278182
RUS,Russia,https://www.countryflags.io/ru/flat/64.png,.,0,0,28500,31857,35214,38571,41928,45285,48642,51999,64591,86418,117479,157775,207306,266071,334071,402071,470071,538071,606071,666954,720720,767369,806901,839317,864616,882798,900980,919162,937344,955526,985906,1028485,1083262,1150238,1229412,1320785,1424356,1527927,1631498,1735069,1838640,1942211,2045782,2149353,2252924,2356495,2460066,2563637,2667208,2770779,2874350,2977921,3081492,3185063,3288634,3392205,3495776,3599347,3698190,3792304,3881690,3966347,4046276,4121476,4191948,4262420,4332892,4403364,4473836,4544308,4614780,4685252,4755724,4826196,4896668,4967140,5037612,5099569,5185674,5336198,5518241,5730505,5942933,6147290,6353650,6576334,6756790,6920563,7071349,7220406,7373139,7527989,7637972
ROU,Romania,https://www.countryflags.io/ro/flat/64.png,.,0,0,0,0,0,0,0,0,0,0,0,0,0,0,965,2066,2972,4539,6870,9008,11054,12858,16207,21754,29309,38753,50332,63055,76583,90823,104943,118616,129740,142735,156133,169832,185553,204067,226084,253774,282669,314497,349083,384710,421615,459089,496418,533713,569929,604948,638741,670220,699005,725491,750427,774486,798044,822353,848271,876666,907327,939791,974546,1011354,1048463,1086596,1125088,1163775,1202283,1240452,1278345,1315199,1349677,1381997,1411523,1438334,1462685,1484635,1506911,1530446,1555478,1583864,1616283,1653407,1695395,1738998,1784036,1830889,1878624,1926650,1974688,2022371,2070928,2121168,2121168
QAT,Qatar,https://www.countryflags.io/qa/flat/64.png,.,0,0,0,0,0,0,0,0,0,0,1351,2702,4053,5404,6755,8106,9457,10808,12159,13510,14861,16212,17563,18914,20265,21616,22967,24318,25669,27020,28371,29722,31073,32424,33775,35126,36477,37828,39179,40530,41881,43232,44583,45934,47285,48636,49987,51758,53948,56557,59585,63032,66899,71185,75471,79757,84043,88329,92615,96901,101187,105473,109759,114045,118331,122617,126903,131189,136434,142638,149801,157923,167005,177046,188046,199046,210046,221046,232046,243046,254046,265046,276046,287046,298046,309998,322903,336760,352141,369046,387475,407427,427951,449046,449046
PRY,Paraguay,https://www.countryflags.io/py/flat/64.png,1,0,0,0,0,0,0,0,0,0,0,0,0,0,0,0,0,0,0,0,0,0,0,0,0,0,0,0,0,0,0,0,0,0,0,0,0,0,0,0,0,0,0,0,0,0,0,0,0,0,0,0,0,0,0,0,0,0,0,0,0,0,0,0,0,0,0,0,0,0,0,0,200,472,805,1145,1449,1707,1932,2132,2287,2386,2438,2470,2500,2529,2568,2610,2779,3205,4075,5237,6644,8092,9627,11047
PRT,Portugal,https://www.countryflags.io/pt/flat/64.png,.,0,0,0,0,0,0,0,0,0,0,0,0,0,0,4963,7754,15456,23983,30929,36486,41117,45087,48789,52513,56929,62501,68430,74373,80322,86266,91942,97443,103066,109401,115941,122642,129703,138599,149657,163851,180727,199497,218697,237968,254406,268841,281060,292347,303591,315173,326454,337685,348047,357791,366883,376005,384453,392711,401007,410198,420485,433191,449089,467295,486245,506187,526337,546692,568166,589743,611472,633077,655150,678634,703436,728917,754842,781480,808436,835695,861426,886685,911710,936588,960483,983933,1006645,1028681,1050057,1070300,1089663,1108904,1128206,1149505,1170306
POL,Poland,https://www.countryflags.io/pl/flat/64.png,.,0,0,0,0,0,0,0,0,0,0,0,0,0,0,0,2000,6300,23450,38650,50399,60077,68216,81105,100237,117960,138154,159553,180929,202675,226334,250533,280369,312015,346040,382794,420853,454757,487844,519640,553143,588474,623311,657312,697572,749605,809100,873677,938935,1004045,1071106,1136067,1198492,1263253,1330334,1398432,1467607,1536150,1605221,1666832,1727139,1788158,1852907,1919469,1985974,2049393,2114593,2186174,2266640,2350892,2435281,2519983,2605739,2697874,2784430,2866323,2953328,3039795,3128537,3217678,3307151,3396956,3491432,3577365,3669939,3761591,3850349,3933991,4022526,4108194,4196184,4277103,4356084,4434988,4509140,4509140
PHL,Philippines,https://www.countryflags.io/ph/flat/64.png,.,0,0,0,0,0,0,0,0,0,0,0,0,0,0,0,0,0,0,0,0,0,0,0,0,0,0,0,0,0,0,0,0,0,0,0,0,0,0,0,0,0,0,0,0,0,0,0,0,0,0,0,0,0,0,0,0,0,0,0,0,0,0,0,0,0,0,0,0,0,0,0,0,0,0,0,0,0,0,1396,2792,5488,8834,12569,16564,20745,26831,37753,52955,70300,89789,111421,135197,159768,159768,159768
PER,Peru,https://www.countryflags.io/pe/flat/64.png,1,0,0,0,0,0,0,0,0,0,0,0,0,0,0,0,0,0,0,0,0,0,0,0,0,0,0,0,0,0,0,0,0,0,0,0,0,0,0,0,0,0,0,0,0,0,0,0,0,0,0,0,0,0,0,0,0,0,0,0,0,0,0,0,0,0,0,0,0,0,0,0,0,0,0,0,0,0,0,0,324171,326358,332291,342315,354274,366464,381511,398924,415900,430456,443519,458040,472685,487534,502298,502298
PAN,Panama,https://www.countryflags.io/pa/flat/64.png,1,0,0,0,0,0,0,0,0,0,0,0,0,0,0,0,0,0,0,0,0,0,0,0,0,0,0,0,0,0,0,0,0,0,0,0,0,0,0,641,2005,3699,5097,6381,7481,8552,9681,10537,11064,11518,11854,12419,13064,13609,14138,14662,15186,15710,15980,16041,16052,16054,28495,40936,53377,65818,78259,78306,78439,81821,86549,91607,97860,104667,112925,123789,133868,143724,153697,163139,172860,181722,190435,199044,210499,223464,236242,248579,261744,273595,284773,293001,299485,306355,313756,313756
PAK,Pakistan,https://www.countryflags.io/pk/flat/64.png,.,0,0,0,0,0,0,0,0,0,0,0,0,0,0,0,0,0,0,0,0,0,0,0,0,0,0,0,0,0,0,0,0,0,0,0,0,0,0,0,0,0,0,0,0,0,0,0,0,0,0,0,0,3404,6808,10212,13616,17020,20424,23828,27232,30671,34145,37654,41198,44777,48391,52040,55886,59929,64169,68606,74407,81572,90101,99797,110659,122688,135884,149080,162276,175472,188668,201864,215060,228256,241452,254648,267844,281040,294236,307432,320628,320628,320628,320628
OMN,Oman,https://www.countryflags.io/om/flat/64.png,.,0,0,0,0,0,0,0,0,0,0,0,0,0,0,0,1717,3363,5026,6626,7915,9018,10203,11490,12831,14111,15310,16468,17581,18593,19673,20801,22050,23378,24736,26129,27492,28702,29759,30730,31547,32377,33220,34266,35387,36552,37623,38665,39679,40664,41375,41848,42118,42293,42468,42643,42818,42993,43168,43610,44319,45265,46438,47638,49045,50610,52846,54992,57108,59271,61455,63701,65987,67532,69150,70810,72445,74280,76096,77963,79881,81799,83717,85635,87553,89471,91389,93307,95473,97560,99568,101497,103348,105120,106964,108632
NZL,New Zealand,https://www.countryflags.io/nz/flat/64.png,.,0,0,0,0,0,0,0,0,0,0,0,0,0,0,0,0,0,0,0,0,0,0,0,0,0,0,0,0,0,0,0,0,0,0,0,0,0,0,0,0,0,0,0,0,0,0,0,0,0,0,0,0,0,0,0,0,0,0,0,0,0,0,0,0,0,0,0,0,30,80,188,326,481,648,809,983,1165,1333,1846,2705,3909,5270,6788,8463,10296,11926,13353,14577,15810,17052,18303,19562,20830,22107,23393
NPL,Nepal,https://www.countryflags.io/np/flat/64.png,.,0,0,0,0,0,0,0,0,0,0,0,0,0,0,0,0,0,0,0,0,0,0,0,0,0,0,0,0,0,0,0,0,0,0,0,0,0,0,0,0,0,0,0,0,0,18862,37724,56586,75448,94310,113172,131498,149287,166539,183273,199489,215187,230366,245564,260781,276017,291253,306489,321725,336961,352197,367433,382669,397905,413141,413141,413141,413141,413141,413141,413141,413141,413141,413141,413141,413141,413141,413141,413141,413141,413141,413141,413141,413141,413141,413141,413141,413141,413141,413141
NOR,Norway,https://www.countryflags.io/no/flat/64.png,.,0,0,0,0,0,0,0,0,0,0,0,0,0,0,5,608,1443,2141,2683,3117,3479,3790,4015,4572,6363,9080,12026,14992,17973,21003,24157,27413,30943,34881,38906,42966,47199,51589,56117,60663,65045,69372,73658,77803,81814,87002,93453,100273,107087,113912,120726,128265,137868,149919,163338,176932,190593,204331,217967,231341,243985,256081,268128,280103,292151,304113,316125,328159,340744,353253,365768,378448,391518,404744,418887,433414,447938,462539,477603,493150,509033,524693,540360,556045,571644,587094,602840,618911,634067,648107,662083,676061,689412,700869,700869
NLD,Netherlands,https://www.countryflags.io/nl/flat/64.png,.,0,0,0,0,0,0,0,0,0,0,0,0,0,0,0,0,0,0,0,0,0,0,0,0,0,0,0,0,0,0,0,0,0,0,0,77000,86945,96890,106835,116780,126725,136670,146615,159158,174299,192038,212375,235310,260843,288974,317731,347115,377125,407762,439026,470916,503433,535637,567528,599107,630373,661326,691966,722294,752995,784070,815518,847340,879536,912105,945048,979864,1016553,1055116,1095552,1137861,1182043,1228099,1273359,1317824,1361493,1404367,1446445,1487728,1528215,1568385,1608239,1647776,1686996,1725899,1764485,1802755,1802755,1802755,1802755
NGA,Nigeria,https://www.countryflags.io/ng/flat/64.png,.,0,0,0,0,0,0,0,0,0,0,0,0,0,0,0,0,0,0,0,0,0,0,0,0,0,0,0,0,0,0,0,0,0,0,0,0,0,0,0,0,0,0,0,0,0,0,0,0,0,0,0,0,0,0,0,0,0,0,0,0,0,0,0,0,0,0,0,0,0,0,0,0,0,0,0,0,0,0,0,0,0,0,727,1454,2181,2908,3635,4362,5089,5816,6543,7270,7997,7997,7997
MYS,Malaysia,https://www.countryflags.io/my/flat/64.png,.,0,0,0,0,0,0,0,0,0,0,0,0,0,0,0,0,0,0,0,0,0,0,0,0,0,0,0,0,0,0,0,0,0,0,0,0,0,0,0,0,0,0,0,0,0,0,0,0,0,0,0,0,0,0,0,0,0,0,0,0,0,0,0,0,0,0,0,0,0,0,0,0,0,895,1790,2685,3580,6463,10672,18284,29633,43608,59355,77073,94974,115133,135510,156022,177492,200769,224268,247408,269546,291058,291058
MWI,Malawi,https://www.countryflags.io/mw/flat/64.png,.,0,0,0,0,0,0,0,0,0,0,0,0,0,0,0,0,0,0,0,0,0,0,0,0,0,0,0,0,0,0,0,0,0,0,0,0,0,0,0,0,0,0,0,0,0,0,0,0,0,0,0,0,0,0,0,0,0,0,0,0,0,0,0,0,0,0,0,0,0,0,0,0,0,0,0,0,0,0,0,0,0,0,0,0,0,0,0,0,0,0,0,0,0,0,5417
MUS,Mauritius,https://www.countryflags.io/mu/flat/64.png,.,0,0,0,0,0,0,0,0,0,0,0,0,0,0,0,0,0,0,0,0,0,0,0,0,0,0,0,0,0,0,0,0,0,0,0,0,0,0,0,0,0,0,0,0,30,60,90,120,150,180,210,268,354,468,611,782,981,1208,1435,1662,1889,2116,2343,2570,2797,3024,3251,3251,3251,3251,3251,3251,3251,3251,3251,3251,3251,3251,3251,3251,3251,3251,3251,3251,3251,3251,3251,3251,3251,3251,3251,3251,3251,3251,3251
MNG,Mongolia,https://www.countryflags.io/mn/flat/64.png,.,0,0,0,0,0,0,0,0,0,0,0,0,0,0,0,0,0,0,0,0,0,0,0,0,0,0,0,0,0,0,0,0,0,0,0,0,0,0,0,0,0,0,0,0,0,0,0,0,0,0,0,0,0,0,0,0,0,0,0,0,0,0,0,0,0,0,0,0,0,0,0,0,1037,2074,3111,4343,5705,6991,8223,9436,10763,12204,13608,14965,16415,17957,19592,22318,27327,34860,44532,56265,70390,85458,101057
MNE,Montenegro,https://www.countryflags.io/me/flat/64.png,.,0,0,0,0,0,0,0,0,0,0,0,0,0,0,0,0,0,0,0,0,0,0,0,0,0,0,0,0,0,0,0,0,0,0,0,0,0,0,0,0,0,0,0,0,0,0,0,0,0,0,0,0,0,0,0,0,0,0,0,0,0,0,0,0,0,0,0,0,0,0,223,446,669,892,1115,1330,1526,1701,1856,2008,2156,2295,2432,2580,2763,2982,3184,3368,3540,3701,3869,4020,4212,4481,4840
MMR,Myanmar,https://www.countryflags.io/mm/flat/64.png,.,0,0,0,0,0,0,0,0,0,0,0,0,0,0,0,0,0,0,0,0,0,0,0,0,0,0,0,0,0,0,0,0,0,0,0,0,0,0,0,0,0,0,0,0,0,3800,26600,55733,88033,122233,157700,194071,235871,277671,319471,319471,319471,319471,319471,319471,319471,319471,319471,319471,319471,319471,319471,319471,319471,319471,319471,319471,319471,319471,319471,319471,319471,319471,319471,319471,319471,319471,319471,319471,319471,319471,319471,319471,319471,319471,319471,319471,319471,319471,319471
MLT,Malta,https://www.countryflags.io/mt/flat/64.png,.,0,0,0,0,0,0,0,0,0,0,0,0,0,0,0,0,0,0,0,0,0,0,0,0,0,0,0,0,0,0,0,0,0,0,0,11705,13002,14288,15492,16698,17910,19114,20296,21463,22619,23790,24954,26105,27236,28347,29466,30592,31752,33009,34417,35951,37594,39349,41218,43070,44908,46736,48534,50303,52069,53836,55705,57613,59554,61430,63255,65067,66934,68917,70909,72923,75017,77189,79410,81603,83788,86117,88495,91057,93663,96505,99546,102706,106036,109510,112963,116463,119963,123598,123598
MEX,Mexico,https://www.countryflags.io/mx/flat/64.png,1,0,0,0,0,0,0,0,0,0,0,0,2924,4224,5524,6824,8488,11609,15288,18983,23034,27441,32204,37116,41360,45387,49617,54601,60089,65965,72122,78500,98412,137209,187196,242689,298524,356448,414340,458406,490171,518376,540593,563091,584888,606916,629061,644133,650906,658269,664512,668812,672415,676780,682101,687544,693243,698984,705072,711759,717203,721540,725209,727511,731008,735560,762851,810484,895142,1016307,1149163,1285043,1425575,1552114,1672492,1782600,1882153,1986025,2095445,2208796,2320550,2425235,2509124,2574962,2629590,2677877,2723987,2797906,2919966,3080532,3262422,3469349,3690323,3912463,4116737,4295254
MDV,Maldives,https://www.countryflags.io/mv/flat/64.png,.,0,0,0,0,0,0,0,0,0,0,0,0,0,0,0,0,0,0,0,0,0,0,0,0,0,0,0,0,0,0,0,0,0,0,0,0,0,0,0,0,0,0,0,0,0,0,0,0,0,0,0,880,1578,2740,3870,5364,7138,9147,11343,13998,17158,20458,24208,28328,32740,37568,42719,48251,53491,58763,63966,69158,74167,79117,84012,89065,94134,99334,104613,110121,115629,121174,126804,132558,138305,144119,150120,156696,163811,170898,178389,186171,194014,194014,194014
MDA,Moldova,https://www.countryflags.io/md/flat/64.png,.,0,0,0,0,0,0,0,0,0,0,0,0,0,0,0,0,0,0,0,0,0,0,0,0,0,0,0,0,0,0,0,0,0,0,0,0,0,0,0,0,0,0,0,0,0,0,0,0,0,0,0,0,0,0,0,0,0,0,0,0,0,0,0,0,0,0,0,0,0,0,0,0,0,0,0,0,0,0,0,0,0,0,3849,4369,4889,5409,5929,6449,7160,7945,8954,9983,11032,12302,13685
MCO,Monaco,https://www.countryflags.io/mc/flat/64.png,.,0,0,0,0,0,0,0,0,0,0,0,0,0,0,0,0,0,0,126,252,378,504,630,756,882,1008,1134,1260,1386,1512,1638,1764,1890,2016,2142,2268,2394,2544,2718,2916,3138,3384,3654,3948,4242,4536,4830,5124,5418,5712,6006,6300,6594,6888,7182,7476,7770,8064,8358,8652,8946,9240,9534,9828,10122,10416,10710,11004,11298,11592,11886,12180,12474,12768,13062,13356,13650,13944,14238,14532,14826,15120,15120,15120,15120,15120,15120,15120,15120,15120,15120,15120,15120,15120,15120
MAR,Morocco,https://www.countryflags.io/ma/flat/64.png,.,0,0,0,0,0,0,0,0,0,0,0,0,0,0,0,0,0,0,0,0,0,0,0,0,0,0,0,0,0,0,0,0,0,0,0,0,0,0,0,0,0,0,0,0,0,0,0,45000,90000,132000,182020,233478,284878,335124,387015,440439,494876,544886,596013,658544,730486,831039,963121,1111801,1277078,1461219,1651919,1848748,2027326,2180562,2319222,2443307,2552296,2676286,2814998,2966733,3129120,3297883,3473021,3656483,3821757,3968760,4104951,4232759,4354637,4470586,4582425,4700771,4824993,4970202,5140195,5323727,5520797,5729823,5933601
MAC,"Macao SAR, China",,.,0,0,0,0,0,0,0,0,0,0,0,0,0,0,0,0,0,0,0,0,0,0,0,0,0,0,0,0,0,0,0,0,0,0,0,0,0,0,0,0,0,0,0,0,0,0,0,0,0,0,0,0,0,0,0,0,0,0,595,980,1295,1575,1835,2081,2317,2493,2669,2868,3091,3337,3607,3900,4567,5608,6801,8130,9585,11166,12794,14159,15271,16329,17336,18338,19285,20249,21223,22219,23261,24320,25380,25380,25380,25380,25380
LVA,Latvia,https://www.countryflags.io/lv/flat/64.png,.,0,0,0,0,0,0,0,0,0,0,0,0,0,0,0,0,0,0,0,0,0,0,0,0,0,0,0,0,0,0,0,0,0,0,0,0,16806,16931,17166,17441,17747,18090,18471,18890,19305,19727,20220,20820,21426,22103,22851,23736,24736,25840,27044,28285,29435,30535,31403,32129,32895,33670,34421,35157,35959,36932,38100,39234,40314,41447,42762,44137,45656,47506,49731,52243,54728,57047,59431,61785,64107,66682,69462,72268,75066,77849,80656,83230,85331,87446,89580,91968,94385,96492,98272
LUX,Luxembourg,https://www.countryflags.io/lu/flat/64.png,.,0,0,0,0,0,0,0,0,0,0,0,0,0,0,0,0,0,1200,1262,1324,1386,1448,1510,1572,1634,1696,1758,1820,1882,1944,2058,2235,2455,2691,2943,3211,3586,4003,4478,5001,5559,6151,6777,7346,7950,8558,9197,9827,10449,11062,11732,12407,13115,13836,14564,15300,16043,16743,17372,18017,18727,19451,20189,20941,21782,22820,23848,24926,26030,27160,28316,29445,30510,31602,32622,33626,34614,35587,36615,37628,38679,39836,41032,42267,43541,44740,45954,47288,48816,50422,52106,53869,55736,57894,57894
LTU,Lithuania,https://www.countryflags.io/lt/flat/64.png,.,0,0,0,0,0,0,0,0,0,0,0,0,0,0,2420,5207,8094,10529,12362,13828,15050,16097,16746,17058,17651,18834,20756,22721,24686,26967,29457,32338,35858,39678,43612,47707,52131,57155,61784,65402,68037,70516,72841,74528,75760,77480,79989,83592,87284,90970,95060,99259,103444,108024,112489,116968,121460,125919,130233,134455,138564,142677,146750,151141,155485,159498,163809,168446,173535,178704,183932,189219,195662,202592,209592,216522,223408,229961,237196,244523,251883,259727,268126,276514,284845,293371,302263,311673,319074,326997,335081,343168,351091,358695,358695
LKA,Sri Lanka,https://www.countryflags.io/lk/flat/64.png,.,0,0,0,0,0,0,0,0,0,0,0,0,0,0,0,0,0,0,0,0,0,0,0,0,0,0,0,0,0,0,0,0,0,0,0,0,0,0,0,0,0,0,0,0,0,0,0,5286,24198,43916,67804,91557,114876,135780,157355,174830,189490,199806,207724,212983,217520,220790,224577,228516,232113,235252,240063,247975,260058,276658,298004,321063,345455,371607,395404,415812,435686,453912,476044,502746,532249,568098,609939,650268,687870,720411,747547,769277,784785,793534,800124,806331,813108,820682,828446
LIE,Liechtenstein,https://www.countryflags.io/li/flat/64.png,.,0,0,0,0,0,0,0,0,0,0,0,0,0,0,0,0,0,0,0,0,0,0,0,0,0,0,0,0,0,0,0,0,0,0,0,0,0,0,0,0,0,0,0,0,0,0,0,0,0,0,0,0,833,859,885,911,937,963,989,1015,1043,1072,1103,1135,1180,1237,1306,1381,1462,1549,1641,1737,1836,1938,2043,2150,2260,2372,2471,2556,2628,2715,2818,2937,3071,3204,3336,3467,3574,3657,3715,3749,3749,3749,3749
LCA,St. Lucia,https://www.countryflags.io/lc/flat/64.png,.,0,0,0,0,0,0,0,0,0,0,0,0,0,0,0,0,0,0,0,0,0,0,0,0,0,0,0,0,0,0,0,0,0,0,0,0,0,0,0,0,0,0,0,0,0,0,0,0,0,0,0,0,0,0,0,0,0,0,0,0,0,0,0,0,0,0,131,262,393,524,655,786,917,1048,1179,1310,1441,1572,1703,1834,1965,2096,2481,3121,4015,5164,6567,8224,10136,12048,12048,12048,12048,12048,12048
LBN,Lebanon,https://www.countryflags.io/lb/flat/64.png,.,0,0,0,0,0,0,0,0,0,0,0,0,0,0,0,0,0,0,0,0,0,0,0,0,0,0,0,0,0,0,0,0,0,0,0,0,0,0,0,0,0,0,0,0,0,0,0,0,0,0,0,0,0,0,0,0,0,0,0,0,0,0,0,48,688,1777,3260,5181,7403,9307,11204,13597,16213,18993,21881,24976,28071,31966,35941,39662,43832,47783,51433,55111,58073,60666,63144,67806,72734,77784,83226,89004,94821,101991,106802
LAO,Lao PDR,https://www.countryflags.io/la/flat/64.png,.,0,0,0,0,0,0,0,0,0,0,0,0,0,0,0,0,0,0,0,0,0,0,0,0,0,0,0,0,0,0,0,0,0,0,0,0,0,0,0,0,0,0,0,0,0,0,0,0,0,0,0,0,0,0,0,0,0,0,0,0,0,0,0,0,0,0,0,0,0,0,0,0,0,0,0,0,0,0,0,0,0,0,0,0,0,0,0,0,0,0,0,0,0,0,40732
KWT,Kuwait,https://www.countryflags.io/kw/flat/64.png,.,0,0,0,0,0,0,0,0,0,0,0,0,0,0,0,2500,3621,4742,5863,6984,8105,9226,10347,11468,12589,13710,14831,15952,17073,18194,19315,20436,21557,22678,23799,24920,26041,27162,28283,29404,30525,31646,32767,33888,35009,36970,39770,43410,47890,53210,59370,66370,73370,80370,87370,94370,101370,108370,115370,122370,129370,136370,143370,150370,157370,164629,172146,179922,187956,196249,204800,213610,222420,231230,240040,248850,257660,266470,275280,284090,292900,301710,310520,319330,328140,336950,336950,336950,336950,336950,336950,336950,336950,336950,336950
KOR,"Korea, South",https://www.countryflags.io/kr/flat/64.png,.,0,0,0,0,0,0,0,0,0,0,0,0,0,0,0,0,0,0,0,0,0,0,0,0,0,0,0,0,0,0,0,0,0,0,0,0,0,0,0,0,0,0,0,0,0,0,0,0,0,0,0,0,0,0,0,0,0,0,0,0,0,0,0,0,0,0,0,0,0,0,0,0,0,0,0,18489,28650,35709,49285,66771,92508,124773,164472,206520,248761,295767,347126,396585,442360,483400,522433,561303,592561,617531,637630
KNA,St. Kitts and Nevis,https://www.countryflags.io/kn/flat/64.png,.,0,0,0,0,0,0,0,0,0,0,0,0,0,0,0,0,0,0,0,0,0,0,0,0,0,0,0,0,0,0,0,0,0,0,0,0,0,0,0,0,0,0,0,0,0,0,0,0,0,0,0,0,0,0,0,0,0,0,0,0,0,0,0,0,0,0,0,0,0,0,0,0,314,628,942,1256,1570,1884,2198,2512,2826,3140,3454,3768,4082,4396,4710,5024,5338,5652,5966,6280,6594,6908,6908
KHM,Cambodia,https://www.countryflags.io/kh/flat/64.png,.,0,0,0,0,0,0,0,0,0,0,0,0,0,0,0,0,0,0,0,0,0,0,0,0,0,0,0,0,0,0,0,0,0,0,0,0,0,0,0,0,0,0,0,0,0,0,0,0,0,0,0,0,0,0,0,0,0,0,0,1492,2363,3026,3586,4084,4540,4967,5216,5528,5902,6353,6882,7488,8171,9199,10510,12124,14026,16217,18696,22330,26684,31892,37934,44810,51904,59566,67608,77457,88936,101706,115273,129484,142726,142726,142726
KEN,Kenya,https://www.countryflags.io/ke/flat/64.png,.,0,0,0,0,0,0,0,0,0,0,0,0,0,0,0,0,0,0,0,0,0,0,0,0,0,0,0,0,0,0,0,0,0,0,0,0,0,0,0,0,0,0,0,0,0,0,0,0,0,0,0,0,0,0,0,0,0,0,0,0,0,0,0,0,0,0,0,0,0,0,0,0,0,0,0,0,0,0,0,0,0,0,667,1334,2001,2668,3335,4002,4757,5601,6533,7554,8996,10860,13146
KAZ,Kazakhstan,https://www.countryflags.io/kz/flat/64.png,.,0,0,0,0,0,0,0,0,0,0,0,0,0,0,0,0,0,0,0,0,0,0,0,0,0,0,0,0,0,0,0,0,0,0,0,0,0,0,0,0,0,0,0,0,0,0,0,0,0,0,1273,2546,3819,5092,6365,7638,8911,10184,11457,12730,14003,15185,16276,17277,18187,19006,19735,20373,21011,21649,22287,22925,23563,24201,25241,26683,28527,30774,33423,36474,39927,43380,46833,50286,53739,57192,60645,64098,67551,71004,74457,77910,81363,81363,81363
JPN,Japan,https://www.countryflags.io/jp/flat/64.png,.,0,0,0,0,0,0,0,0,0,0,0,0,0,0,0,0,0,0,0,0,0,0,0,0,0,0,0,0,0,0,0,0,0,0,0,0,0,0,0,0,0,0,0,0,0,0,0,0,0,0,0,0,0,0,0,0,0,0,0,0,0,0,0,0,0,0,125,611,3068,5472,7850,10212,12676,15214,18255,21611,24794,27803,30639,33476,36250,38718,41281,44847,49417,54990,65388,81338,101625,127921,155903,185571,216925,252873,294092
JOR,Jordan,https://www.countryflags.io/jo/flat/64.png,.,0,0,0,0,0,0,0,0,0,0,0,0,0,0,0,0,0,0,0,0,0,0,0,0,0,0,0,0,0,0,0,2727,5454,8181,10908,13635,16362,19089,21816,24543,27270,29997,32513,34818,36912,38795,40467,41928,43178,44428,45759,47171,48665,50240,51896,53633,55451,57269,59087,60905,62723,64541,66359,68177,69995,71813,73631,75449,77267,79085,80903,82721,87613,95578,106617,117826,129205,140754,152473,161289,167201,170209,173217,176225,179233,182241,185249,188257,191265,194273,197281,200289,203297,208570,216107
JAM,Jamaica,https://www.countryflags.io/jm/flat/64.png,1,0,0,0,0,0,0,0,0,0,0,0,0,0,0,0,0,0,0,0,0,0,0,0,0,0,0,0,0,0,0,0,0,0,0,0,0,0,0,0,0,0,0,0,0,0,0,0,0,0,0,0,0,0,0,0,0,0,0,0,0,0,0,0,0,0,0,0,0,0,0,0,0,0,0,0,0,0,0,0,0,0,0,0,0,0,0,0,2420,4840,7260,9680,12100,12100,12100,12100
ITA,Italy,https://www.countryflags.io/it/flat/64.png,.,0,0,0,0,0,0,0,0,0,0,0,0,0,0,7150,8571,9760,12127,20229,28918,42575,59298,85600,123123,169278,224954,292686,367323,445559,525553,605837,690164,774622,858063,938309,1015167,1086638,1151078,1206465,1253598,1291828,1326328,1360401,1398121,1442610,1492856,1551393,1620111,1696185,1775932,1858059,1941304,2028610,2117816,2208215,2296619,2382415,2465446,2545382,2621448,2692863,2759580,2822916,2884547,2945651,3007418,3070263,3135264,3202981,3274290,3348672,3429155,3514692,3606213,3703153,3806182,3916102,4029877,4147747,4273131,4407405,4551151,4704271,4864304,5027397,5196391,5369419,5545710,5724710,5903956,6082642,6261693,6439479,6609894,6772635
ISR,Israel,https://www.countryflags.io/il/flat/64.png,.,0,0,0,0,0,0,61,7431,23563,49208,84190,126899,168951,209692,264398,334972,421656,521391,633422,750224,872678,1001695,1133172,1260272,1380302,1494302,1607587,1716955,1811045,1889062,1957528,2026643,2096939,2167233,2239082,2326487,2435163,2565275,2711154,2872397,3039556,3212051,3392564,3577387,3761413,3942930,4121048,4298095,4472803,4636546,4785661,4919957,5041250,5151209,5255643,5355326,5453575,5552708,5656490,5764685,5876031,5989364,6104705,6223050,6346123,6473190,6599522,6725278,6851200,6977465,7105739,7235183,7362612,7488111,7608930,7726673,7841262,7946898,8044226,8135578,8224767,8313924,8403299,8492373,8582692,8672076,8761115,8846313,8928168,9009294,9090009,9169448,9248547,9325770,9399545
ISL,Iceland,https://www.countryflags.io/is/flat/64.png,.,0,0,0,0,0,0,0,0,0,0,0,0,0,0,0,0,0,4875,4938,5001,5064,5127,5190,5253,5316,5379,5442,5505,5568,5631,5694,5757,5820,5883,5946,6009,6072,6135,6198,6510,7070,7879,8936,10242,11560,12891,13994,14868,15514,15931,16120,16317,16521,16736,16962,17166,17348,17507,17707,17948,18219,18520,18825,19134,19446,19715,20133,20950,21821,22778,23822,24953,26082,27242,28185,29105,30000,30871,31717,32560,33535,34641,35726,36846,38002,39194,40556,41727,42706,43722,44639,45457,46176,46934,47732
IRN,"Iran, Islamic Rep.",,.,0,0,0,0,0,0,0,0,0,0,0,0,0,0,0,0,0,0,0,0,0,0,0,0,0,0,0,0,0,0,0,0,0,0,0,0,0,0,0,0,0,0,0,0,0,0,0,0,0,0,0,0,0,0,0,0,0,0,3000,4938,6521,7927,9227,10456,11635,12510,13385,13385,13385,13385,13385,13385,13385,13385,13385,13385,13385,13385,13385,13385,13385,13385,13385,13385,13385,13385,13385,13385,13385,13385,13385,13385,13385,13385,13385
IRL,Ireland,https://www.countryflags.io/ie/flat/64.png,.,0,0,0,0,0,0,0,0,0,0,0,0,0,0,0,0,0,0,1800,2350,2900,3450,4000,5194,6818,8749,11777,15901,21122,28041,36198,45592,55044,63917,72210,79924,87191,94010,100381,106909,113595,120438,127438,133990,140095,145752,152023,158909,166409,174523,182641,190763,198889,206532,213691,220177,225989,231326,236483,241955,247169,252093,256797,261291,266609,273104,280850,290193,300974,312656,324374,335665,347026,358520,370385,382580,394805,407064,419472,431952,444223,456272,468737,481190,493474,506352,519570,532875,546538,559907,573173,586213,586213,586213,586213
IND,India,https://www.countryflags.io/in/flat/64.png,.,0,0,0,0,0,0,0,0,0,0,0,0,0,0,0,0,0,0,0,0,0,0,0,0,0,0,0,0,0,0,0,0,0,0,191181,303331,454681,623390,784687,958609,1157265,1355982,1554725,1778976,1972497,2193853,2463070,2764418,3073294,3379485,3654677,3956025,4255107,4545306,4819138,5109279,5402639,5732475,6085710,6452505,6816157,7180557,7505862,7859041,8181579,8502405,8812354,9146856,9501470,9899451,10299531,10714863,11150585,11604853,12064928,12537356,13023674,13483116,13973122,14503602,15110661,15816155,16636264,17590520,18545912,19710856,20960448,22256016,23421646,24667468,25926906,27201052,28620868,30148956,31785848
IMN,Isle of Man,https://www.countryflags.io/im/flat/64.png,.,0,0,0,0,0,0,0,0,0,0,0,0,0,0,0,0,0,0,0,0,0,0,0,0,0,0,0,0,0,0,0,0,0,0,0,0,0,0,0,3558,3648,3786,3941,4104,4370,4708,5097,5556,6040,6548,7081,7569,8137,8699,9180,9699,10223,10753,11285,11696,12068,12438,12816,13171,13507,13828,14166,14520,15139,15665,16203,16747,17285,17787,18287,18678,19200,19765,20364,21042,21771,22434,23005,23502,23980,24421,24905,25462,26175,27019,27979,29012,30106,31129,31129
IDN,Indonesia,https://www.countryflags.io/id/flat/64.png,.,0,0,0,0,0,0,0,0,0,0,0,0,0,0,0,0,0,0,0,0,0,0,0,0,0,0,0,0,0,0,0,13200,26400,39600,52800,66000,79200,92400,105600,118800,132000,144546,156438,168261,190159,219074,255501,296115,347877,400225,459222,516733,575254,635687,699874,758638,816891,875593,935393,1011272,1092125,1171224,1251440,1332994,1417689,1502153,1573363,1634104,1698825,1767527,1838496,1902320,1959714,2022788,2098172,2180615,2272302,2372167,2488313,2625953,2797033,2960117,3114217,3282333,3472673,3680632,3900996,4108314,4327517,4553286,4791155,4999412,5205902,5437302,5686418
HUN,Hungary,https://www.countryflags.io/hu/flat/64.png,.,0,0,0,0,0,0,0,0,0,0,0,0,0,0,0,1094,2461,3809,5148,6726,8448,10266,12253,14901,18860,24208,30583,37985,46414,55497,64915,74144,83170,91858,100205,107660,115196,121814,127883,133464,138790,143568,148269,152695,158012,165001,174746,188712,206632,227066,248401,270091,291037,311650,330675,346788,360716,373592,385576,396699,407241,417828,428080,437937,448188,459267,472703,488868,509565,534259,561234,588272,616286,646729,677822,707531,749094,789448,833978,881343,928978,983374,1047141,1098826,1152212,1207499,1266684,1327311,1390003,1449486,1509914,1570330,1625337,1679393,1734627
HRV,Croatia,https://www.countryflags.io/hr/flat/64.png,.,0,0,0,0,0,0,0,0,0,0,0,0,0,0,0,0,0,7864,8969,10074,11179,12284,13320,14309,15643,17305,19435,22124,24817,27565,30367,32846,35331,37695,39967,42477,45224,48208,51537,54880,58226,61186,63986,66626,69224,71672,73971,76121,78218,80263,82255,84175,86023,88596,91002,93413,95828,98248,100574,103368,105835,108390,111033,113764,116583,120240,124172,128379,133161,138517,144448,150954,157711,164720,172155,179407,186476,193362,200065,206865,213762,220581,227558,234693,241986,249437,256786,264034,271180,278773,278773,278773,278773,278773,278773
HND,Honduras,https://www.countryflags.io/hn/flat/64.png,1,0,0,0,0,0,0,0,0,0,0,0,0,0,0,0,0,0,0,0,0,0,0,0,0,0,0,0,0,0,0,0,0,0,0,0,0,0,0,0,0,0,0,0,0,0,0,0,0,0,0,0,0,0,0,0,0,0,0,0,0,0,0,0,0,0,0,0,0,0,0,0,0,0,0,0,0,0,2684,2960,3236,3512,3788,4064,4340,4616,4892,5168,5444,5720,5996,6272,6548,6824,7100,7100
HKG,"Hong Kong SAR, China",,.,0,0,0,0,0,0,0,0,0,0,0,0,0,0,0,0,0,0,0,0,0,0,0,0,0,0,0,0,0,0,0,0,0,0,0,0,0,0,0,0,0,0,0,0,0,0,0,0,0,0,0,0,0,0,0,0,0,0,0,0,0,0,0,0,0,0,0,0,0,0,0,1200,2400,3600,4800,6000,8267,11124,14810,20181,27067,35238,44709,54723,65152,76123,86623,97866,109837,122666,135995,149952,164552,181095,198724
GUY,Guyana,https://www.countryflags.io/gy/flat/64.png,.,0,0,0,0,0,0,0,0,0,0,0,0,0,0,0,0,0,0,0,0,0,0,0,0,0,0,0,0,0,0,0,0,0,0,0,0,0,0,0,0,0,0,0,0,0,0,0,0,0,0,0,0,0,0,0,0,0,0,0,0,0,167,334,501,668,835,1003,1171,1339,1508,1677,1846,1846,1846,1846,1846,1846,1846,1846,1846,1846,1846,1846,1846,1846,1846,1846,1846,1846,1846,1846,1846,1846,1846,1846
GTM,Guatemala,https://www.countryflags.io/gt/flat/64.png,1,0,0,0,0,0,0,0,0,0,0,0,0,0,0,0,0,0,0,0,0,0,0,0,0,0,0,0,0,0,0,0,0,0,0,0,0,0,0,0,0,0,0,0,0,0,0,0,0,0,0,0,0,0,0,0,0,0,0,0,0,0,0,0,0,0,0,0,0,0,0,0,0,0,0,0,1112,2224,2999,3606,4442,5430,6528,7717,8997,10513,12265,14017,15769,17521,20249,23064,26104,30052,34579,34579
GRL,Greenland,https://www.countryflags.io/gl/flat/64.png,.,0,0,0,0,0,0,0,0,0,0,0,0,0,0,0,0,0,0,0,0,0,0,0,0,0,0,0,0,0,0,0,0,0,0,0,0,0,0,0,0,0,0,0,0,0,2584,2661,2738,2815,2892,2969,3046,3123,3200,3277,3354,3431,3508,3585,3662,3739,3816,3893,3970,4047,4124,4201,4278,4355,4432,4509,4586,4663,4740,4817,4894,4971,5048,5125,5125,5125,5125,5125,5125,5125,5125,5125,5125,5125,5125,5125,5125,5125,5125,5125
GRD,Grenada,https://www.countryflags.io/gd/flat/64.png,.,0,0,0,0,0,0,0,0,0,0,0,0,0,0,0,0,0,0,0,0,0,0,0,0,0,0,0,0,0,0,0,0,0,0,0,0,0,0,0,0,0,0,0,0,0,0,0,0,0,0,0,0,0,0,0,0,0,0,0,0,0,29,58,87,116,145,217,319,458,634,846,1095,1380,1665,1950,2235,2235,2235,2235,2235,2235,2235,2235,2235,2235,2235,2235,2235,2235,2235,2235,2235,2235,2235,2235
GRC,Greece,https://www.countryflags.io/gr/flat/64.png,.,0,0,0,0,0,0,0,0,0,0,0,0,0,0,0,447,1077,1715,2346,2885,3425,3995,5406,7628,10327,13771,18438,23763,29588,35262,40954,47285,53644,59378,65087,70587,75709,81135,87549,95402,105183,116570,128982,142418,157175,172348,187828,203469,219353,235428,251695,268534,285974,303894,322004,340085,357965,375643,393106,410451,427979,445965,464324,483302,502899,522598,543188,564848,587464,611331,633715,658810,685504,712744,740220,767786,795270,824736,851990,879778,907930,936264,965121,994539,1023882,1053149,1081899,1110372,1138612,1166438,1193827,1218906,1241674,1264269,1286414
GIB,Gibraltar,https://www.countryflags.io/gi/flat/64.png,.,0,0,0,0,0,0,0,0,0,0,0,0,0,0,0,0,0,0,0,0,0,0,0,0,0,0,0,0,420,1445,2485,3471,4430,5373,6277,7052,7765,8410,8930,9457,9992,10558,11200,11786,12365,13021,13647,14217,14654,15075,15612,16229,16882,17576,18349,19236,20063,20884,21688,22520,23365,24211,25099,26080,26985,27844,28657,29468,30202,30780,31422,32172,32982,33794,34626,35563,36631,37542,38371,39135,39985,40850,41625,42445,43431,44328,45211,46007,46613,47209,47722,48068,48568,49147,49780
GHA,Ghana,https://www.countryflags.io/gh/flat/64.png,.,0,0,0,0,0,0,0,0,0,0,0,0,0,0,0,0,0,0,0,0,0,0,0,0,0,0,0,0,0,0,0,0,0,0,0,0,0,0,0,0,0,0,0,0,0,0,0,0,0,0,0,0,0,0,0,0,0,0,0,0,0,0,0,0,0,0,0,0,0,0,0,0,0,0,0,0,0,0,0,28893,57786,86679,115572,144465,173358,202251,233999,268601,268601,268601,268601,268601,268601,268601,268601
GBR,United Kingdom,https://www.countryflags.io/gb/flat/64.png,.,86465,170582,254699,338816,422933,507050,591167,675284,754115,827659,895917,958889,1016574,1068973,1116085,1164576,1214446,1265695,1318324,1372332,1427719,1484485,1559173,1651783,1762315,1890769,2037145,2201443,2383663,2563543,2749353,2950373,3171354,3415665,3676623,3939027,4207545,4493663,4790957,5101203,5430669,5787887,6149208,6520969,6887852,7247276,7607210,7968553,8346467,8738828,9141362,9553061,9987232,10431175,10876303,11313211,11744070,12175408,12612182,13046626,13484523,13929727,14368751,14802064,15224835,15642220,16065542,16483086,16877462,17248514,17606856,17954956,18299588,18641838,18991620,19362838,19746896,20138768,20533590,20917454,21282294,21636478,21984516,22334492,22681438,23031616,23383780,23735036,24073140,24405960,24755332,25118704,25508646,25932716,25932716
FRO,Faroe Islands,https://www.countryflags.io/fo/flat/64.png,.,0,0,0,0,0,0,0,0,0,0,0,0,0,0,0,0,0,0,0,0,0,0,0,0,0,0,0,0,0,0,0,0,0,0,0,0,0,0,0,0,0,0,0,0,0,0,0,3994,4077,4160,4243,4326,4409,4492,4575,4658,4738,4815,4921,5056,5184,5304,5416,5524,5627,5693,5723,5753,5783,5813,5843,5910,6014,6178,6345,6514,6686,6860,7000,7105,7152,7243,7351,7504,7661,7821,8002,8203,8381,8562,8696,8825,8949,9050,9153
FRA,France,https://www.countryflags.io/fr/flat/64.png,.,0,0,0,0,0,0,0,0,0,0,0,0,0,0,13,52,114,189,265,327,386,447,697,1641,4045,10183,20997,33275,46302,63961,88586,119832,157393,198654,240941,283838,332790,390878,458476,536215,621196,708742,796179,882889,966536,1047356,1125428,1201846,1277593,1353259,1429549,1507566,1586319,1667068,1750267,1833733,1917531,2004353,2095707,2192415,2295958,2404927,2515472,2626365,2740386,2857254,2975292,3093448,3211777,3330800,3449377,3567006,3681264,3793062,3905142,4020910,4140017,4259210,4378855,4502384,4631667,4765027,4908759,5071988,5250119,5435363,5629329,5830797,6043673,6268548,6497102,6718790,6944437,6944437,6944437
FIN,Finland,https://www.countryflags.io/fi/flat/64.png,.,0,0,0,0,0,0,0,0,0,0,0,0,0,0,0,0,0,0,1767,2226,2685,3144,3603,4339,5178,6091,7364,8717,10150,11663,13402,15734,19288,23861,28832,34201,39968,45426,50988,57455,64329,71582,79215,87227,95967,105231,113806,122453,131675,140079,147666,154375,161012,168954,176884,184822,192979,201104,210169,218798,226458,234178,242074,250124,258203,266274,275476,284985,295312,306173,318669,331705,344421,355743,367566,380877,394239,406819,420833,435710,451450,467497,482654,500195,516470,530734,544830,560952,577502,594414,609939,626657,643428,660808,678333
EST,Estonia,https://www.countryflags.io/ee/flat/64.png,.,0,0,0,0,0,0,0,0,0,0,0,0,0,0,0,207,516,854,1421,1991,2450,2835,3168,3550,4139,4814,5598,6697,7873,9078,10322,11532,12710,13953,15062,16123,17166,18226,19226,20241,21315,22421,23533,24655,25779,27081,28459,29862,31509,33236,35017,36879,38794,40875,43129,45363,47559,49686,51922,54102,56325,58611,60794,62939,65084,67004,68927,70972,73339,76053,78842,81741,84951,88493,91479,94570,97983,101407,104838,108337,111915,116182,120538,124668,129449,134439,139268,144070,149048,154268,160047,165835,172045,178440,184757
ESP,Spain,https://www.countryflags.io/es/flat/64.png,.,0,0,0,0,0,0,0,0,0,0,0,0,0,0,0,0,0,0,0,0,0,0,82834,139339,184587,226083,274869,322438,369197,415377,465203,523533,590513,660652,730833,801056,871320,939602,1003073,1064089,1120785,1176465,1231129,1287311,1343077,1395889,1448873,1499357,1551147,1604242,1658790,1717121,1784224,1857648,1930206,2001897,2072722,2143320,2210244,2275268,2337394,2400553,2464745,2529970,2595294,2660609,2726644,2799925,2873957,2948740,3024275,3101515,3186404,3279748,3375409,3474379,3576658,3682246,3788466,3899129,4012405,4136111,4260616,4385920,4512024,4646297,4779181,4913897,5039781,5164641,5288476,5411286,5525036,5632566,5730420
EGY,Egypt,https://www.countryflags.io/eg/flat/64.png,.,0,0,0,0,0,0,0,0,0,0,0,0,0,0,0,0,0,0,0,0,0,0,0,0,0,0,0,0,0,0,0,0,0,0,0,0,0,0,0,0,0,0,0,219,438,657,876,1095,1314,1314,1314,1314,1314,1314,1314,1314,1314,1314,1314,1314,1314,1314,1314,1314,1314,1314,1314,1314,1314,1314,1314,1314,1314,1314,1314,1314,1314,1314,1314,1314,1314,1314,1314,1314,1314,1314,1314,1314,1314,1314,1314,1314,1314,1314,1314
ECU,Ecuador,https://www.countryflags.io/ec/flat/64.png,1,0,0,0,0,0,0,0,0,0,0,0,0,0,0,0,0,0,0,0,0,0,0,0,0,0,0,0,0,0,0,0,0,0,0,0,0,0,0,0,0,108,449,868,1326,1807,2304,2788,3314,3816,4294,4748,5178,5584,5990,6359,6692,6989,7249,7473,7660,7811,7962,8113,8264,8415,8566,8717,9179,9952,11036,12431,14138,16156,18485,20985,23655,26496,29508,32691,36360,40516,44987,50645,55958,60926,65549,69465,74037,79265,86698,96284,105843,115374,115374,115374
DZA,Algeria,https://www.countryflags.io/dz/flat/64.png,.,0,0,0,0,0,0,0,0,0,0,0,0,0,0,0,0,0,0,0,0,0,0,0,0,0,0,0,0,0,0,0,0,0,0,0,0,0,0,0,0,0,0,0,0,0,0,0,0,30,1919,4428,7247,10252,13381,16598,20346,24094,27842,31590,35338,39086,42834,46582,50330,54078,57826,61574,65322,69070,69070,69070,69070,69070,69070,69070,69070,69070,69070,69070,69070,69070,69070,69070,69070,69070,69070,69070,69070,69070,69070,69070,69070,69070,69070,69070
DOM,Dominican Republic,https://www.countryflags.io/do/flat/64.png,1,0,0,0,0,0,0,0,0,0,0,0,0,0,0,0,0,0,0,0,0,0,0,0,0,0,0,0,0,0,0,0,0,0,0,0,0,0,0,0,0,0,0,0,0,0,0,0,0,0,0,0,0,0,0,0,0,0,0,0,0,0,0,0,0,0,385,1075,2851,5401,8018,10395,13011,16150,19724,23694,27928,32710,38284,44240,56046,75393,103193,140857,187815,235583,284160,337765,392803,446844,492525,530416,569002,608282,608282,608282
DNK,Denmark,https://www.countryflags.io/dk/flat/64.png,.,0,0,0,0,0,0,0,0,0,0,0,0,0,0,6429,8421,13859,21281,28377,34517,41101,47595,54147,61348,69724,79708,90565,100436,109572,118460,125496,131544,137662,144744,152212,160026,168602,177762,185591,191420,195982,201017,206610,211734,216486,221406,226966,234400,242726,251962,262043,272567,283543,295092,306017,316032,324910,333927,343432,352861,361685,371167,380611,390244,400935,412496,424590,437208,449145,461594,474656,487377,500356,514010,528135,545409,562259,579287,597197,615339,633247,651749,668160,686070,704555,722361,740194,758791,776436,792899,808200,822676,836690,850367,850367
DMA,Dominica,https://www.countryflags.io/dm/flat/64.png,.,0,0,0,0,0,0,0,0,0,0,0,0,0,0,0,0,0,0,0,0,0,0,0,0,0,0,0,0,0,0,0,0,0,0,0,0,0,0,0,0,0,0,0,0,0,0,0,0,0,0,0,0,0,0,0,0,0,0,0,0,0,400,800,1200,1600,2000,2400,2800,3200,3600,4000,4400,4800,5200,5600,6000,6400,6800,7200,7200,7200,7200,7200,7200,7200,7200,7200,7200,7200,7200,7200,7200,7200,7200,7200
DEU,Germany,https://www.countryflags.io/de/flat/64.png,.,0,0,0,0,0,0,0,0,0,0,0,0,0,0,23569,42309,73003,112800,152302,188853,228009,265141,306551,349362,392339,438151,489062,540708,593539,648796,708285,773477,844636,920420,996173,1073529,1152127,1232627,1317393,1401573,1489008,1581560,1677225,1776258,1876337,1974186,2072673,2170322,2267294,2363752,2462785,2565383,2672192,2784040,2899312,3016825,3133865,3249543,3364814,3481193,3598735,3719819,3841774,3964784,4090706,4218266,4345658,4473278,4599781,4726664,4856230,4989420,5126015,5266239,5411357,5562872,5719255,5879651,6045670,6219569,6402846,6594432,6793831,6999891,7210798,7427341,7648371,7874394,8107084,8345688,8589922,8836505,9082788,9318529,9318529
CZE,Czech Republic,https://www.countryflags.io/cz/flat/64.png,.,0,0,0,0,0,0,0,0,0,0,0,0,0,0,1258,3554,6426,9499,12132,14291,16300,18153,20189,22379,24905,28382,33246,38217,43303,49278,56522,64861,74232,84170,94303,104652,115637,126865,138474,150370,162525,174786,187029,199027,210930,222442,233370,244041,254380,264538,274570,284575,294849,305787,317014,328434,340064,352215,364737,377723,391333,405694,420251,434670,449128,463663,478078,492188,505946,519491,532989,546530,560372,574480,589018,603863,618764,633785,649722,667163,686677,708126,731294,755698,781348,808606,837471,868172,901014,935680,971172,1006725,1042467,1078553,1078553
CYP,Cyprus,https://www.countryflags.io/cy/flat/64.png,.,0,0,0,0,0,0,0,0,0,0,0,0,0,0,0,0,0,0,0,0,0,0,0,0,3901,4435,4969,5503,6037,6603,7191,7795,8423,9074,9749,10501,11307,12166,13079,14045,15065,16138,17217,18301,19391,20486,21587,22693,23804,24906,25999,27082,28156,29220,30275,31320,32453,33673,34980,36374,37856,39425,41081,42753,44440,46143,47862,49597,51347,53113,54997,56999,59118,61538,64259,67281,70417,73550,76679,79805,82744,85497,88064,90631,93198,96799,101434,107103,113806,121543,121543,121543,121543,121543,121543
CYM,Cayman Islands,https://www.countryflags.io/ky/flat/64.png,.,0,0,0,0,0,0,0,0,0,0,0,0,0,0,275,550,825,1100,1375,1650,1925,2200,2475,2750,3025,3300,3575,3850,4125,4400,4675,4950,5225,5500,5775,6050,6325,6600,6875,7150,7425,7700,7975,8250,8525,8800,9075,9350,9625,9900,10175,10450,10725,11000,11310,11655,12035,12450,12900,13379,13923,14497,15030,15522,15974,16385,16762,17075,17324,17664,18055,18497,18990,19525,20111,20726,21285,21829,22357,22869,23375,23973,24686,25440,26235,27071,27948,28866,29711,30482,31286,32123,32993,33896,33896
CRI,Costa Rica,https://www.countryflags.io/cr/flat/64.png,1,0,0,0,0,0,0,0,0,0,0,0,55,295,535,775,1015,1255,1495,1735,1975,2215,2455,2869,3457,4220,5157,6268,7653,9312,11071,12930,14889,16947,19105,21171,23144,25024,26979,29008,31111,33288,35632,38142,40819,43309,45612,47728,49657,51399,52954,54322,55850,57538,59386,61393,63560,65887,68374,70952,73620,76378,79226,82165,85194,88313,91073,93474,95516,97199,98522,99486,100091,101602,104019,107342,111571,116706,122747,129694,136766,143964,151287,158736,166310,174009,181834,189867,198109,206559,215218,223062,230091,236305,236305,236305
COL,Colombia,https://www.countryflags.io/co/flat/64.png,1,0,0,0,0,0,0,0,0,0,0,0,0,0,0,0,0,0,0,0,0,0,0,0,0,0,0,0,0,0,0,0,0,0,0,0,0,0,0,0,0,0,0,0,0,0,0,0,0,0,0,0,0,0,0,0,0,0,0,0,0,0,0,0,0,0,0,18,3945,11047,19332,27297,34825,41704,48919,57248,65823,77380,90344,105196,122549,142686,162731,185376,207714,231380,255229,282517,323770,378446,443252,516379,594517,679929,763417,834258
CIV,Cote d'Ivoire,https://www.countryflags.io/ci/flat/64.png,.,0,0,0,0,0,0,0,0,0,0,0,0,0,0,0,0,0,0,0,0,0,0,0,0,0,0,0,0,0,0,0,0,0,0,0,0,0,0,0,0,0,0,0,0,0,0,0,0,0,0,0,0,0,0,0,0,0,0,0,0,0,0,0,0,0,0,0,0,0,0,0,0,0,0,0,0,0,0,0,412,824,1236,1648,2060,2475,2893,3457,4597,5897,7357,8978,10756,12507,14376,14376
CHN,China,https://www.countryflags.io/cn/flat/64.png,.,0,0,1500000,1687500,1875000,2062500,2250000,2437500,2625000,2812500,3000000,3187500,3375000,3562500,3750000,3937500,4125000,4312500,4500000,4732143,5008929,5330358,5696429,6107143,6562500,7062500,7562500,8062500,8526786,8955357,9348214,9705357,10093112,10511479,10960459,11475765,12057398,12705357,13419643,14190398,15017622,15901316,16841480,17838112,18891214,20000784,20995882,21876504,22642652,23294324,24130344,25150712,26355426,27738008,29298460,31036782,32952972,34748208,36422496,37844152,39134124,40292420,41319040,42213976,42977232,43608812,44240392,44871968,45503548,46135128,46766708,47398288,48029864,48661444,49293024,49924600,50556180,51187760,51856256,52561672,53304000,54083248,54899416,55752496,56642496,57532496,58422496,59312496,60202496,61092496,61982496,62872496,62872496,62872496,62872496
CHL,Chile,https://www.countryflags.io/cl/flat/64.png,1,0,0,0,0,0,0,0,0,0,0,0,420,5198,9157,11900,13957,15603,16975,18151,18644,18688,27337,27395,27659,27952,28245,28538,28831,29124,29359,29388,29535,30670,32295,33933,35571,38786,44767,51931,58544,64726,70895,77064,81858,83975,84767,85121,85417,85713,86009,86103,87993,114213,165598,241167,320718,401502,515600,665213,830604,1007129,1192243,1377588,1562338,1751726,1935137,2105275,2261251,2404735,2545381,2685555,2803214,2902900,2988056,3063337,3129496,3195710,3261808,3332078,3413349,3526779,3672215,3848901,4028998,4210175,4421708,4662436,4915673,5183888,5462867,5744166,6025258,6317406,6613693,6901851
CHE,Switzerland,https://www.countryflags.io/ch/flat/64.png,.,0,0,0,0,0,0,0,0,0,0,0,0,0,0,0,0,0,0,0,0,0,0,0,0,0,0,0,0,0,0,0,0,0,0,0,0,0,0,0,0,0,0,197228,204754,212658,233321,251098,266922,280321,297038,313702,330322,346069,361738,377387,393022,407143,421558,436236,452290,468654,485568,502665,521070,539775,558889,577427,596398,615343,634312,653070,671526,689801,709282,728309,747053,765655,784594,803771,822930,842173,861685,881252,900813,921258,941551,961822,983604,1005333,1027348,1049411,1070705,1070705,1070705,1070705
CAN,Canada,https://www.countryflags.io/ca/flat/64.png,.,0,5,723,2232,4631,7423,9801,11923,14903,18600,23181,28638,33527,38745,44394,49906,56172,63180,70635,78977,87593,96415,107599,119704,133878,151287,173696,200483,229850,261466,294794,328487,362779,398069,433362,469239,505756,543636,583212,623122,661539,698389,733490,765673,796359,824228,849537,872479,894047,914158,933521,950628,966363,981226,996326,1012349,1029502,1047110,1066584,1088414,1112217,1137780,1165024,1192967,1219255,1245598,1270615,1294863,1320925,1349340,1381265,1420601,1463109,1509275,1559994,1613484,1668692,1724504,1779945,1838769,1901503,1966926,2034993,2104877,2176324,2251705,2326707,2402363,2480920,2563061,2649402,2740756,2837533,2941541,3054213
BRB,Barbados,https://www.countryflags.io/bb/flat/64.png,1,0,0,0,0,0,0,0,0,0,0,0,0,0,0,0,0,0,0,0,0,0,0,0,0,0,0,0,0,0,0,0,0,0,0,0,0,0,0,0,0,0,0,0,0,0,0,0,0,0,0,0,0,0,0,0,0,0,0,0,0,0,0,0,0,4490,6683,8995,11330,13810,16079,18088,20174,22367,24719,27260,30006,32993,36146,39294,42322,45076,47527,49648,51382,52911,54092,55024,55796,56405,56762,57149,57574,58108,58108,58108
BRA,Brazil,https://www.countryflags.io/br/flat/64.png,1,0,0,0,0,0,0,0,0,0,0,0,0,0,0,0,0,0,0,0,0,0,0,0,0,0,0,0,0,0,0,0,0,0,0,0,112,666,4489,11625,38929,79909,156734,243107,343035,462665,620000,807769,1010934,1220282,1430187,1633573,1839811,2038642,2270379,2471361,2671100,2882475,3094079,3312316,3540691,3731231,3962835,4209095,4449561,4690767,4946443,5198330,5455451,5718168,5959305,6204142,6451910,6692928,6931233,7158707,7382511,7598064,7809888,8015180,8235747,8482268,8759507,9054846,9324244,9583233,9843198,10055026,10210050,10353076,10493129,10658038,10826063,11056121,11336850,11668250
BOL,Bolivia,https://www.countryflags.io/bo/flat/64.png,1,0,0,0,0,0,0,0,0,0,0,0,0,0,0,0,0,0,0,0,0,0,0,0,0,0,0,0,0,0,0,0,0,0,0,0,0,0,0,0,0,0,0,0,0,0,0,0,12,32,54,196,515,1108,1735,2478,3335,4306,5323,6312,7138,7964,8742,9472,10154,10788,11374,11912,12403,12894,13385,13876,14367,14858,15349,15840,16331,16822,17313,17804,18295,18769,19196,19565,32160,44788,58084,72312,87601,103638,120358,124873,129346,133595,137446,140832
BMU,Bermuda,https://www.countryflags.io/bm/flat/64.png,.,0,0,0,0,0,0,0,0,0,0,0,0,0,0,0,0,0,0,0,0,0,0,0,0,0,0,0,0,0,278,556,834,1112,1390,1668,1932,2182,2418,2640,2849,3044,3225,3420,3629,3853,4091,4343,4609,4890,5216,5588,6005,6468,6977,7531,8131,8688,9203,9675,10136,10587,11027,11457,11919,12413,12944,13480,14020,14565,15115,15670,16230,16814,17421,18052,18707,19386,20034,20650,21345,22118,22865,23585,24279,25002,25753,26399,26940,27483,28027,28572,29119,29667,29667,29667
BLZ,Belize,https://www.countryflags.io/bz/flat/64.png,1,0,0,0,0,0,0,0,0,0,0,0,0,0,0,0,0,0,0,0,0,0,0,0,0,0,0,0,0,0,0,0,0,0,0,0,0,0,0,0,0,0,0,0,0,0,0,0,0,0,0,0,0,0,0,0,0,0,0,0,0,0,0,0,0,0,0,0,0,0,0,0,0,0,0,0,0,0,0,208,416,640,844,1043,1229,1405,1568,1718,1977,2565,3486,4492,5583,6760,8118,8118
BLR,Belarus,https://www.countryflags.io/by/flat/64.png,.,0,0,0,0,0,0,0,0,0,0,0,0,0,0,0,0,403,806,1209,1612,2015,2418,2821,3224,3627,4030,4433,4836,5239,5642,6045,6448,6851,7254,7657,8060,8463,8866,9269,9672,10075,10478,10881,11284,11687,12090,12493,12896,13299,13702,14105,14508,14911,15314,15717,16120,16523,16926,17329,17732,18135,18538,18941,19344,19747,20150,20553,20956,21360,21765,22172,22580,22989,23399,23811,24223,24635,25047,25459,25871,26283,26695,27107,27519,27931,28343,28755,29167,29579,29991,29991,29991,29991,29991,29991
BHR,Bahrain,https://www.countryflags.io/bh/flat/64.png,.,0,0,0,0,0,0,0,0,0,0,38965,50071,55860,60057,63719,66929,69775,72397,73622,74880,76100,77111,78054,79176,80770,82712,85418,88855,92935,97362,102202,107490,113342,119431,125784,132511,139861,147573,155285,162997,170709,178421,186133,193845,201557,209269,216981,224693,232405,240117,247829,255541,263253,270965,278677,286389,294101,301813,309525,317237,324949,332661,340373,348085,355797,363509,371221,378933,386645,394357,402069,409781,417493,425205,432917,440629,448341,456053,463765,471477,479189,486901,494613,502325,509419,515771,521327,526258,530449,533811,537826,543725,551493,560919,572283
BGR,Bulgaria,https://www.countryflags.io/bg/flat/64.png,.,0,0,0,0,0,0,0,0,0,0,0,0,0,0,0,0,1719,4608,6085,7092,7891,8566,9158,9691,10163,11083,12314,13536,14782,16052,17528,18832,19770,20452,21146,21808,22590,23511,24524,25605,26744,27856,28955,29978,30963,32219,33988,36089,38218,40358,42620,45019,47477,49818,52112,54397,56670,58992,61351,63642,66085,68633,71248,73869,76519,79220,82042,84812,89037,93756,100037,107698,117253,129045,143045,157355,171841,185140,198351,212000,223387,234820,246252,257303,268187,278272,286612,295323,303309,310766,318021,325199,331995,338258,344195
BGD,Bangladesh,https://www.countryflags.io/bd/flat/64.png,.,0,0,0,0,0,0,0,0,0,0,0,0,0,0,0,0,0,0,0,0,0,0,0,0,0,0,0,0,0,0,0,0,0,0,0,0,0,0,0,0,0,0,0,0,0,26,310,1519,3190,5139,7273,9539,12239,15298,18357,21416,24475,37680,61031,106580,170688,253355,354581,479563,626345,794959,973330,1170126,1364681,1556995,1741207,1909128,2070762,2226001,2369233,2505270,2634112,2764827,2895950,3017443,3130057,3234375,3333943,3428760,3510421,3599284,3695349,3788879,3879873,3974628,4073144,4175421,4267019,4347937,4347937
BEL,Belgium,https://www.countryflags.io/be/flat/64.png,.,0,0,0,0,0,0,0,0,0,0,0,0,0,0,0,298,299,539,702,826,925,1008,1079,1385,2177,4132,7403,11131,14916,19497,26068,35123,46313,59506,72978,86862,101520,116700,131853,147990,165004,182454,199703,216991,233329,249005,263671,277105,290003,302762,315007,328853,344683,362021,380724,399711,419048,438725,458885,478320,498113,518430,539046,559457,580357,599424,617676,634688,651183,667286,683421,699416,716160,733345,751086,768947,786591,804045,821608,839650,858582,879729,902449,925749,949142,972993,997441,1022615,1048181,1073457,1098674,1123827,1150095,1175510,1175510
AZE,Azerbaijan,https://www.countryflags.io/az/flat/64.png,.,0,0,0,0,0,0,0,0,0,0,0,0,0,0,0,0,0,0,0,0,0,0,0,0,0,0,0,0,0,0,0,0,0,0,0,0,3250,6500,9750,13000,16250,19500,22750,26000,29250,32500,35750,39000,42250,45500,48750,52000,55250,58500,61750,65000,69204,74362,80474,87540,95560,104535,114464,124393,134322,144251,154180,164109,174038,183967,193896,203825,213754,223683,233612,243541,253470,263399,273328,284978,298349,312068,326135,340550,355313,370423,384160,397206,409659,421351,432195,441740,441740,441740,441740
AUT,Austria,https://www.countryflags.io/at/flat/64.png,.,0,0,0,0,0,0,0,0,0,0,0,0,0,0,679,1966,3416,4829,5891,6741,7450,8058,8498,8923,9275,10073,12711,15973,19548,23900,30052,38209,48209,58871,69853,81317,93590,107472,122541,138076,152760,166932,180485,192643,202378,209920,216061,222658,229340,236039,243159,251454,261113,272198,284075,296698,309818,323663,337804,352496,367788,383907,400200,416074,431591,446457,461003,474916,488093,501679,515842,529965,544120,558302,572493,587644,604376,621698,639258,658238,678289,699316,721316,743764,766451,789542,813075,836664,862628,891098,922110,955107,989240,1023038,1023038
AUS,Australia,https://www.countryflags.io/au/flat/64.png,.,0,0,0,0,0,0,0,0,0,0,0,0,0,0,0,0,0,0,0,0,0,0,0,0,0,0,0,0,0,0,0,0,0,0,0,0,0,0,0,0,0,0,0,0,0,0,0,0,0,0,0,0,0,0,0,0,0,0,0,0,0,0,0,0,0,0,0,0,0,0,0,3,414,1401,3901,7472,11758,16314,21126,26701,32977,39192,45887,52593,59657,67181,74753,82662,91804,100838,112603,124204,135406,147910,161818
ATG,Antigua and Barbuda,https://www.countryflags.io/ag/flat/64.png,.,0,0,0,0,0,0,0,0,0,0,0,0,0,0,0,0,0,0,0,0,0,0,0,0,0,0,0,0,0,0,0,0,0,0,0,0,0,0,0,0,0,0,0,0,0,0,0,0,0,0,0,0,0,0,0,0,0,0,0,0,0,0,0,0,0,0,895,1790,2685,3580,4475,5370,6265,7160,8055,8950,9845,10740,11635,12530,13425,14320,15215,16110,17005,17900,18795,19690,20585,21480,22375,23270,24165,24165,24165
ARG,Argentina,https://www.countryflags.io/ar/flat/64.png,1,0,0,0,0,0,0,0,0,0,0,0,0,0,0,0,0,700,16356,32012,43082,51858,59258,65741,73725,81898,90261,100780,112722,126087,140875,154931,168254,181574,194891,207862,220486,232764,244696,256282,267986,279249,290373,300715,309761,319387,329401,338297,347502,358691,369990,381914,393389,404607,421181,437419,452419,470995,490385,508524,528344,546760,565893,585159,600652,614682,628681,639684,648635,659638,674053,689862,705925,725274,749293,777043,810652,850330,893864,940569,994782,1052044,1112420,1177232,1242509,1314091,1385167,1459860,1544595,1639825,1745626,1867469,1989662,2112161,2239647,2367313
ARE,United Arab Emirates,https://www.countryflags.io/ae/flat/64.png,.,0,0,0,0,0,0,0,0,0,0,0,0,0,0,0,0,0,0,0,0,0,0,0,826301,1652602,1683300,1721718,1770230,1822283,1879108,1943301,2024484,2115932,2219422,2330504,2444248,2559144,2671960,2781470,2884075,2980230,3070068,3156497,3242149,3329622,3415807,3504746,3600107,3698303,3819214,3943456,4070148,4202597,4342701,4485781,4641093,4781051,4920033,5057551,5199418,5334109,5461771,5576616,5682525,5778694,5874634,5960312,6043387,6124106,6202410,6273712,6340992,6408069,6476220,6543692,6610330,6676287,6742875,6810107,6871063,6929187,6980325,7023470,7059294,7095372,7132420,7165314,7193818,7222867,7255377,7291215,7329487,7371077,7420136,7486209
AND,Andorra,https://www.countryflags.io/ad/flat/64.png,.,0,0,0,0,0,0,0,0,0,0,0,0,0,0,0,0,0,0,0,0,0,0,0,0,0,0,0,0,0,0,0,0,0,0,0,0,0,0,0,0,0,0,0,576,642,708,774,840,906,972,1038,1098,1153,1203,1247,1286,1320,1348,1376,1404,1452,1520,1594,1675,1762,1856,1956,2043,2117,2188,2255,2319,2379,2436,2492,2547,2610,2682,2762,2851,2948,3051,3159,3267,3375,3483,3669,3933,3933,3933,3933,3933,3933,3933,3933
ALB,Albania,https://www.countryflags.io/al/flat/64.png,.,0,0,0,0,0,0,0,0,0,0,0,0,0,0,0,0,0,0,0,0,0,0,0,0,0,0,0,0,0,64,128,191,257,319,381,439,494,545,592,632,666,692,713,728,737,741,741,741,741,741,741,1291,1303,1327,1362,1409,1468,1539,1621,1702,1781,1859,1935,2010,2083,2155,2227,2481,2886,3402,4029,4768,5659,6702,7714,8714,9741,10795,11876,12902,13873,14800,15697,16564,17402,18210,19030,19861,20718,21601,22643,23844,25205,26725,28404
AGO,Angola,https://www.countryflags.io/ao/flat/64.png,.,0,0,0,0,0,0,0,0,0,0,0,0,0,0,0,0,0,0,0,0,0,0,0,0,0,0,0,0,0,0,0,0,0,0,0,0,0,0,0,0,0,0,0,0,0,0,0,0,0,0,0,0,0,0,0,0,0,0,0,0,0,0,0,0,0,0,0,0,0,0,0,0,0,0,0,0,0,0,0,0,0,0,0,2056,4112,6168,6168,6168,6168,6168,6168,6168,6168,6168,6168
AFG,Afghanistan,https://www.countryflags.io/af/flat/64.png,.,0,0,0,0,0,0,0,0,0,0,0,0,0,0,0,0,0,0,0,0,0,0,0,0,0,0,0,0,0,0,0,0,0,0,0,0,0,0,0,0,0,0,0,0,0,0,0,0,0,0,0,0,0,0,0,0,0,0,0,0,0,0,0,0,0,0,0,0,0,0,0,0,1367,2734,4101,5468,6835,8202,8202,8202,8202,8202,8202,8202,8202,8202,8202,8202,8202,8202,8202,8202,8202,8202,8202
