Iso3,Country,image,lac,13Dec20,14Dec20,15Dec20,16Dec20,17Dec20,18Dec20,19Dec20,20Dec20,21Dec20,22Dec20,23Dec20,24Dec20,25Dec20,26Dec20,27Dec20,28Dec20,29Dec20,30Dec20,31Dec20,01Jan21,02Jan21,03Jan21,04Jan21,05Jan21,06Jan21,07Jan21,08Jan21,09Jan21,10Jan21,11Jan21,12Jan21,13Jan21,14Jan21,15Jan21,16Jan21,17Jan21,18Jan21,19Jan21,20Jan21,21Jan21,22Jan21,23Jan21,24Jan21,25Jan21,26Jan21,27Jan21,28Jan21,29Jan21,30Jan21,31Jan21,01Feb21,02Feb21,03Feb21,04Feb21,05Feb21,06Feb21,07Feb21,08Feb21,09Feb21,10Feb21
USA,United States,https://www.countryflags.io/us/flat/64.png,.,0,0,0,0,0,0,0,0,0,0,0,0,0,0,647.0385742,661.6309814,721.4384766,781.2459106,853.3416138,925.4373169,997.53302,1031.411133,1065.289307,1038.827393,1098.563599,1157.844849,1285.427246,1411.938477,1673.268066,1934.597656,1963.724121,2174.058838,2286.839355,2444.865479,2484.544434,2524.223389,2563.902344,2790.106201,2731.670898,2797.510986,2986.156006,3236.692139,3435.030518,3447.487305,3425.469238,3554.009277,3781.380371,3837.963135,3953.062012,4055.708008,4149.076172,4040.5,4034.270264,3939.994141,3906.98877,4136.789551,4411.222168,4458.264648,4558.891602,4762.837402
TUR,Turkey,https://www.countryflags.io/tr/flat/64.png,.,0,0,0,0,0,0,0,0,0,0,0,0,0,0,0,0,0,0,0,0,0,0,0,0,0,0,0,0,0,0,0,0,0,0,0,0,0,0,1826.489868,1459.129517,1016.177185,954.4318848,933.9924316,816.2268677,797.6529541,815.7860718,1001.872375,1260.137085,1273.739136,1286.940308,1446.53064,1421.21814,1424.237671,1393.922119,1095.816162,1112.139282,1083.335205,916.1213379,873.729126,784.1134033
SYC,Seychelles,https://www.countryflags.io/sc/flat/64.png,.,0,0,0,0,0,0,0,0,0,0,0,0,0,0,0,0,0,0,0,0,0,0,0,0,0,0,0,0,0,0,0,0,0,0,10334.63574,11553.13867,12771.64063,13990.14355,16480.79102,17755.64258,19030.49219,16761.30273,15938.46875,15115.63477,17326.75391,18342.50195,20303.86719,20626.45508,20542.30273,21484.23047,22426.1582,20037.38086,16985.71094,13298.21484,11249.49609,10198.80859,9982.519531,9766.230469,12016.22852,14852.34766
SWE,Sweden,https://www.countryflags.io/se/flat/64.png,.,0,0,0,0,0,0,0,0,0,0,0,0,0,0,0,0,0,0,0,0,0,168.1256256,207.9723511,247.8190765,287.665802,327.5125122,367.3592529,407.2059937,447.0527039,523.7055664,600.3583984,677.0112915,753.6641235,830.3169556,906.9698486,983.6226807,1049.278442,1114.934204,1180.589966,1246.245605,1311.901367,1377.557129,1443.212891,1389.059692,1334.906494,1280.753296,1226.600098,1172.446899,1118.293701,1064.140503,931.2238159,798.3071289,665.3904419,823.6340942,1001.463196,992.8342285,984.2053223,1108.493164,1232.780884,1464.230347
SVN,Slovenia,https://www.countryflags.io/si/flat/64.png,.,0,0,0,0,0,0,0,0,0,0,0,0,0,0,0,0,0,0,0,0,0,401.1087952,369.6979065,460.417511,781.828064,1028.362183,1239.628052,1228.882202,1190.720703,1148.977295,1103.996338,1071.070068,1166.26709,1274.138672,1279.373779,1279.580444,1261.877441,1280.062622,1274.276489,1119.564087,940.6046143,967.1936646,977.1817627,962.1651611,944.8065186,961.6140747,1068.383545,1227.986694,1186.243286,1176.117432,1178.666138,1132.651978,1120.25293,1196.575806,1263.737305,1297.903564,1339.095825,1363.480591,1295.285889,986.3432617
SVK,Slovakia,https://www.countryflags.io/sk/flat/64.png,.,0,0,0,0,0,0,0,0,0,0,0,0,0,0,0,0,0,0,0,0,0,0,0,0,0,0,0,0,0,771.3875732,1037.364258,1051.973145,1062.805298,1084.12854,1077.650269,999.2027588,1123.732666,1054.22876,1083.918701,1080.325562,1051.894531,1023.411072,1029.233643,1033.377686,1015.332886,993.8522949,1056.56311,1188.463013,1217.733276,1217.86438,1291.276245,1423.176025,1544.925781,1668.485229,1750.158813,1786.667969,1784.019043,1761.961304,1818.19397,1888.904175
SRB,Serbia,https://www.countryflags.io/rs/flat/64.png,.,0,0,0,0,0,0,0,0,0,0,0,0,0,0,0,0,0,0,0,0,0,0,0,0,0,0,0,0,0,0,0,0,0,318.1068726,384.8543701,451.6018982,496.6832886,541.7647095,586.8461304,1364.533936,1987.848267,2790.48584,3814.101074,4516.019043,5714.312988,6489.98584,6479.858398,6363.73291,5606.279297,4891.912109,4499.242188,3610.196289,3106.127197,2565.027344,2201.675537,2125.915771,1786.091675,2041.870239,2297.648682,2591.071777
SGP,Singapore,https://www.countryflags.io/sg/flat/64.png,.,0,0,0,0,0,0,0,0,0,0,0,0,0,0,0,0,0,0,0,0,0,0,0,0,0,0,0,0,0,0,0,0,0,0,0,0,888.7598267,954.1246948,954.1246948,954.1246948,954.1246948,1086.62793,1219.131104,1351.634399,1484.137695,1616.640869,1746.357178,1876.073608,1873.286743,1870.499878,1930.417725,1990.335449,1959.046509,1930.544434,1902.042236,1873.540161,1845.037964,1753.831177,1662.62439,1662.62439
SAU,Saudi Arabia,https://www.countryflags.io/sa/flat/64.png,.,0,0,0,0,0,0,0,0,0,0,0,0,0,0,0,0,0,0,0,0,0,0,0,0,0,0,0,0,0,0,0,497.6749268,419.9730835,459.8774109,499.7817383,539.6860352,530.7443848,481.8984375,433.0524597,384.2064514,335.3604736,286.5144958,237.6685181,237.6685181,237.6685181,237.6685181,237.6685181,237.6685181,272.9190369,308.1695557,343.4200745,311.2584229,279.0968018,246.9351654,214.7735443,147.3614044,79.9492569,12.53711128,12.53711128,12.53711128
RUS,Russia,https://www.countryflags.io/ru/flat/64.png,.,0,0,0,0,0,0,0,0,0,23.23635292,87.15397644,151.0716095,214.9892273,278.9068604,342.8244934,406.7420959,470.659729,470.659729,470.659729,470.659729,470.659729,421.4004517,372.1412048,322.8819275,273.6226501,224.3633881,175.1041107,125.8448486,125.8448486,125.8448486,125.8448486,125.8448486,125.8448486,125.8448486,125.8448486,125.8448486,125.8448486,125.8448486,125.8448486,125.8448486,125.8448486,125.8448486,125.8448486,125.8448486,125.8448486,125.8448486,125.8448486,125.8448486,125.8448486,125.8448486,125.8448486,125.8448486,125.8448486,125.8448486,125.8448486,125.8448486,125.8448486,125.8448486,125.8448486,125.8448486
ROU,Romania,https://www.countryflags.io/ro/flat/64.png,.,0,0,0,0,0,0,0,0,0,0,0,0,0,0,0,0,0,0,0,0,0,0,172.0349426,284.9709473,388.1317444,485.1719971,594.805542,653.581604,694.9647827,731.5411377,725.347229,702.4209595,669.381897,667.5545654,688.2938843,710.1413574,807.6219482,951.0944824,1131.018555,1324.526733,1484.386597,1635.036499,1770.289673,1830.22522,1895.833618,1925.100586,1917.61499,1915.883057,1860.453491,1798.947388,1736.00293,1617.122559,1478.743164,1360.59668,1280.993164,1235.962646,1210.210938,1248.790771,1331.417725,1458.686279
PRT,Portugal,https://www.countryflags.io/pt/flat/64.png,.,0,0,0,0,0,0,0,0,0,0,0,0,0,0,0,0,0,0,0,0,0,0,423.9252014,305.4589844,210.9415894,387.2934875,563.6453857,617.2018433,670.7583618,695.7331543,720.7080078,745.6828003,622.8873901,500.09198,639.0064087,777.9208984,916.8353271,1055.749756,1194.664307,1333.578735,1472.493164,1550.037231,1482.179443,1414.321777,1346.463989,1343.28479,1377.293091,1441.056763,1354.526978,1302.85083,1185.287476,1128.770142,1007.57428,947.4937744,778.7196655,682.6950684,796.2159424,796.5076904,717.013855,684.0842285
POL,Poland,https://www.countryflags.io/pl/flat/64.png,.,0,0,0,0,0,0,0,0,0,0,0,0,0,0,0,0,0,0,0,0,0,0,339.3984375,503.8159485,466.6973267,531.7668457,563.5003662,562.8966064,572.6361084,623.0230103,637.242981,785.6837158,833.350708,895.9938354,967.8649292,1002.218567,892.8112793,871.2894897,837.296936,882.2365723,930.3701172,917.380249,895.3618774,1060.189453,1370.188599,1566.710205,1700.51709,1718.450073,1714.549072,1765.947876,1710.644165,1643.866699,1705.362427,1766.467041,1793.23291,1821.612671,1804.973755,1818.86084,1622.431396,1394.311768
PER,Peru,https://www.countryflags.io/pe/flat/64.png,1,0,0,0,0,0,0,0,0,0,0,0,0,0,0,0,0,0,0,0,0,0,0,0,0,0,0,0,0,0,0,0,0,0,0,0,0,0,0,0,0,0,0,0,0,0,0,0,0,0,0,0,0,0,0,0,0,0,0,0,0
PAN,Panama,https://www.countryflags.io/pa/flat/64.png,1,0,0,0,0,0,0,0,0,0,0,0,0,0,0,0,0,0,0,0,0,0,0,0,0,0,0,0,0,0,0,0,0,0,0,0,0,0,0,0,0,0,0,0,0,276.0780334,304.1236267,239.2767487,187.0503998,197.7556,197.7556,197.7556,197.7556,197.7556,197.7556,197.7556,197.7556,197.7556,197.7556,197.7556,197.7556
OMN,Oman,https://www.countryflags.io/om/flat/64.png,.,0,0,0,0,0,0,0,0,0,0,0,0,0,0,0,0,0,0,0,0,0,0,266.5473022,277.6990356,265.0978699,248.3258972,239.7920074,230.4890289,209.457489,223.5968323,233.624527,258.6493835,274.8889465,281.2634583,288.4071045,282.1656494,250.5739899,218.8935852,201.1158752,169.1889648,171.8856964,174.582428,216.4975891,232.1455231,241.2858124,221.7628632,215.8295746,209.8962708,203.9629669,147.3193207,98.04115295,55.89181519,36.25301743,36.25301743,36.25301743,36.25301743,36.25301743,36.25301743,153.7431641,331.6065063
NPL,Nepal,https://www.countryflags.io/np/flat/64.png,.,0,0,0,0,0,0,0,0,0,0,0,0,0,0,0,0,0,0,0,0,0,0,0,0,0,0,0,0,0,0,0,0,0,0,0,0,0,0,0,0,0,0,0,0,0,0,0,0,0,0,0,652.4371948,633.321167,614.2051392,595.0891113,575.9730835,556.8570557,537.7410278,537.7410278,537.7410278
NOR,Norway,https://www.countryflags.io/no/flat/64.png,.,0,0,0,0,0,0,0,0,0,0,0,0,0,0,0,0,0,0,0,0,0,58.70897675,42.70721817,106.337738,337.1395874,511.7873535,555.0055542,558.447937,561.1642456,570.3618774,593.7324829,613.0421753,663.602356,741.0024414,757.1118164,763.5393677,796.0001221,823.2972412,848.0932007,848.5773315,816.0090332,805.7894287,798.2322998,771.8764038,746.1929321,960.0517578,1196.2323,1262.848022,1261.342041,1263.090088,1259.916626,1392.153076,1763.582153,2200.309082,2445.956299,2476.29248,2489.201416,2504.772949,2466.745117,1806.692749
NLD,Netherlands,https://www.countryflags.io/nl/flat/64.png,.,0,0,0,0,0,0,0,0,0,0,0,0,0,0,0,0,0,0,0,0,0,0,0,0,0,0,0,0,0,0,0,339.9066162,298.4545898,232.1313477,298.4545898,356.4874268,407.6116028,392.4125061,439.3914795,551.3119507,663.2324219,620.1720581,577.1116943,548.696106,520.2805786,491.8649902,381.927124,271.9892578,258.9993591,246.009491,805.859375,1012.960754,1196.907104,1383.879395,1564.47644,1748.679688,1972.386841,1382.86438,1302.770874,1297.862915
MMR,Myanmar,https://www.countryflags.io/mm/flat/64.png,.,0,0,0,0,0,0,0,0,0,0,0,0,0,0,0,0,0,0,0,0,0,0,0,0,0,0,0,0,0,0,0,0,0,0,0,0,0,0,0,0,0,0,0,0,0,0,0,0,0,0,0,70.75244141,70.75244141,70.75244141,70.75244141,70.75244141,70.75244141,70.75244141,70.75244141,70.75244141
MLT,Malta,https://www.countryflags.io/mt/flat/64.png,.,0,0,0,0,0,0,0,0,0,0,0,0,0,0,0,0,0,0,0,0,0,0,533.5440063,580.7081299,627.8722534,675.036377,722.2004395,769.364563,816.5286865,863.6928101,1081.216187,1298.739624,1516.263062,1733.786499,1935.981567,2138.176514,2397.115967,2431.752197,2397.410645,2414.655029,2438.089844,2455.333984,2439.563477,2408.317383,2386.209229,2415.981445,2402.127197,2374.418213,2333.739258,2158.347656,1941.6875,1954.657593,1986.788086,2049.575439,2256.507813,2602.574707,3031.178467,3389.330811,3620.729736,3857.139893
MEX,Mexico,https://www.countryflags.io/mx/flat/64.png,1,0,0,0,0,0,0,0,0,0,0,0,0,0,0,0,0,0,0,29.28264427,32.10422134,34.92580032,37.7473793,38.92179108,33.63048172,31.90973282,33.52248383,39.49258041,43.49287415,46.56486511,48.7923317,50.53911972,157.7905579,307.4494324,396.1201782,439.7559204,442.4615479,459.0203857,458.7645264,349.2025452,251.7186279,223.5084991,176.0622101,178.2833405,172.7271271,174.5622101,175.4871216,119.4415894,53.67043304,58.34589386,49.47270584,34.07199097,28.5508728,34.59274292,42.16518021,43.13083649,45.15951157,45.4980011,48.24667358,52.9900589,43.13875961
MDV,Maldives,https://www.countryflags.io/mv/flat/64.png,.,0,0,0,0,0,0,0,0,0,0,0,0,0,0,0,0,0,0,0,0,0,0,0,0,0,0,0,0,0,0,0,0,0,0,0,0,0,0,0,0,0,0,0,0,0,0,0,0,0,0,0,0,0,0,0,0,0,0,4258.045898,4983.556152
MCO,Monaco,https://www.countryflags.io/mc/flat/64.png,.,0,0,0,0,0,0,0,0,0,0,0,0,0,0,0,0,0,0,0,0,0,0,0,0,3265.492676,3265.492676,3265.492676,3265.492676,3265.492676,3265.492676,3265.492676,3265.492676,3265.492676,3265.492676,3265.492676,3265.492676,3265.492676,3265.492676,3265.492676,3265.492676,3265.492676,3265.492676,3265.492676,3265.492676,3265.492676,3265.492676,3265.492676,3265.492676,3265.492676,3265.492676,3265.492676,3265.492676,3265.492676,3265.492676,3265.492676,3265.492676,3265.492676,3265.492676,3265.492676,3265.492676
MAR,Morocco,https://www.countryflags.io/ma/flat/64.png,.,0,0,0,0,0,0,0,0,0,0,0,0,0,0,0,0,0,0,0,0,0,0,0,0,0,0,0,0,0,0,0,0,0,0,0,0,0,0,0,0,0,0,0,0,0,0,0,0,0,0,0,0,0,1394.597412,1440.243042,1482.79187,1510.910034,1388.035278,1419.049805,1735.571411
LVA,Latvia,https://www.countryflags.io/lv/flat/64.png,.,0,0,0,0,0,0,0,0,0,0,0,0,0,0,0,0,0,0,0,0,0,0,0,0,0,0,0,0,0,0,0,0,0,0,0,0,0,0,0,0,0,0,0,217.1944122,215.1188354,218.6769714,255.74086,311.2625732,314.5242004,351.3286438,388.1330872,459.2957764,518.5979614,572.2664795,624.3783569,643.5032959,596.3950806,570.4874268,448.9178772,341.4325867
LUX,Luxembourg,https://www.countryflags.io/lu/flat/64.png,.,0,0,0,0,0,0,0,0,0,0,0,0,0,0,0,0,0,0,0,0,0,0,0,0,101.8450012,101.8450012,101.8450012,101.8450012,101.8450012,101.8450012,188.1028748,290.8094788,361.3235779,387.6611023,413.9986572,440.3361816,617.0620117,686.6165771,780.609314,860.9730225,917.4274292,973.8817749,1030.336182,936.4021606,994.2077026,1000.082214,1051.778198,1037.072266,1022.366333,1007.6604,1101.359375,1110.758667,1165.039429,1185.717773,1197.780151,1209.842651,1221.905029,1150.940552,1034.154663,883.531311
LTU,Lithuania,https://www.countryflags.io/lt/flat/64.png,.,0,0,0,0,0,0,0,0,0,0,0,0,0,0,0,0,0,0,0,0,0,392.7529297,257.0828247,111.1632309,211.3121338,421.8593445,679.1461182,688.3043823,682.1138916,788.3104858,888.2860107,1023.364624,1251.300293,1358.12915,1398.515015,1456.034424,1572.704834,1786.107544,1649.652222,1288.21875,937.7995605,882.3199463,825.5910034,597.3239136,435.3213196,609.460022,890.937561,1279.244019,1310.757202,1310.221802,1455.830322,1494.278564,1481.938477,1618.852783,1576.27417,1581.220459,1585.758789,1570.614014,1511.768921,1463.173218
LKA,Sri Lanka,https://www.countryflags.io/lk/flat/64.png,.,0,0,0,0,0,0,0,0,0,0,0,0,0,0,0,0,0,0,0,0,0,0,0,0,0,0,0,0,0,0,0,0,0,0,0,0,0,0,0,0,0,0,0,0,0,0,0,0,0,0,0,0,0,964.6450195,995.6094971,806.4012451,676.5046997,476.0498352,365.3899231,242.6725464
LIE,Liechtenstein,https://www.countryflags.io/li/flat/64.png,.,0,0,0,0,0,0,0,0,0,0,0,0,0,0,0,0,0,0,0,0,0,0,0,0,0,0,0,0,0,0,0,0,0,0,0,0,0,0,0,0,0,0,0,0,0,0,0,0,0,0,0,0,0,0,0,0,0,0,0,0
KWT,Kuwait,https://www.countryflags.io/kw/flat/64.png,.,0,0,0,0,0,0,0,0,0,0,0,0,0,0,0,0,0,0,0,0,0,0,270.874054,270.874054,270.874054,270.874054,270.874054,270.874054,270.874054,270.874054,270.874054,270.874054,270.874054,270.874054,270.874054,270.874054,270.874054,270.874054,270.874054,270.874054,270.874054,270.874054,270.874054,270.874054,270.874054,270.874054,270.874054,270.874054,270.874054,270.874054,270.874054,270.874054,270.874054,270.874054,270.874054,270.874054,270.874054,270.874054,270.874054,270.874054
ITA,Italy,https://www.countryflags.io/it/flat/64.png,.,0,0,0,0,0,0,0,0,0,0,0,0,0,0,0,0,0,0,0,0,0,275.2579651,434.4650269,619.9587402,762.7857666,919.8530884,1118.705322,1232.874146,1292.273315,1321.082764,1324.856201,1390.681519,1391.750244,1374.847656,1321.359375,1264.241821,1172.456055,1056.173462,905.8302002,769.368042,621.9235229,560.7014771,554.7362671,617.5400391,730.1508789,826.4690552,963.7705688,1130.872192,1251.204834,1311.24231,1349.421631,1365.302856,1430.005127,1456.859253,1468.439697,1433.197021,1387.702515,1339.583618,1283.664795,1202.043335
ISR,Israel,https://www.countryflags.io/il/flat/64.png,.,0,0,0,0,0,0,0,0,0,0,0,0,0,4564.117676,6125.723145,7893.714355,9686.858398,11136.44922,12515.8252,13051.5957,13685.82227,14419.53613,14689.23926,14201.98926,13414.25488,12724.06055,12638.35742,12197.34473,10486.2041,8691.564453,7625.571777,7697.733398,7834.337891,7836.959473,8011.470215,9759.776367,12157.42773,14569.53711,16348.78613,18077.68164,18745.52148,19348.54883,20246.70508,20720.7832,20608.56055,20327.51953,19954.13281,19835.79883,19574.37891,18350.02148,16717.25195,15073.81836,13569.62793,12273.26953,11651.98926,11098.10938,10883.79492,10975.28809,11462.66602,11955.86621
ISL,Iceland,https://www.countryflags.io/is/flat/64.png,.,0,0,0,0,0,0,0,0,0,0,0,0,0,0,0,0,0,0,0,0,0,0,0,0,179.5564575,179.5564575,179.5564575,179.5564575,179.5564575,179.5564575,179.5564575,179.5564575,179.5564575,179.5564575,179.5564575,179.5564575,179.5564575,179.5564575,179.5564575,884.1467896,1588.737183,2293.327637,2997.917969,3702.508301,3738.014648,3773.520752,3125.960449,2478.399902,1830.839478,1183.279053,535.7185669,557.2421875,578.7658081,610.2990723,641.8323975,578.3222046,514.8120728,451.3019409,387.7918091,324.2816772
IRL,Ireland,https://www.countryflags.io/ie/flat/64.png,.,0,0,0,0,0,0,0,0,0,0,0,0,0,0,0,0,0,0,0,0,0,0,0,0,0,396.6404114,622.0118408,847.3833008,1072.754761,1421.563843,1675.825806,1930.087769,1941.913574,1822.915039,1703.916504,1584.918091,1492.924316,1400.930542,1308.936768,1341.244141,1373.551636,1405.859009,1438.166382,1346.202026,1254.237549,1162.273193,1288.479614,1414.686035,1540.892456,1667.098877,1667.877686,1668.656494,1669.435181,1570.178345,1470.921387,1332.549194,1194.177124,1155.06189,1115.946655,1076.831421
IND,India,https://www.countryflags.io/in/flat/64.png,.,0,0,0,0,0,0,0,0,0,0,0,0,0,0,0,0,0,0,0,0,0,0,0,0,0,0,0,0,0,0,0,0,0,0,0,0,0,0,0,0,146.8678589,146.9130554,146.9323883,165.790741,143.0713043,163.6504517,199.0341187,222.7887115,228.3544159,226.3694916,203.4517975,222.7890167,221.1134338,214.5461731,202.445816,214.5034943,216.8831177,243.8501892,261.1490479,271.1739502
IMN,Isle of Man,https://www.countryflags.io/im/flat/64.png,.,0,0,0,0,0,0,0,0,0,0,0,0,0,0,0,0,0,0,0,0,0,0,0,0,0,0,0,0,0,0,0,0,0,0,0,0,0,0,0,0,0,0,0,0,0,0,4626.711426,5455.882813,5751.105469,6046.328125,6341.550781,5804.203125,6755.711914,6680.950195,5717.547852,6171.638672,6229.833496,6308.417969,6327.533203,4890.075195
IDN,Indonesia,https://www.countryflags.io/id/flat/64.png,.,0,0,0,0,0,0,0,0,0,0,0,0,0,0,0,0,0,0,0,0,0,0,0,0,0,0,0,0,0,0,0,0,0,0,0,0,0,49.31566238,49.31566238,49.31566238,49.31566238,46.87176132,44.42786026,44.17007446,81.81116486,108.0263901,136.0909424,151.7358704,193.3846436,195.5755615,220.414856,214.8615112,218.634903,225.7808685,239.8054199,219.5443726,217.6336517,219.3143311,223.4154358,283.4850159
HUN,Hungary,https://www.countryflags.io/hu/flat/64.png,.,0,0,0,0,0,0,0,0,0,0,0,0,0,0,0,0,0,0,0,0,0,0,203.2180939,270.9233398,404.9602051,547.1222534,652.1508789,757.1795654,862.2081909,929.1243286,963.4664917,944.0595093,923.2788696,888.7223511,853.8442993,762.659668,770.9164429,677.0234375,620.8337402,570.9572144,544.8132935,488.7989807,480.9367981,452.7762146,543.9072266,714.9605713,996.8295898,1428.64978,1833.113037,2090.343262,2182.511963,2218.797852,2142.689697,2108.654297,1946.150024,1648.293701,1424.7771,1317.118042,1225.957764,1117.553345
HRV,Croatia,https://www.countryflags.io/hr/flat/64.png,.,0,0,0,0,0,0,0,0,0,0,0,0,0,0,0,0,0,0,0,0,0,0,0,0,326.2810669,406.5626526,521.074707,657.7080078,658.8612671,672.2022095,685.5431519,606.4147949,607.9699707,578.2651367,555.8641968,613.9138184,671.9633789,730.0130005,814.2610474,817.8256226,818.4197388,724.1914063,684.9927368,645.7940674,635.4730835,598.9536743,562.4342041,525.9147949,513.0427246,500.1706238,487.2985535,469.7028198,452.1070862,629.3574219,588.6932983,589.7789917,590.8646851,591.9503174,568.881958,545.8135376
GRL,Greenland,https://www.countryflags.io/gl/flat/64.png,.,0,0,0,0,0,0,0,0,0,0,0,0,0,0,0,0,0,0,0,0,0,0,0,0,0,0,0,0,0,0,0,0,0,0,0,0,0,0,0,0,0,0,0,0,0,0,0,0,0,0,0,0,0,0,0,0,0,0,0,0
GRC,Greece,https://www.countryflags.io/gr/flat/64.png,.,0,0,0,0,0,0,0,0,0,0,0,0,0,0,0,0,0,0,0,0,0,0,131.5192566,207.0496368,251.5106049,320.8909912,434.8787842,496.2322693,542.7964478,528.7127075,530.3899536,589.9197388,592.5687866,534.3302612,531.9873657,512.4924316,477.2631226,505.5637512,597.680481,731.7156372,911.3831787,1061.072876,1156.537476,1252.002075,1375.108276,1413.818604,1442.412109,1457.440918,1480.070801,1497.908447,1515.746094,1569.085938,1625.114746,1669.788696,1687.559692,1684.857422,1666.074707,1647.29187,1627.271118,1616.209229
GIB,Gibraltar,https://www.countryflags.io/gi/flat/64.png,.,0,0,0,0,0,0,0,0,0,0,0,0,0,0,0,0,0,0,0,0,0,0,0,0,0,0,0,0,0,0,0,0,0,0,0,26009.8457,24158.35547,22150.10156,20896.00391,21116.31836,21336.63281,22260.25977,21506.10547,19853.74414,19650.37695,19447.00977,18578.46094,16900.67969,15222.89941,14739.90137,18192.91016,20557.05664,21624.73633,22840.70313,25175.19141,26293.71289,27895.23242,27721.52148,27234.28711,28043.52148
GBR,United Kingdom,https://www.countryflags.io/gb/flat/64.png,.,0,0,0,0,0,0,0,1262.022217,1182.689331,1103.356445,1024.02356,944.6907349,865.3578491,786.0249634,706.6920776,727.1115112,747.5308838,767.9503174,788.369751,808.7891846,829.2085571,849.6279907,1121.526855,1393.425659,1665.324585,1937.223389,2209.122314,2481.020996,2752.919922,2716.128906,2803.755859,3031.019043,3329.781494,3642.105225,3851.531982,3948.285645,4040.27832,4305.089355,4473.247559,4668.130859,4994.445313,5451.480469,5436.638184,5593.73291,5520.323242,5408.092773,5415.772949,5436.978027,5686.314941,5903.687988,6056.754883,6194.649902,6532.776367,6679.820313,6697.645996,6573.963379,6482.944336,6490.158203,6571.949219,6449.345703
FRO,Faroe Islands,https://www.countryflags.io/fo/flat/64.png,.,0,0,0,0,0,0,0,0,0,0,0,0,0,0,0,0,0,0,0,0,0,0,0,0,0,0,0,0,0,0,0,0,0,0,0,0,0,0,0,0,0,0,0,0,0,0,0,0,0,0,0,0,0,0,1708.86853,1708.86853,1650.322998,1591.777344,2190.120605,2788.464111
FRA,France,https://www.countryflags.io/fr/flat/64.png,.,0,0,0,0,0,0,0,0,0,0,0,0,0,0,0,0,0,0,0,0,0,.9128918648,3.728353024,14.09010315,35.890728,91.64324951,161.4560242,183.3206329,194.4971619,263.6551208,367.6629333,466.5176086,560.7971802,616.039917,631.3692627,640.4768677,730.8701782,867.2814331,1009.272339,1160.682373,1268.81311,1307.101196,1305.473755,1294.625732,1248.889404,1206.676758,1165.64563,1140.959106,1130.940796,1129.729248,1139.039551,1164.835083,1175.819702,1205.625122,1242.202759,1246.191284,1251.148193,1296.293701,1363.956421,1431.013428
FIN,Finland,https://www.countryflags.io/fi/flat/64.png,.,0,0,0,0,0,0,0,0,0,0,0,0,0,0,0,0,0,0,0,0,0,0,0,0,0,165.4550476,230.7447815,245.2773438,259.8099365,274.3424988,315.2659302,422.8583374,644.3629761,829.036438,901.24823,973.4599609,1045.671753,989.5962524,1008.452087,1172.456665,1246.274292,1315.049805,1383.825439,1452.600952,1584.695679,1679.648438,1554.650635,1567.782349,1671.990356,1523.781006,1375.571655,1216.462402,1203.408325,1439.935425,1437.837524,1439.236084,1478.877441,1473.140381,1643.516602,1564.49292
EST,Estonia,https://www.countryflags.io/ee/flat/64.png,.,0,0,0,0,0,0,0,0,0,0,0,0,0,0,0,0,0,0,0,0,0,0,251.5712585,288.7450256,445.7609558,510.5989075,592.835022,831.546814,889.5767822,911.7297363,941.0148926,915.5119629,891.1976929,940.5826416,838.7870483,802.9100342,789.1860352,801.7213135,756.1186523,767.897522,812.5276489,836.9499512,841.2724609,848.4046631,849.9175415,985.1046753,1042.162109,1061.505371,1245.537109,1306.592896,1347.332764,1408.820679,1448.696045,1573.941406,1705.130249,1689.893311,1660.824219,1608.737793,1691.622314,1649.153442
ESP,Spain,https://www.countryflags.io/es/flat/64.png,.,0,0,0,0,0,0,0,0,0,0,0,0,0,0,0,0,0,0,0,0,0,0,0,0,0,0,0,0,0,986.815918,1064.739868,1246.450562,1431.311523,1498.810425,1499.702881,1500.595215,1501.487671,1459.128052,1356.324341,1303.866211,1211.551758,1189.83667,1168.121582,1200.558838,1191.675415,1128.535767,1132.220459,1078.797729,1106.699707,1134.601563,1165.647827,1246.481079,1433.939941,1569.014038,1550.495239,1531.976318,1513.45752,1508.618896,1430.114868,1324.624756
EGY,Egypt,https://www.countryflags.io/eg/flat/64.png,.,0,0,0,0,0,0,0,0,0,0,0,0,0,0,0,0,0,0,0,0,0,0,0,0,0,0,0,0,0,0,0,0,0,0,0,0,0,0,0,0,0,0,0,0,0,0,0,0,0,2.226769686,2.226769686,2.226769686,2.226769686,2.226769686,2.226769686,2.226769686,2.226769686,2.226769686,2.226769686,2.226769686
ECU,Ecuador,https://www.countryflags.io/ec/flat/64.png,1,0,0,0,0,0,0,0,0,0,0,0,0,0,0,0,0,0,0,0,0,0,0,0,0,0,0,0,0,0,0,0,0,0,0,0,0,0,0,0,0,0,0,0,0,0,0,24.93509102,27.90952682,27.78170967,27.65389252,27.52607727,27.39826012,27.27044296,27.14262581,27.14262581,27.14262581,27.14262581,27.14262581,27.14262581,27.14262581
DZA,Algeria,https://www.countryflags.io/dz/flat/64.png,.,0,0,0,0,0,0,0,0,0,0,0,0,0,0,0,0,0,0,0,0,0,0,0,0,0,0,0,0,0,0,0,0,0,0,0,0,0,0,0,0,0,0,0,0,0,0,0,0,0,0,0,0,0,0,.7104218602,.7104218602,.7104218602,.7104218602,.7104218602,.7104218602
DNK,Denmark,https://www.countryflags.io/dk/flat/64.png,.,0,0,0,0,0,0,0,0,0,0,0,0,0,0,0,0,0,0,0,0,0,1132.07959,1142.386475,1255.392212,1461.283203,1741.59082,1893.802124,1721.223633,1592.683472,1549.582031,1226.789429,1050.660278,1058.008179,1222.400391,1289.123901,1349.239136,1481.453125,1583.19043,1354.441772,1009.851868,791.8294067,873.1501465,970.7449341,889.1529541,824.6733398,853.6706543,963.9641113,1284.660767,1441.310547,1599.168457,1745.314087,1822.295044,1900.213135,1997.68457,1891.213013,1726.796265,1527.735352,1548.22583,1624.689087,1635.760376
DEU,Germany,https://www.countryflags.io/de/flat/64.png,.,0,0,0,0,0,0,0,0,0,0,0,0,0,0,0,0,0,0,0,0,0,448.1748352,498.2333984,513.2539063,514.0964966,549.4464111,610.5553589,619.5397949,633.2989502,662.0665283,713.3536377,782.5974731,854.8619995,911.3494873,911.7165527,931.2602539,946.3685913,967.5441284,1018.415955,1008.423523,1045.050293,1104.072632,1140.402954,1178.327271,1191.641846,1163.639282,1172.425537,1163.460083,1153.741699,1148.053711,1176.774658,1215.949951,1258.464722,1314.685181,1346.685303,1369.973389,1362.255493,1317.402466,1295.679077,1253.651978
CZE,Czech Republic,https://www.countryflags.io/cz/flat/64.png,.,0,0,0,0,0,0,0,0,0,0,0,0,0,0,0,0,0,0,0,0,0,174.0100403,191.2793427,205.3501282,236.7574158,325.84552,455.8558044,465.7738953,476.5117798,559.7807007,678.6902466,781.6610107,877.2939453,928.7255249,946.4786377,964.6618042,1023.632751,1044.651611,1074.513428,1095.209717,1115.973145,1120.555908,1120.461792,1096.378906,1086.62207,1054.153076,1006.444092,985.1564941,959.9715576,943.2398071,929.0749512,924.7072754,948.333252,1006.403809,1031.266235,1049.355347,1067.081543,1111.269409,1138.416504,1138.228394
CYP,Cyprus,https://www.countryflags.io/cy/flat/64.png,.,0,0,0,0,0,0,0,0,0,0,0,0,0,0,0,0,0,0,0,0,0,0,0,0,0,0,0,0,0,0,0,558.4000854,595.0013428,631.6026001,690.2651367,748.9276733,770.9889526,793.050293,815.1115723,837.1729126,859.2341919,870.1481323,881.0621338,891.9760742,902.8900146,913.8039551,924.7179565,935.631897,933.5726318,931.5134277,929.4541626,927.3949585,925.3356934,923.2764893,921.2172241,921.2172241,921.2172241,921.2172241,921.2172241,921.2172241
CYM,Cayman Islands,https://www.countryflags.io/ky/flat/64.png,1,0,0,0,0,0,0,0,0,0,0,0,0,0,0,0,0,0,0,0,0,4288.341309,4288.341309,4288.341309,4288.341309,4288.341309,4288.341309,4288.341309,4288.341309,4288.341309,4288.341309,4288.341309,4288.341309,4288.341309,4288.341309,4288.341309,4288.341309,4288.341309,4288.341309,4288.341309,4288.341309,4288.341309,4288.341309,4288.341309,4288.341309,4288.341309,4288.341309,4288.341309,4288.341309,4288.341309,4288.341309,4288.341309,4288.341309,4288.341309,4288.341309,4833.733398,5379.125977,5924.518066,6469.910156,7015.302246,7464.527344
CRI,Costa Rica,https://www.countryflags.io/cr/flat/64.png,1,0,0,0,0,0,0,0,0,0,0,0,0,0,0,0,0,0,0,48.00536728,48.00536728,48.00536728,48.00536728,82.84354401,117.6817245,152.5198975,187.358078,222.1962585,277.0105591,331.8248291,351.8009338,371.7770691,391.7531738,411.7292786,431.7053833,413.1808777,394.6563416,376.1318359,390.9538879,405.7759705,420.5980225,435.4200745,468.7666626,502.1132507,535.4598389,498.0434265,460.6269836,423.2105713,385.7941284,348.3777161,310.9612732,273.5448608,305.544342,337.5438538,369.543335,401.5428467,433.5423279,465.5418396,497.5413208,497.5413208,497.5413208
CHN,China,https://www.countryflags.io/cn/flat/64.png,.,0,0,0,0,0,0,0,0,0,134.6276703,134.6276703,134.6276703,134.6276703,134.6276703,134.6276703,134.6276703,134.6276703,134.6276703,134.6276703,166.6818848,198.736084,230.7902985,262.8445129,294.8987122,326.9529419,359.0071411,359.0071411,359.0071411,333.3637695,307.7203979,282.0770264,256.4336853,278.4136963,300.3937073,322.3737488,369.9971313,417.6205139,465.243927,512.8673096,553.413147,593.9589233,634.5047607,675.0505981,715.5964355,756.1422119,796.6880493,714.4937134,632.2994385,550.1051025,467.9108276,600.2745361,732.6383057,865.0020752,992.7145996,1120.427124,1248.139648,1375.852173,1289.006592,1202.161133,1115.315552
CHL,Chile,https://www.countryflags.io/cl/flat/64.png,1,0,0,0,0,0,0,0,0,0,0,0,0,0,0,0,0,0,0,64.28859711,28.28381729,4.689021587,2.70300436,2.70300436,13.32337952,14.50087929,18.37852097,22.25616455,26.13380814,30.01145172,33.88909531,27.1463623,29.84650612,55.43685532,76.72527313,72.92676544,68.9299469,144.0915833,281.2344971,300.70755,337.868866,314.0328369,320.3713379,321.4277344,243.3256836,119.332634,99.61547852,32.71445465,31.02877426,24.28604126,49.08948135,73.89292145,82.60609436,546.0392456,1714.865967,3834.898438,4107.58252,4166.220215,5514.687988,7550.9375,9145.860352
CHE,Switzerland,https://www.countryflags.io/ch/flat/64.png,.,0,0,0,0,0,0,0,0,0,0,0,0,0,0,0,0,0,352.3928223,352.3928223,352.3928223,352.3928223,352.3928223,352.3928223,352.3928223,352.3928223,352.3928223,352.3928223,352.3928223,352.3928223,352.3928223,352.3928223,352.3928223,352.3928223,449.7203674,547.0479126,644.3754272,741.7029419,839.0304565,1290.286255,1741.542114,1748.17041,1754.798706,1761.427124,1830.942505,1900.457764,1616.044922,1331.631958,1394.518921,1684.504761,1974.490479,2054.988037,2135.48584,2215.983643,2185.957275,2155.930908,1898.805664,1641.680542,1531.156494,1420.632446,1310.108398
CAN,Canada,https://www.countryflags.io/ca/flat/64.png,.,0,0,0,0,0,0,0,0,0,0,0,0,0,0,0,0,0,0,0,0,0,0,0,0,0,0,0,0,0,0,0,0,0,0,0,0,0,742.8634033,760.3997192,1525.325195,1581.122314,1541.724365,1502.326416,1462.928467,1415.789673,1560.486572,787.234314,713.0219727,696.7988892,680.5758667,664.3527832,612.6843872,419.1024475,402.4874573,404.1296997,426.4963074,448.8629456,471.2295532,513.9428101,596.4973145
BRA,Brazil,https://www.countryflags.io/br/flat/64.png,1,0,0,0,0,0,0,0,0,0,0,0,0,0,0,0,0,0,0,0,0,0,0,0,0,0,0,0,0,0,0,0,0,0,0,0,0,0,0,0,0,0,366.7594604,412.3413086,477.0551758,571.1118774,751.1102905,896.4019165,969.9033203,999.4214478,1002.081238,970.9562988,984.5750732,949.2142944,1106.303833,959.4817505,953.5469971,1009.09552,1010.192871,1041.854492,1090.25708
BOL,Bolivia,https://www.countryflags.io/bo/flat/64.png,1,0,0,0,0,0,0,0,0,0,0,0,0,0,0,0,0,0,0,0,0,0,0,0,0,0,0,0,0,0,0,0,0,0,0,0,0,0,0,0,0,0,0,0,0,0,0,0,0,0,0,0,0,0,69.54650879,94.14636993,118.5574875,142.9560242,161.377594,173.2559967,173.2559967
BMU,Bermuda,https://www.countryflags.io/bm/flat/64.png,.,0,0,0,0,0,0,0,0,0,0,0,0,0,0,0,0,0,0,0,0,0,0,0,0,0,0,0,0,0,0,0,0,0,0,0,4122.274902,3906.782227,3691.289551,3475.796631,3260.303955,3044.811279,2829.318604,3051.989014,3274.659668,3497.330078,3720.000732,3942.671143,4165.341797,4388.012207,5100.366211,5812.720215,6525.074219,7237.428223,7949.782227,8662.136719,9374.490234,9374.490234,9374.490234,9374.490234,9374.490234
BHR,Bahrain,https://www.countryflags.io/bh/flat/64.png,.,0,0,0,0,0,0,0,0,0,0,0,0,0,0,0,0,0,1670.478638,780.2606201,801.7423706,777.4388428,643.9971924,600.5785522,714.7230835,1015.376465,1237.566895,1724.000977,2190.045654,2599.746094,2820.47998,3084.17749,2993.881348,3397.665527,4053.131592,4824.47168,4761.755859,4572.425293,4170.734863,3892.837646,3477.23584,2601.960938,1627.742676,1557.942261,1773.594116,2035.031128,2148.265381,1972.755371,1675.363647,1401.001099,1173.243042,964.5090332,739.2996216,670.2121582,709.3526611,886.5770264,1102.304688,1805.740723,2567.250488,3537.660889,4050.674072
BGR,Bulgaria,https://www.countryflags.io/bg/flat/64.png,.,0,0,0,0,0,0,0,0,0,0,0,0,0,0,0,0,0,0,0,0,0,0,0,75.83081818,67.20859528,131.0313416,175.2100525,174.005188,177.3961182,180.7870483,210.1056519,185.560791,133.5834351,97.02033234,98.8098526,94.2750473,111.3771439,131.0821838,144.1578522,153.8375244,162.1750488,158.3519897,156.3794556,145.6016693,140.2331238,178.7484283,251.8542938,299.012146,303.0182495,304.6654053,322.0318604,341.5335388,349.9117432,333.2773438,326.485321,325.2855225,323.5976868,330.532074,335.7582703,326.1599426
BGD,Bangladesh,https://www.countryflags.io/bd/flat/64.png,.,0,0,0,0,0,0,0,0,0,0,0,0,0,0,0,0,0,0,0,0,0,0,0,0,0,0,0,0,0,0,0,0,0,0,0,0,0,0,0,0,0,0,0,0,0,0,0,0,0,0,0,14.04480743,16.73035049,18.95993614,18.95993614,18.95993614,18.95993614,18.95993614,18.95993614,18.95993614
BEL,Belgium,https://www.countryflags.io/be/flat/64.png,.,0,0,0,0,0,0,0,0,0,0,0,0,0,0,0,0,0,0,0,0,0,0,6.209954739,25.68947029,67.9846344,169.3680725,283.5712585,323.3882751,328.3320618,396.4125061,570.8535156,779.8553467,960.2188721,1130.349121,1153.289795,1187.600708,1250.375,1288.884155,1286.185303,1371.712769,1445.707397,1481.11792,1464.911987,1468.797974,1379.209717,1322.807739,1226.384766,1101.92334,1055.942139,1044.022095,995.1795654,1121.940063,1262.45752,1353.682617,1441.371704,1455.690796,1477.59436,1478.006714,1354.644775,1162.198608
AUT,Austria,https://www.countryflags.io/at/flat/64.png,.,0,0,0,0,0,0,0,0,0,0,0,0,0,0,0,0,0,0,0,0,0,0,0,0,0,0,0,0,0,0,0,0,0,0,0,0,0,1714.427124,1708.949097,1554.83728,1496.906006,1444.824341,1425.352295,1457.848755,1040.581787,731.1785889,730.1767578,839.4301758,862.5218506,818.0351563,866.9818726,985.0421753,1034.005005,1107.772461,1033.083862,1052.976074,1137.505737,1130.557129,1156.040527,1215.086792
ARG,Argentina,https://www.countryflags.io/ar/flat/64.png,1,0,0,0,0,0,0,0,0,0,0,0,0,0,0,0,0,0,0,0,0,0,0,0,179.427475,183.6952515,187.963028,236.4096375,268.3933716,300.3770752,332.3608093,315.8979492,299.4350891,299.36203,299.2890015,291.5082397,283.7275085,275.9467773,268.1660461,260.3853149,263.0437317,253.1388245,250.0154877,232.434494,203.3079529,216.3406982,225.0679474,199.9444427,206.8698578,251.4596405,253.9463043,267.9785461,257.9018555,252.1306763,372.4986572,364.9455566,337.1170959,417.4978027,435.787384,407.6635132,445.4515076
ARE,United Arab Emirates,https://www.countryflags.io/ae/flat/64.png,.,0,0,0,0,0,0,0,0,0,0,0,0,0,0,0,0,0,0,0,0,0,0,0,0,0,0,0,0,0,0,6665.275879,7974.001953,9495.211914,10745.57031,11533.89063,11810.27637,11929.83105,11713.93555,11370.62305,10653.67871,9984.038086,9328.131836,8974.199219,8893.492188,9082.510742,8948.819336,9234.817383,9901.521484,10195.8252,12554.34961,12900.1543,12236.83203,11867.4873,14547.19336,15111.30469,16126.26758,14532.09375,14430.72363,15196.4834,16615.18164
AND,Andorra,https://www.countryflags.io/ad/flat/64.png,.,0,0,0,0,0,0,0,0,0,0,0,0,0,0,0,0,0,0,0,0,0,0,0,0,0,0,0,0,0,0,0,0,0,0,0,0,0,0,0,0,0,0,0,0,0,0,0,0,0,0,853.3657837,853.3657837,853.3657837,853.3657837,853.3657837,853.3657837,853.3657837,853.3657837,853.3657837,853.3657837
