Country,ISO3,region,subregion,intermediateregion,lac,lac_main,idb,region_map,image,1/22/2020,1/23/2020,1/24/2020,1/25/2020,1/26/2020,1/27/2020,1/28/2020,1/29/2020,1/30/2020,1/31/2020,2/1/2020,2/2/2020,2/3/2020,2/4/2020,2/5/2020,2/6/2020,2/7/2020,2/8/2020,2/9/2020,2/10/2020,2/11/2020,2/12/2020,2/13/2020,2/14/2020,2/15/2020,2/16/2020,2/17/2020,2/18/2020,2/19/2020,2/20/2020,2/21/2020,2/22/2020,2/23/2020,2/24/2020,2/25/2020,2/26/2020,2/27/2020,2/28/2020,2/29/2020,3/1/2020,3/2/2020,3/3/2020,3/4/2020,3/5/2020,3/6/2020,3/7/2020,3/8/2020,3/9/2020,3/10/2020,3/11/2020,3/12/2020,3/13/2020,3/14/2020,3/15/2020,3/16/2020,3/17/2020,3/18/2020,3/19/2020,3/20/2020,3/21/2020,3/22/2020,3/23/2020,3/24/2020,3/25/2020,3/26/2020,3/27/2020,3/28/2020,3/29/2020,3/30/2020,3/31/2020,4/1/2020,4/2/2020,4/3/2020,4/4/2020,4/5/2020,4/6/2020,4/7/2020,4/8/2020,4/9/2020,4/10/2020,4/11/2020,4/12/2020,4/13/2020,4/14/2020,4/15/2020,4/16/2020,4/17/2020,4/18/2020,4/19/2020,4/20/2020,4/21/2020,4/22/2020,4/23/2020,4/24/2020,4/25/2020,4/26/2020,4/27/2020,4/28/2020,4/29/2020,4/30/2020,5/1/2020,5/2/2020,5/3/2020,5/4/2020,5/5/2020,5/6/2020,5/7/2020,5/8/2020,5/9/2020,5/10/2020,5/11/2020,5/12/2020,5/13/2020,5/14/2020,5/15/2020,5/16/2020,5/17/2020,5/18/2020,5/19/2020,5/20/2020,5/21/2020,5/22/2020,5/23/2020,5/24/2020,5/25/2020,5/26/2020,5/27/2020,5/28/2020,5/29/2020,5/30/2020,5/31/2020,6/1/2020,6/2/2020,6/3/2020,6/4/2020,6/5/2020,6/6/2020,6/7/2020,6/8/2020,6/9/2020,6/10/2020,6/11/2020,6/12/2020,6/13/2020,6/14/2020,6/15/2020,6/16/2020,6/17/2020,6/18/2020,6/19/2020,6/20/2020,6/21/2020,6/22/2020,6/23/2020,6/24/2020,6/25/2020,6/26/2020,6/27/2020,6/28/2020,6/29/2020,6/30/2020,7/1/2020,7/2/2020,7/3/2020,7/4/2020,7/5/2020,7/6/2020,7/7/2020,7/8/2020,7/9/2020,7/10/2020,7/11/2020,7/12/2020,7/13/2020,7/14/2020,7/15/2020,7/16/2020,7/17/2020,7/18/2020,7/19/2020,7/20/2020,7/21/2020,7/22/2020,7/23/2020,7/24/2020,7/25/2020,7/26/2020,7/27/2020,7/28/2020,7/29/2020,7/30/2020,7/31/2020,8/1/2020,8/2/2020,8/3/2020,8/4/2020,8/5/2020,8/6/2020,8/7/2020,8/8/2020,8/9/2020,8/10/2020,8/11/2020,8/12/2020,8/13/2020,8/14/2020,8/15/2020,8/16/2020,8/17/2020,8/18/2020,8/19/2020,8/20/2020,8/21/2020,8/22/2020,8/23/2020,8/24/2020,8/25/2020,8/26/2020,8/27/2020,8/28/2020,8/29/2020,8/30/2020,8/31/2020,9/1/2020,9/2/2020,9/3/2020,9/4/2020,9/5/2020,9/6/2020,9/7/2020,9/8/2020,9/9/2020,9/10/2020,9/11/2020,9/12/2020,9/13/2020,9/14/2020,9/15/2020,9/16/2020,9/17/2020,9/18/2020,9/19/2020,9/20/2020,9/21/2020,9/22/2020,9/23/2020,9/24/2020,9/25/2020,9/26/2020,9/27/2020,9/28/2020,9/29/2020,9/30/2020,10/1/2020,10/2/2020,10/3/2020,10/4/2020,10/5/2020,10/6/2020,10/7/2020,10/8/2020,10/9/2020,10/10/2020,10/11/2020,10/12/2020,10/13/2020,10/14/2020,10/15/2020,10/16/2020,10/17/2020,10/18/2020,10/19/2020,10/20/2020,10/21/2020,10/22/2020,10/23/2020,10/24/2020,10/25/2020,10/26/2020,10/27/2020,10/28/2020,10/29/2020,10/30/2020,10/31/2020,11/1/2020,11/2/2020,11/3/2020,11/4/2020,11/5/2020,11/6/2020,11/7/2020,11/8/2020,11/9/2020,11/10/2020,11/11/2020,11/12/2020,11/13/2020,11/14/2020,11/15/2020,11/16/2020,11/17/2020,11/18/2020,11/19/2020,11/20/2020,11/21/2020,11/22/2020,11/23/2020,11/24/2020,11/25/2020,11/26/2020,11/27/2020,11/28/2020,11/29/2020,11/30/2020,12/1/2020,12/2/2020,12/3/2020,12/4/2020,12/5/2020,12/6/2020,12/7/2020,12/8/2020,12/9/2020,12/10/2020,12/11/2020,12/12/2020,12/13/2020,12/14/2020,12/15/2020,12/16/2020,12/17/2020,12/18/2020,12/19/2020,12/20/2020,12/21/2020,12/22/2020,12/23/2020,12/24/2020,12/25/2020,12/26/2020,12/27/2020,12/28/2020,12/29/2020,12/30/2020,12/31/2020,1/1/2120,1/2/2120,1/3/2120,1/4/2120,1/5/2120,1/6/2120,1/7/2120,1/8/2120,1/9/2120,1/10/2120,1/11/2120,1/12/2120,1/13/2120,1/14/2120,1/15/2120,1/16/2120,1/17/2120,1/18/2120,1/19/2120,1/20/2120,1/21/2120,1/22/2120,1/23/2120,1/24/2120,1/25/2120,1/26/2120,1/27/2120,1/28/2120,1/29/2120,1/30/2120,1/31/2120,2/1/2120,2/2/2120,2/3/2120,2/4/2120,2/5/2120,2/6/2120,2/7/2120,2/8/2120,2/9/2120,2/10/2120,2/11/2120,2/12/2120,2/13/2120,2/14/2120,2/15/2120,2/16/2120,2/17/2120,2/18/2120,2/19/2120,2/20/2120,2/21/2120,2/22/2120,2/23/2120,2/24/2120,2/25/2120,2/26/2120,2/27/2120,2/28/2120,3/1/2120,3/2/2120,3/3/2120,3/4/2120,3/5/2120,3/6/2120,3/7/2120,3/8/2120,3/9/2120,3/10/2120,3/11/2120,3/12/2120,3/13/2120,3/14/2120,3/15/2120,3/16/2120,3/17/2120,3/18/2120,3/19/2120,3/20/2120,3/21/2120,3/22/2120,3/23/2120,3/24/2120,3/25/2120,3/26/2120,3/27/2120,3/28/2120,3/29/2120,3/30/2120,3/31/2120,4/1/2120,4/2/2120,4/3/2120,4/4/2120,4/5/2120,4/6/2120,4/7/2120,4/8/2120,4/9/2120,4/10/2120,4/11/2120,4/12/2120,4/13/2120,4/14/2120,4/15/2120,4/16/2120,4/17/2120,4/18/2120,4/19/2120,4/20/2120,4/21/2120,4/22/2120,4/23/2120,4/24/2120,4/25/2120,4/26/2120,4/27/2120,4/28/2120,4/29/2120,4/30/2120,5/1/2120,5/2/2120,5/3/2120,5/4/2120,5/5/2120,5/6/2120,5/7/2120,5/8/2120,5/9/2120,5/10/2120,5/11/2120,5/12/2120,5/13/2120,5/14/2120,5/15/2120,5/16/2120,5/17/2120,5/18/2120,5/19/2120,5/20/2120,5/21/2120,5/22/2120,5/23/2120,5/24/2120,5/25/2120,5/26/2120,5/27/2120,5/28/2120,5/29/2120,5/30/2120,5/31/2120,6/1/2120,6/2/2120,6/3/2120,6/4/2120,6/5/2120,6/6/2120
Venezuela,VEN,Americas,Latin America and the Caribbean,South America,1,1,1,Americas,https://www.countryflags.io/ve/flat/64.png,0,0,0,0,0,0,0,0,0,0,0,0,0,0,0,0,0,0,0,0,0,0,0,0,0,0,0,0,0,0,0,0,0,0,0,0,0,0,0,0,0,0,0,0,0,0,0,0,0,0,0,0,2,10,17,33,36,42,42,70,70,77,84,91,107,107,119,119,135,135,143,146,153,155,159,165,165,167,171,171,175,181,189,189,197,204,204,227,256,256,285,288,311,318,323,325,329,329,331,333,335,345,357,357,361,379,381,388,402,414,422,423,423,455,459,504,541,618,749,824,882,944,1010,1121,1177,1211,1245,1325,1370,1459,1510,1662,1819,1952,2087,2145,2316,2377,2473,2632,2738,2814,2879,2904,2978,3062,3150,3386,3483,3591,3789,3917,4048,4187,4366,4563,4779,5130,5297,5530,5832,6062,6273,6537,6750,7169,7411,7693,8008,8372,8803,9178,9465,9707,10010,10428,10854,11191,11483,11891,12334,12774,13164,13613,14263,14929,15463,15988,16571,17158,17859,18574,19443,20206,20754,21438,22299,23280,24166,24961,25805,26800,27938,29088,30369,31381,32607,33755,34802,35697,36868,37567,38219,38957,39564,40338,41158,41965,42898,43879,44946,45868,46728,47756,48883,49877,50973,52165,53289,54350,55563,56751,57823,58663,59630,60540,61569,62655,63416,64284,65174,65949,66656,67443,68453,69439,70406,71273,71940,72691,73528,74363,75122,76029,76820,77646,78434,79117,79796,80404,81019,81696,82453,83137,83756,84391,85005,85469,85758,86289,86636,86636,87644,88035,88416,88718,89142,89565,90047,90400,90876,91280,91589,92013,92325,92705,93100,93480,93921,94305,94698,94883,95149,95445,95750,96140,96441,96933,97352,97739,98050,98350,98665,99017,99435,99835,100143,100498,100817,101215,101524,101760,102040,102394,102621,103067,103548,103877,104177,104442,104904,105384,105852,106280,106715,107177,107786,108125,108480,108717,109081,109395,109781,110075,110513,110828,111024,111245,111603,111951,112316,112636,112861,113121,113558,113884,114083,114230,114407,114662,114908,115322,115667,116172,116610,116983,117299,117811,118415,118856,119306,119803,120444,121117,121691,122260,122795,123245,123709,124112,124525,124958,125364,125776,126323,126927,127346,127752,128315,128775,129231,129643,130116,130596,131096,131476,131828,132259,132743,133218,133577,133927,134319,134781,135114,135603,136068,136545,136986,137445,137871,138295,138739,139116,139545,139934,140383,140960,141356,141885,142338,142774,143321,143321,144277,144786,145379,145379,146488,147028,147577,148208,149145,150306,151123,151894,152508,153315,154165,154905,155663,156655,157943,159149,160497,161751,162730,164337,166123,167548,169074,170189,171373,172461,173786,174887,175812,176972,178094,179365,180609,181903,183190,184595,185736,186745,188063,189381,190523,191518,192498,193721,194959,196386,197683,198865,200067,200931,201807,202578,204057,205181,206549,207870,209162,210116,210948,211838,212998,212998,215301,216415,217603,218814,219864,221042,222052,223345,224819,226136,227407,228828,230147,231443,232800,234165,235567,236755,238013,239252,240714,242138
Uruguay,URY,Americas,Latin America and the Caribbean,South America,1,1,1,Americas,https://www.countryflags.io/uy/flat/64.png,0,0,0,0,0,0,0,0,0,0,0,0,0,0,0,0,0,0,0,0,0,0,0,0,0,0,0,0,0,0,0,0,0,0,0,0,0,0,0,0,0,0,0,0,0,0,0,0,0,0,0,4,6,8,29,50,79,94,110,135,158,162,189,217,238,274,303,309,320,338,350,369,386,400,406,415,424,456,473,494,501,480,483,492,493,502,508,517,528,535,543,549,557,563,596,606,620,625,630,643,648,652,655,657,670,673,684,694,702,707,711,717,719,724,732,733,734,737,738,746,749,753,764,769,787,789,803,811,816,821,823,825,826,828,832,834,845,845,845,846,847,847,847,847,848,848,849,849,850,853,859,876,882,885,902,907,919,924,929,932,936,943,947,952,955,956,960,965,974,977,985,986,987,989,997,1009,1026,1037,1044,1054,1064,1096,1117,1141,1166,1174,1192,1202,1218,1237,1243,1264,1278,1286,1291,1300,1309,1318,1325,1335,1353,1364,1385,1393,1409,1421,1434,1440,1457,1485,1493,1506,1516,1521,1527,1533,1536,1543,1551,1556,1570,1585,1595,1611,1626,1636,1653,1669,1679,1693,1712,1741,1759,1773,1780,1808,1812,1827,1856,1876,1890,1904,1917,1927,1934,1946,1959,1967,1998,2008,2010,2033,2046,2061,2097,2122,2145,2155,2177,2206,2226,2251,2268,2294,2313,2337,2388,2417,2450,2501,2531,2560,2623,2663,2701,2759,2807,2851,2872,2916,2981,3044,3082,3124,3149,3165,3196,3245,3309,3370,3441,3514,3560,3620,3700,3795,3883,3957,4030,4104,4208,4296,4377,4477,4564,4699,4763,4870,4988,5117,5303,5511,5716,5857,6024,6225,6455,6731,6965,7303,7505,7806,8104,8487,8849,9180,9708,10029,10418,10893,11436,11950,12557,13048,13477,14001,14710,15457,15848,16218,16728,17306,17962,18480,19119,19753,20275,20823,21426,22104,23048,23807,24339,24974,26186,26901,27846,28475,29989,30946,31669,32378,32863,33446,34294,34992,36170,36967,37633,38041,38680,39328,39887,40529,41181,41738,42128,42667,43215,43804,44303,44812,45311,45650,46153,46778,47254,47828,48459,48909,49360,49725,50208,50752,51377,52163,52815,53310,53973,54874,55695,56542,57362,57994,58589,59171,60074,60945,61929,63010,63837,64700,65527,66484,67717,69074,70133,71691,72862,73770,75138,76816,78401,79923,81537,84230,86007,87812,89458,92343,95278,97406,99584,102461,105549,108188,111568,113904,117757,119958,123063,126987,130657,137946,141380,144642,147173,149430,152089,156499,159569,162400,164744,167033,169327,172601,175891,179537,182326,184865,187349,190096,193027,195734,198428,200908,202492,204120,206946,209867,213449,216146,218800,220683,222870,225847,228102,231901,235206,238079,240512,242906,246026,249365,253941,258540,262009,265098,267888,271859,276435,280372,282198,288172,291488,294503,298006,301524,304411,308490,312703,316535
Trinidad and Tobago,TTO,Americas,Latin America and the Caribbean,Caribbean,1,3,1,Americas,https://www.countryflags.io/tt/flat/64.png,0,0,0,0,0,0,0,0,0,0,0,0,0,0,0,0,0,0,0,0,0,0,0,0,0,0,0,0,0,0,0,0,0,0,0,0,0,0,0,0,0,0,0,0,0,0,0,0,0,0,0,0,2,2,4,5,7,9,9,49,50,51,57,60,65,66,74,78,82,87,90,94,98,103,104,105,107,107,109,109,112,113,113,113,114,114,114,114,114,114,115,115,115,115,115,115,116,116,116,116,116,116,116,116,116,116,116,116,116,116,116,116,116,116,116,116,116,116,116,116,116,116,116,116,116,116,116,116,116,117,117,117,117,117,117,117,117,117,117,117,117,117,117,117,123,123,123,123,123,123,123,123,123,123,123,123,124,126,126,126,130,130,130,130,130,133,133,133,133,133,133,133,133,133,133,133,133,136,137,137,137,139,141,141,142,147,147,148,153,156,164,169,173,182,182,194,199,210,225,275,279,281,300,326,404,426,497,552,588,629,686,767,864,930,1007,1099,1252,1411,1429,1554,1645,1683,1759,1797,1920,1984,2040,2230,2250,2277,2391,2588,2698,2825,2993,3042,3141,3223,3327,3434,3651,3853,3901,3945,4026,4136,4235,4277,4312,4362,4386,4463,4531,4570,4629,4715,4763,4767,4846,4887,4963,5021,5043,5043,5116,5127,5154,5194,5241,5281,5297,5298,5333,5392,5446,5487,5503,5511,5535,5568,5594,5636,5668,5692,5704,5704,5754,5764,5774,5798,5838,5849,5849,5880,5904,5930,5980,6077,6080,6096,6135,6180,6233,6261,6324,6450,6475,6488,6503,6570,6586,6630,6660,6669,6685,6704,6725,6735,6751,6767,6775,6782,6808,6833,6852,6864,6879,6885,6900,6917,6940,6955,6974,7000,7012,7024,7071,7089,7097,7104,7112,7115,7127,7132,7150,7158,7162,7168,7178,7186,7196,7210,7219,7244,7265,7273,7286,7305,7320,7343,7370,7393,7399,7415,7430,7450,7456,7462,7473,7490,7496,7509,7520,7533,7542,7564,7566,7578,7586,7607,7607,7612,7616,7616,7617,7631,7632,7637,7642,7642,7646,7656,7663,7666,7666,7676,7680,7682,7686,7690,7697,7704,7705,7713,7716,7717,7723,7727,7729,7732,7736,7736,7736,7743,7753,7759,7769,7783,7788,7790,7807,7812,7821,7839,7855,7861,7865,7903,7924,7939,7954,7977,7986,8004,8026,8072,8116,8136,8178,8192,8214,8235,8276,8323,8382,8404,8441,8511,8596,8678,8678,8806,8940,8964,9135,9216,9383,9383,9487,9676,9796,9947,10170,10498,10824,11072,11313,11471,11706,12105,12396,12720,13122,13355,13454,13802,14417,14814,15379,15899,16255,16549,17150,17669,18227,18935,19444,20017,20267,20879,21461,21987,22620,23001,23638,23909,24314,24726,25272,25801,26192,26410
Suriname,SUR,Americas,Latin America and the Caribbean,South America,1,1,1,Americas,https://www.countryflags.io/sr/flat/64.png,0,0,0,0,0,0,0,0,0,0,0,0,0,0,0,0,0,0,0,0,0,0,0,0,0,0,0,0,0,0,0,0,0,0,0,0,0,0,0,0,0,0,0,0,0,0,0,0,0,0,0,0,1,1,1,1,1,1,4,4,5,5,7,8,8,8,8,8,8,9,10,10,10,10,10,10,10,10,10,10,10,10,10,10,10,10,10,10,10,10,10,10,10,10,10,10,10,10,10,10,10,10,10,10,10,10,10,10,10,10,10,10,10,10,10,10,10,11,11,11,11,11,11,11,11,11,12,12,12,14,23,44,54,74,82,90,100,122,128,137,144,168,187,196,208,229,236,261,277,293,303,314,319,319,357,373,389,467,490,501,515,535,547,561,565,594,614,634,665,694,726,741,741,780,801,837,904,943,1001,1029,1079,1131,1176,1234,1305,1381,1439,1483,1510,1607,1607,1650,1760,1849,1893,1981,2050,2096,2203,2306,2391,2489,2559,2653,2761,2838,2961,3016,3077,3216,3295,3366,3460,3569,3607,3632,3698,3724,3793,3848,3954,4009,4034,4089,4149,4215,4252,4320,4346,4360,4419,4447,4477,4529,4579,4582,4611,4625,4645,4671,4691,4709,4723,4740,4759,4779,4789,4817,4831,4835,4836,4863,4877,4891,4899,4924,4941,4954,4965,4979,5004,5018,5035,5051,5058,5072,5083,5094,5113,5123,5130,5133,5144,5150,5154,5155,5166,5170,5180,5187,5192,5197,5201,5203,5210,5212,5218,5220,5225,5227,5234,5239,5241,5245,5254,5261,5268,5274,5274,5275,5278,5282,5284,5289,5295,5296,5297,5300,5305,5307,5311,5312,5312,5312,5319,5320,5322,5322,5324,5324,5325,5326,5333,5337,5339,5340,5353,5359,5381,5401,5428,5459,5511,5552,5583,5669,5734,5810,5880,5938,5978,6013,6098,6181,6210,6277,6343,6393,6493,6586,6666,6750,6854,6948,7008,7064,7178,7247,7300,7409,7469,7527,7624,7709,7783,7880,7945,8000,8057,8112,8174,8243,8293,8364,8403,8438,8449,8497,8556,8595,8619,8650,8671,8690,8710,8739,8765,8778,8794,8803,8811,8820,8832,8838,8854,8856,8868,8869,8880,8892,8901,8913,8919,8929,8933,8939,8953,8959,8966,8971,8977,8980,8985,8990,8997,9012,9022,9024,9028,9034,9042,9049,9055,9061,9066,9067,9074,9077,9085,9088,9095,9097,9104,9109,9122,9122,9130,9153,9163,9174,9184,9200,9254,9265,9278,9302,9316,9363,9417,9458,9496,9545,9581,9581,9687,9791,9865,9932,9996,10045,10081,10157,10218,10286,10363,10428,10489,10543,10623,10696,10816,10933,11020,11112,11213,11306,11427,11572,11707,11828,11950,12107,12251,12409,12571,12742,12928,13111,13302,13495,13720,14012,14305,14515,14764,14954,15128,15428,15676,16009,16292,16541
Peru,PER,Americas,Latin America and the Caribbean,South America,1,1,1,Americas,https://www.countryflags.io/pe/flat/64.png,0,0,0,0,0,0,0,0,0,0,0,0,0,0,0,0,0,0,0,0,0,0,0,0,0,0,0,0,0,0,0,0,0,0,0,0,0,0,0,0,0,0,0,0,1,1,6,7,11,11,15,28,38,43,86,117,145,234,234,318,363,395,416,480,580,635,671,852,950,1065,1323,1414,1595,1746,2281,2561,2954,4342,5256,5897,6848,7519,9784,10303,11475,12491,13489,14420,15628,16325,17837,19250,20914,21648,25331,27517,28699,31190,33931,36976,40459,42534,45928,47372,51189,54817,58526,61847,65015,67307,68822,72059,76306,80604,84495,88541,92273,94933,99483,104020,108769,111698,115754,119959,123979,129751,135905,141779,148285,155671,164476,170039,178165,178914,183198,187400,191758,196515,199696,203736,208823,214788,214788,220749,229736,232992,237156,240908,244388,247925,251338,254936,257447,260810,264689,268602,272364,275989,279419,282365,285213,288477,292004,295599,299080,302718,305703,309278,312911,316448,319646,322710,326326,330123,333867,337751,341586,345537,349500,353590,357681,362087,366550,371096,375961,375961,375961,389717,395005,400683,400683,407492,407492,428850,433100,439890,447624,455409,463875,463875,478024,483133,489680,489680,498555,516296,516296,525803,535946,541493,549321,558420,567059,576067,585236,594326,600438,607382,613378,621997,629961,639435,647166,652037,657129,657129,670145,676848,683702,689977,691575,696190,702776,710067,716670,722832,729619,733860,738020,744400,750098,756412,762865,768895,768895,776546,782695,794584,794584,800142,805302,808714,811768,814829,818297,821564,821564,828169,829999,832929,835662,838614,846088,849371,851171,853974,853974,859740,859740,862417,865549,868675,870876,874118,879876,879876,883116,888715,888715,890574,892497,894928,897594,900180,902503,902503,902503,911787,914722,914722,917503,920010,922333,923527,925431,928006,930237,932650,934899,937011,938268,939931,939931,943917,948081,948081,949670,950557,952439,952439,956347,960368,962530,962530,963605,963605,967075,967075,970860,972688,973912,973912,976621,979111,979111,980943,980943,984973,986130,986130,989457,989457,989457,995899,997517,998475,1000153,1000153,1003982,1005546,1005546,1007657,1008908,1010496,1015137,1015137,1015137,1018099,1019475,1019475,1022018,1022018,1026180,1026180,1026180,1035184,1037350,1040231,1040231,1056023,1056023,1060567,1060567,1060567,1073214,1073214,1082907,1082907,1093938,1093938,1107239,1107239,1113970,1119685,1133022,1138239,1138239,1142716,1158337,1158337,1165052,1173045,1186698,1186698,1196778,1196778,1203502,1212309,1220748,1235298,1238501,1238501,1244729,1252137,1261804,1269523,1283309,1283309,1286757,1293497,1300799,1316363,1323863,1323863,1329805,1338297,1338297,1344969,1349847,1358294,1364964,1371176,1380023,1380023,1387457,1394571,1402610,1407963,1412406,1418974,1435598,1435598,1451645,1451645,1466326,1466326,1481259,1481259,1500465,1512384,1520973,1529882,1533121,1533121,1548807,1561723,1568345,1573961,1582367,1590209,1590209,1598593,1617864,1628519,1639767,1647694,1653320,1659707,1667737,1667737,1681063,1697626,1697626,1707787,1719088,1719088,1734606,1745655,1754150,1761575,1768186,1768186,1783339,1783339,1799445,1799445,1810998,1814127,1818689,1818689,1824457,1824457,1845056,1850290,1850290,1853370,1865639,1865639,1879049,1879049,1889052,1889052,1893334,1903615,1903615,1910360,1920851,1925289,1925289,1932255,1937245,1942054,1942054,1947555,1947555,1955469,1955469,1965432,1965432,1976166,1980391,1980391
Paraguay,PRY,Americas,Latin America and the Caribbean,South America,1,1,1,Americas,https://www.countryflags.io/py/flat/64.png,0,0,0,0,0,0,0,0,0,0,0,0,0,0,0,0,0,0,0,0,0,0,0,0,0,0,0,0,0,0,0,0,0,0,0,0,0,0,0,0,0,0,0,0,0,0,1,1,1,5,5,6,6,6,8,9,11,11,13,18,22,22,27,37,41,52,56,59,64,65,69,77,92,96,104,113,115,119,124,129,133,134,147,159,161,174,199,202,206,208,208,213,213,223,228,228,228,239,239,266,333,370,396,415,431,440,462,563,689,713,724,737,740,754,759,778,786,788,829,833,836,838,850,862,865,877,884,900,917,964,986,995,1013,1070,1086,1087,1090,1135,1145,1187,1202,1230,1254,1261,1289,1296,1303,1308,1330,1336,1362,1379,1392,1422,1528,1569,1711,1942,2127,2191,2221,2260,2303,2349,2385,2427,2456,2502,2554,2638,2736,2820,2948,2980,3074,3198,3342,3457,3629,3721,3748,3817,4000,4113,4224,4328,4444,4548,4674,4866,5207,5338,5485,5644,5724,5852,6060,6375,6508,6705,6907,7234,7519,8018,8389,9022,9381,9791,10135,10606,11133,11817,12536,12974,13233,13602,14228,14872,15290,15873,16474,17105,17662,18338,19138,19959,20654,21871,22486,23353,24214,25026,25631,26512,27324,27817,28367,29298,30419,31113,32127,33015,33520,34260,34828,35571,36404,37226,37922,38684,39432,40101,40758,41799,42684,43452,44182,44715,45647,46435,47316,48275,48978,49675,50344,51197,51845,52596,53482,54015,54724,55452,56073,56819,57526,58259,59043,59594,60109,60557,61290,62050,62596,63185,63731,64156,64628,65258,65778,66481,66941,67589,67948,68497,69106,69653,70392,71065,71574,72099,72857,73639,74495,75058,75857,76476,77072,77891,78878,79517,80436,81131,81906,82424,83479,84482,85477,86499,87213,87920,88723,89421,90146,90958,92113,92913,93582,94223,95353,96209,97028,98296,99157,99789,100612,101544,102371,103329,103888,104162,104422,105374,106136,106958,107932,108349,108718,109073,109837,110796,111694,112856,113994,115026,115733,116535,117590,118592,119640,120789,121648,122160,122588,123359,124447,125518,126370,127081,127652,128366,129394,130163,130917,131886,132548,133227,133781,134482,135229,136023,136890,137603,138118,138945,139819,140797,141775,142598,143443,144042,145095,146216,147253,148622,149684,150731,151718,152658,153790,154904,156189,157603,158537,159474,160448,161530,162871,164310,165811,166969,168043,169860,171985,174013,175827,177593,179072,180014,181414,183348,185888,188493,190499,192599,194122,196112,198135,200823,202700,204704,206597,208655,210425,212691,214667,216278,217886,219393,221207,222663,224736,227116,229595,232142,233745,235292,237542,240141,242161,244528,244528,248364,250165,252443,255046,257706,260382,263134,265296,267082,269353,271814,274170,276865,279077,281023,282543,284453,286667,288974,291540,294233,296306,297789,299684,302061,304889,307457,309638,311746,313527,315547,318251,321032,324063,327229,330457,332971,335691,338914,342221,345357,348184,350613,352688,355384,358244,361440,364702,368183,371021,373165
Panama,PAN,Americas,Latin America and the Caribbean,Central America,1,2,1,Americas,https://www.countryflags.io/pa/flat/64.png,0,0,0,0,0,0,0,0,0,0,0,0,0,0,0,0,0,0,0,0,0,0,0,0,0,0,0,0,0,0,0,0,0,0,0,0,0,0,0,0,0,0,0,0,0,0,0,0,1,8,11,27,36,43,55,69,86,109,137,200,313,345,345,443,558,674,786,901,989,1181,1181,1317,1475,1673,1801,1988,2100,2249,2528,2752,2974,3234,3400,3472,3574,3751,4016,4210,4273,4467,4658,4821,5166,5338,5538,5779,6021,6021,6378,6532,6720,7090,7090,7197,7523,7731,7868,8070,8282,8448,8616,8783,8944,9118,9268,9449,9606,9726,9867,9977,10116,10267,10577,10926,11183,11447,11728,12131,12531,13018,13463,13837,14095,14609,15044,15463,16004,16425,16854,17233,17889,18586,19211,20059,21418,21422,21962,22597,23351,24274,25222,26030,26752,27314,28030,29037,29905,30658,31686,32785,33550,34463,35237,35995,36983,38149,39334,40291,41251,42216,43257,44332,45633,47173,48096,49243,50373,51408,52261,53468,54426,55153,55906,56817,57993,58864,60296,61442,62223,63269,64191,65256,66383,67453,68456,69424,70231,71418,72560,73651,74492,75394,76464,77377,78446,79402,80665,81940,82543,82790,83754,83855,84392,85480,86900,87485,88381,89082,89982,90624,91337,92065,92982,93552,94084,94914,95596,96305,97043,97578,98407,99042,99715,100330,101041,101745,102204,102832,103466,104138,104879,105601,106203,106810,107284,107990,108726,109431,110108,110555,111277,111853,112595,113342,113962,114653,115286,115919,116602,117300,118054,118841,119666,120313,120802,121296,122128,122883,123498,124107,124745,125181,125739,126435,127227,127866,128515,129200,129751,130422,131247,132045,132867,133598,134336,134915,135592,136024,136567,137760,138506,139527,140331,141302,142465,143352,144477,145309,146653,147667,148721,149833,151089,152289,153577,154783,155658,156930,158532,160287,161744,163453,164729,165806,167311,169339,171219,173607,175907,177719,179230,181166,182977,185424,187779,190585,193007,194619,196987,199947,203295,206310,209584,212339,214038,217202,220261,223674,226660,228724,231357,233705,238279,242744,246790,249733,251764,253736,256230,259770,264956,269091,273037,276772,279196,281353,285093,288408,291285,293592,296269,298019,299361,301534,303777,305752,307793,309851,311244,312158,313834,315400,316808,318253,319453,320379,321103,322201,323382,324489,325487,326464,327091,327654,328476,329367,330075,330985,331692,332179,332679,333251,333755,334463,335339,336037,336521,337087,337805,338701,339383,339781,340445,340915,341420,342019,342741,343281,343743,344477,344834,345236,345759,346301,346775,347226,347641,347919,348155,348580,349020,349505,350220,350665,350991,351213,351667,352082,352579,353017,353497,353839,354085,354604,355051,355499,355850,356073,356377,356556,356913,357277,357704,358098,358377,358611,358792,359121,359516,359830,360249,360597,360841,361044,361319,361678,361992,362358,362696,362967,363165,363533,363895,364218,364576,364844,365104,365299,365619,365975,366364,366762,367270,367656,367908,368368,368930,369455,370043,370533,370877,371145,371684,372221,372800,373308,373774,374121,374356,374937,375600,376237,376854,377428,377776,378097,378828,379506,380207,381122,381949,382475
Nicaragua,NIC,Americas,Latin America and the Caribbean,Central America,1,2,1,Americas,https://www.countryflags.io/ni/flat/64.png,0,0,0,0,0,0,0,0,0,0,0,0,0,0,0,0,0,0,0,0,0,0,0,0,0,0,0,0,0,0,0,0,0,0,0,0,0,0,0,0,0,0,0,0,0,0,0,0,0,0,0,0,0,0,0,0,0,1,1,2,2,2,2,2,2,2,4,4,4,5,5,5,5,5,6,6,6,6,7,7,8,9,9,9,9,9,9,9,10,10,10,10,11,11,12,13,13,13,13,14,14,14,15,15,16,16,16,16,16,16,16,25,25,25,25,25,25,25,254,254,279,279,279,279,279,759,759,759,759,759,759,759,1118,1118,1118,1118,1118,1118,1118,1464,1464,1464,1464,1464,1464,1464,1823,1823,1823,1823,1823,1823,1823,2170,2170,2170,2170,2170,2170,2170,2519,2519,2519,2519,2519,2519,2519,2846,2846,2846,2846,2846,2846,2846,3147,3147,3147,3147,3147,3147,3147,3439,3439,3439,3439,3439,3439,3439,3672,3672,3672,3672,3672,3672,3672,3902,3902,3902,3902,3902,3902,3902,4115,4115,4115,4115,4115,4115,4115,4311,4311,4311,4311,4311,4311,4311,4494,4494,4494,4494,4494,4494,4494,4668,4668,4668,4668,4668,4668,4668,4818,4818,4818,4818,4818,4818,4818,4961,4961,4961,4961,4961,4961,4961,5073,5073,5073,5073,5073,5073,5073,5170,5170,5170,5170,5170,5170,5170,5264,5264,5264,5264,5264,5264,5264,5353,5353,5353,5353,5353,5353,5353,5434,5434,5434,5434,5434,5434,5434,5514,5514,5514,5514,5514,5514,5514,5514,5514,5591,5591,5591,5591,5591,5661,5661,5661,5661,5661,5661,5661,5725,5725,5725,5725,5725,5725,5725,5784,5784,5784,5784,5784,5784,5784,5838,5838,5838,5838,5838,5838,5838,5887,5887,5887,5887,5887,5887,5887,5887,5938,5938,5938,5938,5938,5938,5938,5991,5991,5991,5991,5991,5991,6046,6046,6046,6046,6046,6046,6046,6097,6097,6097,6097,6097,6097,6097,6152,6152,6152,6152,6152,6152,6152,6204,6204,6204,6204,6204,6204,6204,6253,6253,6253,6253,6253,6253,6253,6299,6299,6299,6299,6299,6299,6299,6347,6347,6347,6347,6347,6347,6347,6398,6398,6398,6398,6398,6398,6398,6445,6445,6445,6445,6445,6445,6445,6489,6489,6489,6489,6489,6489,6489,6537,6537,6537,6537,6537,6537,6537,6582,6582,6582,6582,6582,6582,6582,6629,6629,6629,6629,6629,6629,6629,6677,6677,6677,6677,6677,6677,6677,6727,6727,6727,6727,6727,6727,6727,6778,6778,6778,6778,6778,6778,6778,6835,6835,6835,6835,6835,6835,6835,6898,6898,6898,6898,6898,6898,6898,6989,6989,6989,6989,6989,6989,6989,7086,7086,7086,7086,7086,7086,7086,7193,7193,7193,7193,7193,7193,7193,7324,7324,7324,7324,7324,7324,7324,7481,7481,7481,7481,7481,7481
Mexico,MEX,Americas,Latin America and the Caribbean,Central America,1,2,1,Americas,https://www.countryflags.io/mx/flat/64.png,0,0,0,0,0,0,0,0,0,0,0,0,0,0,0,0,0,0,0,0,0,0,0,0,0,0,0,0,0,0,0,0,0,0,0,0,0,1,4,5,5,5,5,5,6,6,7,7,7,8,12,26,41,53,82,93,118,164,203,251,316,367,405,475,585,717,848,993,1094,1215,1378,1510,1688,1890,2143,2439,2785,3181,3441,3844,4219,4661,5014,5399,5847,6297,6875,7497,8261,8772,9501,10544,11633,12872,13842,14677,15529,16752,17799,19224,20739,22088,23471,24905,26025,27634,29616,31522,33460,35022,36327,38324,40186,42595,45032,47144,49219,51633,54346,56594,59567,62527,65856,68620,71105,74560,78023,81400,84627,87512,90664,93435,97326,101238,105680,110026,113619,117103,120102,124301,129184,133974,139196,142690,146837,150264,154863,159793,165455,170485,175202,180545,185122,191410,196847,202951,208392,212802,216852,220657,226089,231770,238511,245251,252165,256848,261750,268008,275003,282283,289174,295268,299750,304435,311486,317635,324041,331298,338913,344224,349396,356255,362274,370712,378285,385036,390516,395489,402697,408449,416179,424637,434193,439046,443813,449961,456100,462690,469407,475902,480278,485836,492522,498380,505751,511369,517714,522162,525733,531239,537031,543806,549734,556216,560164,563705,568621,573888,579914,585738,591712,595841,599560,606036,610957,616894,623090,629409,634023,637509,642860,647321,652364,658299,663973,668381,671716,676487,680931,684113,688954,694121,697663,700580,705263,710049,715457,720858,726431,730317,733717,738163,743216,748315,753090,757953,761665,789780,794608,799188,804488,810020,814328,817503,821045,825340,829396,834910,841661,847108,851227,854926,860714,867559,874171,880775,886800,891160,895326,901268,906863,912811,918811,924962,929392,933155,938405,943630,949197,955128,961938,967825,972785,978531,986177,991835,997393,1003253,1006522,1009396,1011153,1015071,1019543,1025969,1032688,1041875,1049358,1060152,1070487,1078594,1090675,1101403,1107071,1113543,1122362,1133613,1144643,1156770,1168395,1175850,1182249,1193255,1205229,1217126,1229379,1241436,1250044,1255974,1267202,1277499,1289298,1301546,1313675,1320545,1325915,1338426,1350079,1362564,1372243,1377217,1383434,1389430,1401529,1413935,1426094,1437185,1443544,1448755,1455219,1466490,1479835,1493569,1507931,1524036,1534039,1541633,1556028,1571901,1588369,1609735,1630258,1641428,1649502,1668396,1688944,1711283,1732290,1752347,1763219,1771740,1788905,1806849,1825519,1841893,1857230,1864260,1869708,1874092,1886245,1886245,1912871,1926080,1932145,1936013,1946751,1957889,1968566,1978954,1988695,1992794,1995892,2004575,2013563,2022662,2030491,2038276,2041380,2043632,2052266,2060908,2069370,2076882,2084128,2086938,2089281,2097194,2104987,2112508,2119305,2125866,2128600,2130477,2137884,2144486,2150955,2157771,2163875,2166290,2167729,2169007,2175462,2182188,2187910,2193639,2195772,2197160,2203041,2208755,2214542,2219845,2224904,2226550,2227843,2232910,2238887,2244268,2247357,2249195,2250458,2251705,2256509,2261879,2267019,2272064,2278420,2280213,2281840,2286352,2291246,2295435,2299939,2304096,2305602,2306910,2311172,2315811,2319519,2323430,2326738,2328391,2329534,2333126,2336944,2340934,2344755,2347780,2348873,2349900,2352964,2355985,2358831,2361874,2364617,2365792,2366496,2368393,2371483,2375115,2377995,2380690,2381923,2382745,2385512,2387512,2390140,2392744,2395330,2396604,2397307,2399790,2402722,2405772,2408778,2411503,2412810,2413742,2420659,2423928,2426822,2429631,2431702,2433681
Jamaica,JAM,Americas,Latin America and the Caribbean,Caribbean,1,3,1,Americas,https://www.countryflags.io/jm/flat/64.png,0,0,0,0,0,0,0,0,0,0,0,0,0,0,0,0,0,0,0,0,0,0,0,0,0,0,0,0,0,0,0,0,0,0,0,0,0,0,0,0,0,0,0,0,0,0,0,0,0,1,2,8,8,10,10,12,13,15,16,16,19,19,21,26,26,26,30,32,36,36,44,47,47,53,58,58,63,63,63,63,65,69,73,73,125,143,143,163,173,223,223,233,257,288,305,350,364,364,396,422,432,463,469,471,473,478,488,490,490,502,505,507,509,509,511,517,520,520,520,529,534,544,550,552,556,564,569,569,575,581,586,588,590,591,591,595,596,598,599,605,605,611,614,615,617,621,621,626,638,652,657,659,665,670,678,684,686,690,696,698,702,707,715,721,728,732,737,745,751,753,753,758,758,759,762,763,765,768,774,790,809,810,816,821,831,837,842,853,855,856,864,878,883,894,905,920,928,958,987,1003,1023,1031,1047,1065,1071,1082,1082,1113,1129,1146,1192,1290,1346,1346,1529,1612,1732,1804,1870,2011,2113,2357,2459,2459,2683,2896,2964,3024,3103,3183,3323,3437,3511,3511,3623,3771,3933,4042,4164,4374,4571,4758,4988,5143,5270,5395,5588,5723,5854,6017,6170,6408,6482,6555,6704,6795,6895,7012,7109,7191,7273,7363,7559,7718,7813,7910,7989,8067,8132,8195,8274,8321,8374,8445,8600,8638,8670,8714,8749,8787,8851,8927,9005,9094,9131,9257,9296,9326,9373,9426,9472,9506,9542,9573,9581,9634,9723,9780,9884,9929,9959,10019,10088,10151,10240,10284,10343,10422,10488,10541,10600,10669,10709,10763,10810,10864,10911,10987,11063,11120,11184,11271,11369,11443,11509,11608,11710,11792,11875,11907,11968,12039,12135,12224,12289,12354,12423,12519,12597,12684,12723,12732,12752,12793,12827,12915,12931,13049,13203,13246,13330,13368,13411,13455,13548,13637,13760,13852,13915,13992,14096,14161,14274,14419,14487,14550,14658,14772,14879,15012,15153,15241,15435,15462,15527,15653,15778,15973,16073,16250,16513,16841,17085,17298,17701,17908,18237,18527,18830,19035,19305,19773,20016,20310,20581,20924,21382,21679,21826,22019,22267,22471,22817,23263,23599,23838,24103,24444,24776,25303,26026,26904,27465,28273,28968,29387,29912,30499,31305,31907,32728,33366,33970,34665,35338,35896,36231,36670,37128,37458,37747,38227,38514,38848,39237,39543,39967,40449,40663,41013,41328,41400,41604,41843,42119,42500,42763,42924,43054,43240,43473,43684,43890,44136,44254,44337,44502,44642,44867,45004,45145,45212,45292,45414,45578,45777,45867,46039,46087,46194,46338,46428,46588,46708,46782,46821,46922,47020,47150,47233,47319,47396,47479,47572,47672,47776,47899,47959,48054,48081,48101,48180,48288,48374,48467,48557,48594,48638,48638,48638,48810,48810
Honduras,HND,Americas,Latin America and the Caribbean,Central America,1,2,1,Americas,https://www.countryflags.io/hn/flat/64.png,0,0,0,0,0,0,0,0,0,0,0,0,0,0,0,0,0,0,0,0,0,0,0,0,0,0,0,0,0,0,0,0,0,0,0,0,0,0,0,0,0,0,0,0,0,0,0,0,0,2,2,2,2,3,6,8,9,12,24,24,26,30,30,36,52,68,95,110,139,141,172,219,222,264,268,298,305,312,343,382,392,393,397,407,419,426,442,457,472,477,494,510,519,591,627,627,661,702,738,771,804,1010,1055,1178,1270,1461,1685,1771,1830,1972,2100,2080,2255,2318,2460,2565,2646,2798,2955,2955,3204,3477,3477,3950,4189,4401,4640,4752,4752,5094,5202,5362,5527,5690,5880,5971,6155,6327,6450,6935,7360,7669,8132,8455,8858,9178,9656,10299,10739,11258,12306,12769,13356,13943,14571,15366,15994,17007,18082,18818,19558,20262,21120,22116,22921,23943,24665,25428,25978,26384,27053,27583,28090,28579,29106,30036,30867,31745,32793,33835,34611,35345,36102,36902,37559,38438,39276,39741,40460,40944,41426,42014,42685,43197,43794,44299,45098,45755,46365,46973,47454,47872,48403,48657,49042,49467,49979,50502,50995,51670,52298,52819,53381,53983,54511,55479,55877,56649,57669,58810,59645,60174,61014,61769,62526,63158,63798,64352,64764,64814,65218,65597,65802,66049,67136,67789,68620,68620,69660,70120,70611,71143,71616,72075,72306,72675,73193,73840,74548,74548,75537,76098,76900,77598,78269,78788,79629,80020,80662,81016,81672,82552,83146,84081,84413,84852,85458,86089,86691,87594,88425,89381,90232,91078,91509,91509,92724,93214,93966,94623,95199,96150,96888,96888,98212,98405,98688,99124,99347,99576,100041,100041,100573,100804,101169,101468,102079,102555,103102,103239,103488,103488,103488,103551,104435,104435,105211,105211,106116,106681,107134,107513,107888,108253,108253,109144,109760,109760,109960,111023,111023,111707,112792,113207,113708,114043,114359,114642,114943,115317,115474,116212,116212,117022,117190,117588,118036,118036,118659,119097,119097,119713,120912,120912,121827,122974,123144,123369,123398,123822,124899,125118,125557,126943,127945,128701,129805,131009,131963,132412,133507,134111,134938,136068,136898,138044,139182,140238,140929,141984,142880,144007,144992,146110,147100,147843,147843,148951,151103,152225,153253,153905,154568,155735,156606,157468,158355,159024,159788,160171,160983,161727,162584,163305,164077,164495,165095,165737,166547,167494,168243,168911,169754,170304,170985,171758,172100,172577,172577,173020,173729,174243,174508,175442,176427,177168,177832,178277,178925,179515,180271,180796,181357,181931,182409,183280,184031,184821,185484,186337,187015,187460,187975,188514,189043,189726,189726,190142,190631,191136,192413,193029,193783,194548,195525,195780,196086,196704,198214,198975,199682,200259,200935,201677,202413,202413,204828,205696,205696,206907,206907,207320,208356,211076,212333,213167,213167,214475,215833,216964,217595,218330,219288,219288,220185,222118,222992,222992,223922,225964,226719,227516,228287,229211,230311,231560,232141,232672,233116,233916,234923,235599,236451,236952,236952,238227,238820,239428,240382,241039,241574,241826
Haiti,HTI,Americas,Latin America and the Caribbean,Caribbean,1,3,1,Americas,https://www.countryflags.io/ht/flat/64.png,0,0,0,0,0,0,0,0,0,0,0,0,0,0,0,0,0,0,0,0,0,0,0,0,0,0,0,0,0,0,0,0,0,0,0,0,0,0,0,0,0,0,0,0,0,0,0,0,0,0,0,0,0,0,0,0,0,0,2,2,2,2,7,7,8,8,8,8,15,15,15,16,16,18,18,21,24,25,27,30,30,31,31,40,40,41,41,43,44,44,47,57,58,62,72,72,72,74,76,76,76,81,85,85,88,100,101,108,129,146,151,172,209,219,234,273,310,358,456,533,596,663,734,812,865,958,1063,1174,1320,1443,1584,1865,2124,2226,2507,2604,2640,2924,3072,3334,3538,3662,3796,3941,3941,4165,4309,4441,4547,4688,4916,4980,5077,5211,5216,5324,5429,5543,5722,5722,5847,5933,5975,6040,6101,6230,6294,6333,6371,6432,6486,6582,6617,6690,6727,6727,6831,6902,6948,6975,7053,7063,7100,7146,7167,7197,7260,7297,7315,7340,7371,7378,7412,7424,7468,7476,7511,7532,7544,7582,7599,7611,7634,7649,7743,7781,7810,7831,7879,7897,7921,7949,7997,8016,8050,8082,8110,8112,8122,8151,8161,8174,8209,8224,8224,8258,8258,8326,8326,8360,8360,8362,8376,8429,8457,8457,8478,8493,8499,8530,8556,8556,8600,8600,8624,8624,8646,8646,8684,8684,8723,8740,8740,8766,8766,8792,8792,8819,8819,8819,8838,8854,8854,8860,8882,8882,8887,8908,8908,8925,8925,8925,8925,8976,8979,8979,8999,9015,9026,9026,9026,9046,9054,9054,9054,9054,9054,9054,9100,9109,9109,9127,9127,9127,9137,9152,9152,9168,9168,9179,9188,9191,9191,9208,9211,9214,9214,9224,9229,9248,9256,9264,9264,9272,9294,9296,9303,9313,9347,9370,9370,9399,9399,9434,9434,9465,9491,9509,9565,9597,9597,9627,9648,9674,9674,9771,9805,9846,9846,9846,9846,9958,9958,9999,9999,10015,10015,10077,10127,10127,10127,10127,10203,10241,10241,10272,10272,10386,10415,10569,10635,10781,10781,10852,10907,10963,10963,11035,11099,11099,11286,11286,11286,11402,11460,11533,11533,11590,11672,11692,11692,11758,11806,11806,11908,11969,11991,12016,12016,12143,12143,12192,12206,12206,12206,12254,12274,12309,12309,12352,12352,12352,12430,12430,12448,12493,12531,12536,12536,12536,12536,12536,12536,12594,12594,12632,12632,12632,12632,12664,12669,12686,12688,12700,12714,12714,12722,12732,12732,12736,12736,12736,12736,12758,12758,12762,12788,12788,12788,12788,12803,12803,12803,12816,12840,12840,12840,12855,12855,12857,12876,12885,12918,12918,12918,12918,12944,12944,12944,12958,12958,12999,13017,13017,13056,13056,13094,13094,13135,13149,13164,13164,13164,13164,13164,13179,13227,13255,13268,13353,13393,13460,13520,13598,13598,13624,13624,13735,13906,13906,14037,14037,14037,14128,14258,14351,14565,14711,14931,15058,15123,15282
Guatemala,GTM,Americas,Latin America and the Caribbean,Central America,1,2,1,Americas,https://www.countryflags.io/gt/flat/64.png,0,0,0,0,0,0,0,0,0,0,0,0,0,0,0,0,0,0,0,0,0,0,0,0,0,0,0,0,0,0,0,0,0,0,0,0,0,0,0,0,0,0,0,0,0,0,0,0,0,0,0,0,1,1,2,6,6,9,12,17,19,20,21,24,25,28,34,34,36,38,39,47,50,61,61,70,77,87,95,126,137,155,156,167,180,196,214,235,257,289,294,316,384,430,473,500,530,530,557,599,644,688,703,730,763,798,832,900,967,1052,1114,1199,1342,1518,1643,1763,1763,1912,2133,2265,2512,2743,3054,3424,3760,3954,4145,4348,4607,4739,5087,5336,5586,5760,6154,6485,6792,7055,7502,7866,8221,8561,8982,9491,9845,10272,10706,11251,11868,12509,12755,13145,13769,14540,14819,15619,15828,16397,16930,17409,18096,19011,20072,21293,22501,23248,23972,24787,25411,26658,27619,28598,29355,29742,30872,32074,32939,33809,38042,38677,39039,40229,41135,42192,43283,44492,45053,45309,46451,47605,48826,49789,50979,51306,51542,52365,53509,54339,55270,56189,56605,56987,57966,59089,60284,61428,62313,62562,62944,63847,64881,65983,66941,67856,68188,68533,69651,70714,71856,72921,73679,73912,74074,74893,75644,76358,77040,77481,77683,77828,78721,79622,80306,81009,81658,81909,82172,82684,82924,83664,84344,85152,85444,85681,86623,87442,87933,88878,89702,90092,90263,90968,91746,92409,93090,93748,93963,94182,94870,95704,96480,96935,97544,97715,97826,98380,99094,99765,100431,101028,101360,101599,102219,102415,103172,103902,104632,104787,104894,105571,106320,106790,107339,107939,108104,108104,108483,109147,109849,110502,111050,111262,111360,112129,112811,113543,114123,114719,114885,115032,115730,116381,117066,117757,118417,118629,118722,119349,119989,120685,121132,121798,121971,122062,122774,123460,124053,124805,125352,125550,125674,126473,127127,127786,128541,129099,129282,129405,130082,130828,131435,132062,132595,132765,132867,133601,134256,134894,135080,135171,135309,135441,136287,137166,138012,138236,138316,138475,138656,139419,140202,141074,142064,143127,143243,143243,144982,145986,146937,147560,148598,148888,149146,150277,151324,152395,152956,153890,154212,154430,155459,156497,157595,158336,159118,159504,159632,160299,160966,161665,162295,162937,163137,163247,163993,164746,165532,166283,167071,167279,167383,168103,168880,169610,170275,170931,171170,171289,172072,172764,173142,173814,174335,174542,174653,175411,176250,176876,177716,178337,178560,178770,179563,180393,181143,181974,182679,182881,183014,183985,184934,185832,186740,187659,187911,188119,189067,190208,191207,192133,193050,193377,193556,193834,193834,194756,195036,195239,195471,195680,197020,198374,199964,201295,202640,203071,203309,205322,207127,208694,210667,212307,212734,213049,214700,216329,218145,219789,221307,221698,221939,223025,224621,226247,227671,228477,228684,228871,230095,231289,232439,233696,234883,235098,235304,236266,237682,238787,240170,241117,241369,241528,242784,243833,245247,246156,247106,247454,247644,248824,250296,251336,252929,253837,254225,254417,255833,257167,258633,259954,261392,261958
El Salvador,SLV,Americas,Latin America and the Caribbean,Central America,1,2,1,Americas,https://www.countryflags.io/sv/flat/64.png,0,0,0,0,0,0,0,0,0,0,0,0,0,0,0,0,0,0,0,0,0,0,0,0,0,0,0,0,0,0,0,0,0,0,0,0,0,0,0,0,0,0,0,0,0,0,0,0,0,0,0,0,0,0,0,0,0,1,1,3,3,3,5,9,13,13,19,24,30,32,32,41,46,56,62,69,78,93,103,117,118,125,137,149,159,164,177,190,201,218,225,237,250,274,274,298,323,345,377,395,424,446,490,555,587,633,695,742,784,889,958,998,1037,1112,1210,1265,1338,1413,1498,1571,1640,1725,1819,1915,1983,2042,2109,2194,2278,2395,2517,2582,2653,2705,2781,2849,2934,3015,3104,3191,3274,3373,3481,3603,3720,3826,3941,4066,4200,4329,4475,4626,4808,4973,5150,5336,5517,5727,5934,6173,6438,6736,7000,7267,7507,7777,8027,8307,8566,8844,9142,9391,9674,9978,10303,10645,10957,11207,11508,11846,12207,12582,12975,13377,13792,14221,14630,15035,15446,15841,16230,16632,17050,17448,17843,18262,18701,19126,19544,19978,20423,20872,21269,21644,21993,22314,22619,22912,23193,23462,23717,23964,24200,24420,24622,24811,24986,25140,25284,25415,25537,25635,25729,25820,25904,26000,26099,26206,26308,26413,26511,26602,26688,26773,26851,26928,27009,27088,27163,27249,27346,27428,27553,27798,27954,28201,28415,28630,28722,28630,28809,28981,29077,29175,29269,29358,29450,29539,29634,29737,29842,29951,30070,30196,30335,30480,30766,31061,31265,31456,31666,31826,31975,32120,32262,32421,32585,32752,32925,33090,33264,33445,33631,33826,34015,34214,34404,34577,34782,34966,35145,35326,35509,35684,35862,36030,36195,36358,36516,36669,36819,36965,37109,37250,37404,37562,37719,37884,38058,38228,38405,38586,38758,38941,39130,39327,39515,39718,39930,40131,40345,40551,40741,40946,41163,41394,41631,41880,42132,42397,42641,42914,43195,43477,43772,44058,44328,44619,44892,44892,45157,45415,45684,45960,46242,46515,46803,46803,47087,47355,47645,47948,48255,48574,48905,49224,49539,49859,50157,50467,50784,51107,51437,51772,52094,52388,52672,52949,53218,53479,53738,53989,54241,54488,54723,54966,55195,55416,55623,55821,56025,56237,56442,56653,56859,57046,57229,57428,57638,57839,58023,58200,58374,58546,58728,58903,59071,59235,59396,59555,59712,59866,60021,60181,60337,60491,60640,60800,60952,61101,61251,61398,61539,61677,61814,61947,62086,62229,62377,62531,62691,62853,63017,63188,63344,63490,63631,63766,63900,64039,64168,64298,64431,64573,64726,64875,65030,65180,65337,65491,65491,65491,65491,65491,65491,66489,66489,66816,66956,67099,67249,67404,67557,67557,67851,68007,68161,68318,68468,68468,68468,68922,68922,69198,69198,69198,69198,69727,69727,69997,69997,70255,70255,70380,70380,70380,70915,70915,70915,71330,71479,71479,71479,71479,71479,72220,72220,72220,72220,72821,72821,72821,73246,73246,73246,73702,73702,73702,74141,74141,74141,74141
Ecuador,ECU,Americas,Latin America and the Caribbean,South America,1,1,1,Americas,https://www.countryflags.io/ec/flat/64.png,0,0,0,0,0,0,0,0,0,0,0,0,0,0,0,0,0,0,0,0,0,0,0,0,0,0,0,0,0,0,0,0,0,0,0,0,0,0,0,6,6,7,10,13,13,13,14,15,15,17,17,17,28,28,37,58,111,199,367,506,789,981,1082,1173,1403,1595,1823,1924,1962,2240,2748,3163,3368,3465,3646,3747,3747,4450,4965,7161,7257,7466,7529,7603,7858,8225,8450,9022,9468,10128,10398,10850,11183,22719,22719,22719,23240,24258,24675,24934,26336,27464,29538,31881,31881,31881,30298,28818,29071,29559,29509,30419,30486,30502,31467,32763,33182,33582,34151,34854,35306,35828,36258,36756,37355,37355,38103,38471,38571,38571,39098,39098,40414,40966,40966,41575,42728,43120,43378,43917,44440,44440,45778,46356,46751,47322,47943,48490,49097,49731,49731,50640,50640,51643,51643,53156,53856,54574,55255,55665,56432,58257,59468,60657,61535,61958,62380,63245,63245,64221,65018,67209,67870,68459,69570,70329,71365,72444,73382,74013,74620,76217,77257,78148,79049,80036,80694,81161,82279,83193,84370,85355,86232,86232,87041,87963,88866,90537,91969,93572,94459,94701,95563,97110,98343,99409,100688,101542,101751,102941,104475,105508,106481,107089,107769,108289,109030,110549,111219,112141,112906,113648,113767,114309,115457,116360,117175,118045,118045,110092,110757,112166,113206,114732,116451,118594,118911,119553,121525,122257,124129,125620,126419,126711,127643,129892,131146,132475,133981,134747,134965,135749,137047,138584,139534,140351,141034,141339,142056,143531,145045,145848,146828,147033,147315,148171,149083,150360,151659,152422,153289,153423,154115,155625,156451,158270,159614,161635,162178,163192,164908,166302,167147,168192,169194,169562,170110,171433,171783,172508,173486,174907,175269,175711,176630,177513,178674,179627,180295,180676,181104,182250,183246,183840,184876,185643,185944,186436,187230,188138,189534,190909,192117,192685,193673,194876,195884,196482,197391,197998,198244,198752,199228,200379,200765,201524,202110,202180,202356,203461,204249,205003,205920,206257,206329,206364,207084,208010,208828,209274,209355,209758,210326,211512,212512,213378,214513,214614,215080,216083,217377,218385,219148,220349,221070,221506,222567,224315,226002,226866,230808,231482,231644,232568,234315,236189,237158,238232,241292,241567,242146,243535,246000,246687,249779,250828,250986,251279,252390,253339,255412,257115,258282,258607,259783,260076,262213,263517,265527,267223,267701,268073,268219,269860,271276,273097,274673,274968,275780,278779,281169,282599,284347,286155,286367,286725,289472,289735,291070,292943,294503,294618,295114,296841,297957,299216,300666,302221,302498,302854,305598,307429,309643,310868,312598,312851,313570,316807,318656,321451,322699,324482,325124,327325,328755,330388,332038,333175,335681,336777,337702,339604,341619,342678,344877,346817,347070,347589,350539,355431,355964,358157,360546,360563,361154,362843,365393,371306,372754,373362,374775,375329,377662,380689,381862,384589,387299,388046,391242,393048,395327,396888,398921,400296,402060,402595,404632,405783,407002,409520,410129,410870,411466,412907,415255,416621,417840,418851,419198,420167,421231,422329,423165,424741,425841,426037,427690,428865,429817,430739,431429,432353
Dominican Republic,DOM,Americas,Latin America and the Caribbean,Caribbean,1,3,1,Americas,https://www.countryflags.io/do/flat/64.png,0,0,0,0,0,0,0,0,0,0,0,0,0,0,0,0,0,0,0,0,0,0,0,0,0,0,0,0,0,0,0,0,0,0,0,0,0,0,0,1,1,1,1,1,2,2,5,5,5,5,5,5,11,11,11,21,21,34,72,112,202,245,312,392,488,581,719,859,901,1109,1284,1380,1488,1488,1745,1828,1956,2111,2349,2620,2759,2967,3167,3286,3614,3755,4126,4335,4680,4964,5044,5300,5543,5749,5926,6135,6293,6416,6652,6972,7288,7578,7954,8235,8480,8807,9095,9376,9882,10347,10634,10900,11196,11320,11739,12110,12314,12725,13223,13477,13657,13989,14422,14801,15073,15264,15723,16068,16531,16908,17285,17572,17752,18040,18319,18708,19195,19600,20126,20415,20808,21437,22008,22572,22962,23271,23686,24105,24645,25068,25778,26677,27370,27936,28631,29141,29764,30619,31373,31816,32568,33387,34197,35148,36184,37425,38128,38430,39588,40790,41915,43114,44532,45506,46305,47671,48743,50113,51519,52855,53956,54797,56043,57615,59077,60896,62908,64156,64690,66182,67915,69649,71415,72243,73117,74295,75660,76536,77709,78778,79732,80499,81094,82224,83134,84488,85545,86309,86737,87123,88127,89010,89867,90561,91161,91608,92217,92557,92964,93390,93732,94241,94715,94979,95627,96629,96629,98776,99333,99898,100131,100937,101716,102232,103092,103660,104110,104803,105521,106136,106732,107700,108289,108783,109269,109737,110122,110597,110957,111386,111666,111900,112209,112728,113350,113926,114480,115054,115371,116148,116872,117457,118014,118477,118843,119008,119662,120066,120450,120925,121347,121667,121973,122398,122873,122873,124018,124527,124843,125008,125570,125913,126332,127018,127332,127591,127848,128278,128824,129300,129645,130182,130603,131131,131265,131636,132554,133225,133724,134203,134697,135157,136183,136784,137770,138410,138829,139111,139396,140922,141777,142653,143473,143988,144302,145197,146009,146680,147655,148453,149138,149630,150161,151721,152452,153585,154692,155184,155797,156585,157305,157929,159064,160386,161052,161930,162496,163654,165035,165940,166764,167405,168265,169579,170785,172218,172965,173331,175374,175849,176378,177493,178538,180644,182103,183282,184788,186383,187487,188969,191339,193118,194966,196591,198123,199672,201145,202507,203946,205162,206305,207455,208610,210412,212553,214060,215086,215920,217277,218948,220426,222148,223398,224119,224538,225472,226714,227764,228895,229768,230563,231095,231737,232780,233598,234502,235462,235882,236210,236883,237629,238205,239009,239617,239998,240201,240773,241392,242087,242660,243247,243526,243778,244168,244923,245452,245616,246045,246299,246794,247364,247979,248502,248989,249463,249776,250177,250579,250968,251332,251582,251983,252182,252384,252727,253196,253781,254136,254295,254435,254603,254937,256031,256563,257186,257698,258039,258637,259260,259639,260133,260627,261129,261531,261848,262404,262935,263470,263944,264863,265403,265481,265819,266214,266561,266861,267455,267681,268070,268561,269184,269958,270600,271548,272108,272809,273497,274319,275378,276272,277188,277919,278549,279565,280994,281630,282685,283729,284567,285211,286269,288034,289288,290526,291910,292786,294021,295680,297119,298414,299681,301078
Costa Rica,CRI,Americas,Latin America and the Caribbean,Central America,1,2,1,Americas,https://www.countryflags.io/cr/flat/64.png,0,0,0,0,0,0,0,0,0,0,0,0,0,0,0,0,0,0,0,0,0,0,0,0,0,0,0,0,0,0,0,0,0,0,0,0,0,0,0,0,0,0,0,0,1,1,5,9,9,13,22,23,26,27,35,41,50,69,89,117,134,158,177,201,231,263,295,314,330,347,375,396,416,435,454,467,483,502,539,558,577,595,612,618,626,642,649,655,660,662,669,681,686,687,693,695,697,705,713,719,725,733,739,742,755,761,765,773,780,792,801,804,815,830,843,853,863,866,882,897,903,911,918,930,951,956,984,1000,1022,1047,1056,1084,1105,1157,1194,1228,1263,1318,1342,1375,1461,1538,1612,1662,1715,1744,1796,1871,1939,2058,2127,2213,2277,2368,2515,2684,2836,2979,3130,3269,3459,3753,4023,4311,4621,4996,5241,5486,5836,6485,6845,7231,7596,8036,8482,8986,9546,9969,10551,11114,11534,11811,12361,13129,13669,14600,15229,15841,16344,16800,17290,17820,18187,18975,19402,19837,20417,21070,22081,22802,23286,23872,24508,25057,26129,26931,27737,28465,29084,29643,30409,31075,32134,33084,33820,34463,35305,36307,37292,38485,39699,39699,41287,42184,43305,44458,45680,46920,46920,48780,49897,51224,52549,53969,55454,55454,57361,58137,59516,60818,62374,63712,63712,65602,66689,68059,69459,70816,72049,72049,73714,74604,75760,76828,77829,79182,79182,81129,82142,83497,84828,86053,87439,87439,89223,90238,91780,93152,94348,95514,95514,97075,97922,99425,100616,101826,103088,103088,104460,105322,106553,107570,108866,109971,109971,111257,112120,113261,114367,115417,116363,116363,117587,118566,119768,120939,122123,123223,123223,124592,125590,127012,128231,129418,129418,129418,132295,133190,134520,135742,137093,137093,137093,139638,140172,141340,142505,143685,143685,143685,146421,147430,148688,149815,150947,150947,150947,153169,154096,155263,156388,157472,157472,157472,159893,160804,161942,162990,162990,162990,162990,165762,166799,168114,169321,169321,169321,169321,172436,173591,175038,176407,177614,177614,177614,180061,181093,182156,183242,184187,184187,184187,186016,186877,187712,188477,189308,189308,189308,190745,191345,192066,192637,193276,193276,193276,194569,195009,195537,195992,196438,196438,196438,197435,197852,198338,198756,199187,199187,199187,200024,200454,200888,201241,201678,201678,201678,202674,203097,203496,203914,204341,204341,204341,205086,205514,205890,206293,206640,206640,206640,206640,207832,207832,207832,209093,209093,209093,209093,210447,210447,210447,211903,211903,211903,211903,213438,213438,213438,215178,215178,215178,215178,216764,216764,216764,216764,216764,216764,216764,219846,219846,219846,222544,222544,222544,222544,225343,225343,227533,228577,228577,228577,230837,231967,233498,235274,236930,238760,238760,241240,243167,245601,248382,250991,250991,250991,256676,257980,260535,263094,265486,265486,265486,271478,273714,276887,279926,282741,282741,282741,288626,290920,293820,296632,299219,299219,299219,304529,306899,309486,311922,314102,314102,314102,318986,321279,323598,325779,327979,327979,327979
Colombia,COL,Americas,Latin America and the Caribbean,South America,1,1,1,Americas,https://www.countryflags.io/co/flat/64.png,0,0,0,0,0,0,0,0,0,0,0,0,0,0,0,0,0,0,0,0,0,0,0,0,0,0,0,0,0,0,0,0,0,0,0,0,0,0,0,0,0,0,0,0,1,1,1,1,3,9,9,13,22,34,57,75,102,108,158,196,231,277,378,470,491,539,608,702,798,906,1065,1161,1267,1406,1485,1579,1780,2054,2223,2473,2709,2776,2852,2979,3105,3233,3439,3621,3792,3977,4149,4356,4561,4881,5142,5379,5597,5949,6207,6507,7006,7285,7668,7973,8613,8959,9456,10051,10495,11063,11613,12272,12930,13610,14216,14939,15574,16295,16935,17687,18330,19131,20177,21175,21981,23003,24104,25366,26688,28236,29383,30493,31833,33354,35120,36635,38027,39236,40719,42078,43682,45212,46858,48746,50939,53063,54931,57046,60217,63276,65633,68652,71183,73572,77113,80599,84442,88591,91769,95043,97846,102009,106110,109505,113389,117110,120281,124494,128638,133973,140776,145632,150445,154277,159898,165169,173206,182140,190700,197278,204005,211038,218428,226373,233541,240795,248976,257101,267385,276055,286020,295508,306181,317651,327850,334979,345714,357710,367204,376870,387481,397623,410453,422519,433805,445111,456689,468332,476660,489122,502178,513719,522138,533103,541139,551688,562113,572243,581995,590492,599884,607904,615094,624026,633321,641574,650063,658456,666521,671848,679513,686851,694664,702088,708964,716319,721892,728590,736377,743945,750471,758398,765076,770435,777537,784268,790823,798317,806038,813056,818203,824042,829679,835339,841532,848147,855052,862158,869808,877684,886179,894300,902747,911316,919084,924098,930159,936982,945354,952371,959572,965883,974139,981700,990373,998942,1007711,1015885,1025052,1033218,1041935,1053122,1063151,1074184,1083321,1093256,1099392,1108086,1117977,1127733,1136447,1143887,1149064,1155356,1165326,1174012,1182697,1191634,1198746,1205217,1211128,1218003,1225490,1233444,1240493,1248417,1254979,1262494,1270991,1280487,1290510,1299613,1308376,1316806,1324792,1334089,1343322,1352607,1362249,1371103,1377100,1384610,1392133,1399911,1408909,1417072,1425774,1434516,1444646,1456599,1468795,1482072,1496062,1507222,1518067,1530593,1544826,1559766,1574707,1584903,1594497,1603807,1614822,1626461,1642775,1654880,1666408,1675820,1686131,1702966,1719771,1737347,1755568,1771363,1786900,1801903,1816082,1831980,1849101,1870179,1891034,1908413,1923132,1939071,1956979,1972345,1987418,2002969,2015485,2027746,2041352,2055305,2067575,2077633,2086806,2094884,2104506,2114597,2125622,2135412,2142660,2151207,2157216,2161462,2166904,2173347,2179641,2185169,2190116,2195039,2198549,2202598,2207701,2212525,2217001,2222018,2226262,2229663,2233589,2237542,2241225,2244792,2248135,2251690,2255260,2259599,2262646,2266211,2269582,2273245,2276656,2278861,2282372,2285960,2290539,2294617,2299082,2303144,2305884,2309600,2314154,2319293,2324426,2331187,2337230,2342278,2347224,2353210,2359942,2367337,2375591,2382730,2389779,2397731,2406377,2417826,2428048,2437197,2446219,2456409,2468236,2479617,2492081,2504206,2518715,2536198,2552937,2569314,2585801,2602719,2619422,2636076,2652947,2667136,2684101,2701313,2720619,2740544,2757274,2774464,2787303,2804881,2824626,2841934,2859724,2877746,2893655,2905254,2919805,2934611,2951101,2968626,2985536,3002758,3015301,3031726,3048719,3067879,3084460,3103333,3118426,3131410,3144547,3161126,3177212,3192050,3210787,3232456,3249433,3270614,3294101,3319193,3342567,3363061,3383279,3406456,3432422,3459422,3488046,3518046,3547017,3571067
Chile,CHL,Americas,Latin America and the Caribbean,South America,1,1,1,Americas,https://www.countryflags.io/cl/flat/64.png,0,0,0,0,0,0,0,0,0,0,0,0,0,0,0,0,0,0,0,0,0,0,0,0,0,0,0,0,0,0,0,0,2,2,2,2,2,2,2,9,9,10,10,13,13,13,20,20,25,35,35,55,88,101,182,228,265,265,461,592,687,801,977,1197,1361,1665,2015,2245,2555,2844,3137,3510,3843,4355,4665,5009,5310,5740,6166,6695,7366,7652,7964,8356,8712,9246,9691,10598,10956,11375,11700,12164,12680,13174,14537,15010,15492,16044,16564,17702,18687,21213,22441,23421,24794,25826,27359,28750,32208,33855,35052,36710,39370,42029,44531,50016,52369,54647,58167,62205,66169,70445,80287,83996,88891,92855,97183,101837,105532,118720,123550,129020,132548,137490,142154,146361,160351,166756,171452,175365,181062,186698,193452,201634,208572,213715,218728,220628,225103,231393,236748,242355,246963,250767,254416,259064,263360,267766,271982,275999,279393,282043,284541,288089,291847,295532,298557,301019,303083,306216,309274,312029,315041,317657,319493,321205,323698,326439,328846,330930,333029,334683,336402,338759,341304,343592,345790,347923,349800,351575,353536,355667,357658,359731,361493,362962,364723,366671,368825,371023,373056,375044,376616,378168,380034,382111,383902,385946,387502,388855,390037,391849,393769,395708,397665,399568,400985,402365,404102,405972,408009,409974,411726,413145,414739,416501,418469,420434,422510,424274,425541,427027,428669,430535,432666,434748,436433,437983,439287,441150,442827,444674,446274,447468,448523,449903,451634,453868,455979,457901,459671,461300,462991,464750,466590,468471,470179,471746,473306,474440,476016,477769,479595,481371,482832,484280,485372,486496,488190,490003,491760,493305,494478,495637,497131,498906,500542,502063,503598,504525,505530,507050,508571,510256,511864,513140,514202,515042,516582,518390,519977,521558,522879,523907,524804,526438,528030,529676,531273,532604,533610,534558,536012,537585,539143,540640,542080,543087,544092,545662,547243,548941,550430,551743,552864,553898,555406,557135,558668,560382,562142,563534,564778,566440,567974,569781,571919,573830,575329,576731,578732,581135,583355,585546,587993,589189,590914,594152,595831,598394,600105,602028,603986,606950,608973,612564,615902,618191,620641,623101,625483,629176,633381,637742,641923,645892,649135,652525,656712,661180,665493,669832,673750,677151,680740,685107,690066,694647,699110,703178,706500,709888,714143,718749,722900,727109,730888,734035,736645,740237,744019,748082,751886,755350,758189,760576,764307,768471,772396,776209,779541,782039,784314,788142,791939,795845,799460,803009,805317,807872,812344,816929,821418,824625,829770,832512,835552,840119,845450,850483,855785,860533,864064,867949,873512,879485,885379,891110,896231,900782,904212,911469,918053,925089,931939,938094,942958,947783,954843,962321,969913,977243,984484,989492,995538,1003406,1011485,1019478,1026785,1032612,1037780,1043022,1051270,1060421,1068522,1076499,1082920,1088710,1094267,1101698,1109311,1117348,1124718,1131340,1136189,1141403,1148320,1155902,1162811,1169536,1175614,1179772,1184271,1190991,1198245,1203755,1210920,1215815,1219064,1222949,1229248,1235778,1241976,1247469,1252808,1256546,1260448,1266601,1273516,1280252,1286548,1292096,1295862,1300629,1308311,1315913,1323413,1329918,1335261,1339421,1344618,1352723,1361381,1369597,1377507,1384346,1389357,1394973,1403101,1411346,1420266,1427956
Brazil,BRA,Americas,Latin America and the Caribbean,South America,1,1,1,Americas,https://www.countryflags.io/br/flat/64.png,0,0,0,0,0,0,0,0,0,0,0,0,0,0,0,0,0,0,0,0,0,0,0,0,0,0,0,0,0,0,0,0,0,0,0,1,1,1,2,2,2,2,4,4,13,13,20,25,31,38,52,151,151,162,200,321,372,621,793,1021,1546,1924,2247,2554,2985,3417,3904,4256,4579,5717,6836,8044,9056,10360,11130,12161,14034,16170,18092,19638,20727,22192,23430,25262,28320,30425,33682,36658,38654,40743,43079,45757,50036,54043,59324,63100,67446,73235,79685,87187,92202,97100,101826,108620,115455,126611,135773,146894,156061,162699,169594,178214,190137,203165,220291,233511,241080,255368,271885,291579,310087,330890,347398,363211,374898,391222,411821,438238,465166,498440,514849,526447,555383,584016,614941,645771,672846,691758,707412,739503,772416,802828,828810,850514,867624,888271,923189,955377,978142,1032913,1067579,1083341,1106470,1145906,1188631,1228114,1274974,1313667,1344143,1368195,1402041,1448753,1496858,1539081,1577004,1603055,1623284,1668589,1713160,1755779,1800827,1839850,1864681,1884967,1926824,1966748,2012151,2046328,2074860,2098389,2118646,2159654,2227514,2287475,2343366,2394513,2419091,2442375,2483191,2552265,2610102,2662485,2707877,2733677,2750318,2801921,2859073,2912212,2962442,3012412,3035422,3057470,3109630,3164785,3224876,3275520,3317096,3340197,3359570,3407354,3456652,3501975,3532330,3582362,3605783,3622861,3669995,3717156,3761391,3804803,3846153,3862311,3908272,3950931,3997865,4041638,4091801,4123000,4137521,4147794,4162073,4197889,4238446,4282164,4315687,4330455,4345610,4382263,4419083,4455386,4495183,4528240,4544629,4558040,4591364,4591364,4657702,4689613,4717991,4732309,4745464,4777522,4810935,4847092,4847092,4906833,4915289,4927235,4969141,5000694,5028444,5055888,5082637,5094979,5103408,5113628,5140863,5169386,5200300,5224362,5224362,5250727,5273954,5298772,5323630,5353656,5380635,5394128,5409854,5439641,5468270,5494376,5516658,5535605,5545705,5554206,5566049,5590025,5590025,5631181,5653561,5664115,5675032,5699005,5747660,5781582,5810652,5848959,5863093,5876464,5911758,5945849,5981767,6020164,6052786,6071401,6087608,6118708,6166606,6204220,6238350,6290272,6314740,6335878,6386787,6436650,6487084,6533968,6577177,6603540,6623911,6674999,6728452,6781799,6836227,6880127,6901952,6927145,6970034,7040608,7110434,7162978,7213155,7238600,7263619,7318821,7365517,7423945,7448560,7465806,7484285,7504833,7563551,7619200,7675973,7700578,7716405,7733746,7753752,7810400,7873830,7961673,8013708,8075998,8105790,8131612,8195637,8256536,8324294,8393492,8455059,8488099,8511770,8573864,8638249,8697368,8753920,8816254,8844577,8871393,8933356,8996876,9058687,9118513,9176975,9204731,9229322,9283418,9339420,9396293,9447165,9447165,9524640,9524640,9599565,9659167,9713909,9765455,9809754,9834513,9866710,9921981,9978747,10030626,10084208,10139148,10168174,10195160,10257875,10324463,10390461,10455630,10517232,10551259,10587001,10646926,10718630,10793732,10869227,10938836,11019344,11051665,11122429,11202305,11277717,11363380,11439558,11483370,11519609,11603535,11693838,11780820,11871390,11950459,11998233,12047526,12130019,12220011,12320169,12404414,12490362,12534688,12573615,12658109,12748747,12839844,12910082,12953597,12984956,13013601,13100580,13193205,13279857,13373174,13445006,13482023,13517808,13599994,13673507,13746681,13832455,13900091,13943071,13973695,14043076,14122795,14167973,14237078,14308215,14340787,14369423,14441563,14521289,14590678,14659011,14725975,14754910,14779529,14856888,14930183,15003563,15082449,15145879,15184790,15209990,15282705,15359397,15433989,15519525,15586534,15627243,15657391,15732836,15812055,15894094,15970949,16047439,16083258,16120756,16194209,16274695,16342162,16391930,16471600,16515120,16545554,16624480,16720081,16803472,16841408,16907425,16947062
Bolivia,BOL,Americas,Latin America and the Caribbean,South America,1,1,1,Americas,https://www.countryflags.io/bo/flat/64.png,0,0,0,0,0,0,0,0,0,0,0,0,0,0,0,0,0,0,0,0,0,0,0,0,0,0,0,0,0,0,0,0,0,0,0,0,0,0,0,0,0,0,0,0,0,0,0,0,0,2,2,3,10,10,11,11,12,12,15,19,24,27,29,32,43,61,74,81,97,107,115,123,132,139,157,183,194,210,264,268,275,300,330,354,397,441,465,493,520,564,598,609,703,807,866,950,1014,1053,1110,1167,1229,1470,1594,1681,1802,1886,2081,2266,2437,2556,2831,2964,3148,3372,3577,3826,4088,4263,4481,4919,5187,5579,5915,6263,6660,7136,7768,8387,8731,9592,9982,10531,10991,11638,12245,12728,13358,13643,13949,14644,15281,16165,16929,17842,18459,19073,19883,20685,21499,22476,23512,24388,25493,26389,27487,28503,29423,30676,31524,32125,33219,34227,35528,36818,38071,39297,40509,41545,42984,44113,45565,47200,48187,49250,50867,52218,54156,56102,58138,59582,60991,62357,64135,65252,66456,68281,69429,71181,72327,73534,75234,76789,78793,80153,81846,83361,85141,86423,87891,89055,89999,91635,93328,95071,96459,97950,99146,100344,101223,103019,105050,106065,107435,108427,109149,110148,110999,112094,113129,114409,115354,115968,116598,117267,117928,118781,119580,120241,120769,121604,122308,123345,124205,125172,125982,126791,127619,128286,128872,129419,130051,130470,130676,130986,131453,131990,132618,133222,133592,133901,134223,134641,135311,135716,136219,136569,136868,137107,137468,137706,137969,138226,138463,138574,138695,138922,139141,139319,139562,139710,139771,139890,140037,140228,140445,140612,140779,140853,140952,141124,141321,141484,141631,141757,141833,141867,141936,142062,142201,142343,142427,142475,142561,142664,142776,142889,143069,143181,143246,143371,143473,143569,143756,143854,143922,143978,144034,144147,144276,144390,144494,144592,144622,144708,144810,144994,145186,145325,145492,145560,145657,145846,146060,146385,146697,147030,147150,147345,147716,148214,148665,149149,149770,150023,150385,151059,152064,153121,153590,154349,154843,155594,156887,158372,160124,160985,162055,162661,163671,165268,166981,168891,171154,172798,173896,175288,176761,178818,181016,183589,185680,187183,188733,191090,193745,196393,198257,199989,201037,202818,205208,208074,210726,213392,215397,216835,218299,220426,222447,224234,225910,227128,227967,229187,230731,232502,233854,235098,236036,236732,237144,237706,238495,239524,240676,241771,242292,243176,244380,245719,246822,247891,248547,249010,249767,250557,251391,252360,253297,253950,254273,254736,255621,256462,257240,258324,259004,259389,260059,260988,262056,262941,263808,264411,264634,265207,266086,267059,267833,268711,269302,269628,270347,271419,272411,273327,273947,274467,274934,275392,276890,277966,279207,280649,281570,282095,283084,284183,285291,286114,287360,287360,289066,290362,291675,293061,294391,295892,297185,297659,298778,300258,301831,301831,303732,306527,306527,308984,308984,310572,314190,314190,317547,317547,318610,320209,322578,324868,327224,329733,332567,334824,334824,337441,340207,343065,346070,349653,349653,355349,358562,361580,364570,366714,368474,371279,374718,378028,380457,383457,385734,387162
Belize,BLZ,Americas,Latin America and the Caribbean,Central America,1,2,1,Americas,https://www.countryflags.io/bz/flat/64.png,0,0,0,0,0,0,0,0,0,0,0,0,0,0,0,0,0,0,0,0,0,0,0,0,0,0,0,0,0,0,0,0,0,0,0,0,0,0,0,0,0,0,0,0,0,0,0,0,0,0,0,0,0,0,0,0,0,0,0,0,0,1,1,2,2,2,2,2,3,3,3,3,4,4,5,7,7,8,9,10,13,14,18,18,18,18,18,18,18,18,18,18,18,18,18,18,18,18,18,18,18,18,18,18,18,18,18,18,18,18,18,18,18,18,18,18,18,18,18,18,18,18,18,18,18,18,18,18,18,18,18,18,18,18,18,19,19,19,19,20,20,20,20,20,20,21,22,22,22,22,22,22,23,23,23,23,24,24,24,24,24,28,28,30,30,30,30,30,30,30,37,37,37,37,39,39,40,40,40,40,40,42,43,47,48,48,48,48,48,48,48,48,56,57,57,57,86,114,114,146,153,177,177,210,296,356,388,452,475,475,553,605,648,668,686,713,730,760,818,870,964,993,1007,1050,1101,1101,1152,1194,1194,1307,1361,1365,1365,1435,1458,1480,1501,1528,1536,1567,1590,1606,1627,1635,1635,1706,1706,1808,1825,1825,1891,1891,1992,1992,2080,2080,2131,2196,2243,2310,2373,2427,2427,2531,2569,2585,2619,2682,2728,2775,2813,2833,2886,2937,2995,3050,3106,3145,3145,3200,3261,3261,3462,3487,3577,3624,3790,3905,3977,4016,4076,4176,4230,4414,4520,4596,4715,4783,4861,4883,4920,4958,5018,5056,5110,5183,5249,5335,5423,5515,5587,5647,5743,5854,5854,5854,7236,7383,7601,7769,7953,8013,8519,8805,8965,9173,9295,9377,9511,9672,9791,9791,9791,9791,10145,10257,10370,10490,10490,10490,10561,10591,10668,10724,10776,10776,10807,10901,10938,11018,11108,11152,11202,11266,11303,11332,11366,11419,11456,11529,11529,11580,11592,11615,11642,11676,11700,11722,11750,11770,11788,11816,11845,11877,11908,11908,11945,11957,11978,12008,12013,12037,12037,12070,12079,12107,12114,12134,12145,12145,12175,12188,12195,12207,12227,12244,12244,12255,12264,12271,12280,12293,12293,12293,12313,12320,12328,12329,12335,12335,12335,12335,12345,12355,12359,12370,12370,12370,12383,12389,12396,12399,12400,12400,12400,12407,12410,12410,12411,12415,12415,12415,12415,12415,12456,12456,12456,12456,12456,12456,12477,12485,12485,12485,12485,12485,12503,12513,12522,12529,12538,12538,12538,12558,12568,12585,12596,12599,12599,12599,12624,12631,12639,12646,12668,12668,12668,12674,12675,12680,12682,12686,12686,12686,12700,12704,12707,12709,12714,12714,12714,12742,12745,12753,12761,12764,12764,12764,12764,12777,12784,12789,12791,12791,12791,12809,12819,12833,12840,12861,12861,12861
Barbados,BRB,Americas,Latin America and the Caribbean,Caribbean,1,3,1,Americas,https://www.countryflags.io/bb/flat/64.png,0,0,0,0,0,0,0,0,0,0,0,0,0,0,0,0,0,0,0,0,0,0,0,0,0,0,0,0,0,0,0,0,0,0,0,0,0,0,0,0,0,0,0,0,0,0,0,0,0,0,0,0,0,0,0,2,2,5,5,6,14,17,18,18,18,24,26,33,33,34,34,46,51,52,56,60,63,63,66,67,68,71,72,72,73,75,75,75,75,75,75,75,76,77,79,79,80,80,80,81,81,81,82,82,82,82,82,83,84,84,84,85,85,85,85,86,88,88,90,90,90,90,92,92,92,92,92,92,92,92,92,92,92,92,92,92,92,92,92,92,96,96,96,96,96,97,97,97,97,97,97,97,97,97,97,97,97,97,97,97,97,97,97,97,97,98,98,98,98,98,98,103,103,103,103,104,104,104,104,105,106,106,106,106,108,108,110,110,110,110,110,110,122,132,132,132,133,133,138,138,142,142,143,144,144,148,150,151,152,153,155,156,157,158,161,161,164,165,165,166,170,173,174,176,176,177,178,178,178,179,180,180,180,180,180,181,183,184,185,185,185,185,189,189,189,189,189,190,190,190,190,190,190,193,193,196,199,200,200,203,203,204,206,208,208,210,215,218,219,219,221,222,222,222,224,226,227,227,233,233,234,234,236,237,237,238,238,239,239,242,242,242,243,243,249,249,249,249,250,250,250,252,253,253,255,259,260,262,263,266,270,270,275,276,278,279,281,284,285,285,287,289,290,291,292,292,292,296,297,301,305,307,307,307,321,327,329,345,347,352,356,365,371,372,383,395,395,556,606,643,743,743,780,808,878,884,968,1007,1036,1036,1095,1095,1095,1095,1156,1156,1156,1341,1387,1401,1401,1443,1477,1498,1523,1545,1558,1586,1611,1641,1656,1676,1709,1732,1814,1857,1904,1947,2061,2061,2268,2331,2457,2647,2677,2715,2772,2791,2852,2907,2949,2994,3038,3068,3115,3140,3163,3186,3217,3264,3285,3303,3333,3353,3372,3391,3404,3421,3442,3458,3471,3492,3512,3533,3551,3559,3574,3582,3593,3603,3609,3629,3634,3642,3652,3659,3665,3668,3668,3679,3691,3691,3704,3708,3719,3730,3734,3740,3744,3753,3765,3773,3781,3784,3793,3797,3806,3820,3820,3824,3825,3828,3831,3838,3855,3863,3866,3881,3884,3915,3929,3931,3933,3942,3946,3950,3957,3959,3961,3965,3967,3968,3972,3975,3975,3985,3991,3995,3995,4000,4004,4006,4009,4012,4017,4017,4017,4023,4026,4029,4030,4031
Bahamas,BHS,Americas,Latin America and the Caribbean,Caribbean,1,3,1,Americas,https://www.countryflags.io/bs/flat/64.png,0,0,0,0,0,0,0,0,0,0,0,0,0,0,0,0,0,0,0,0,0,0,0,0,0,0,0,0,0,0,0,0,0,0,0,0,0,0,0,0,0,0,0,0,0,0,0,0,0,0,0,0,0,0,1,1,1,3,3,4,4,4,5,5,9,10,10,11,14,14,21,24,24,28,28,29,33,40,41,42,46,46,47,49,49,53,54,55,55,60,65,65,72,73,78,80,80,80,80,81,81,83,83,83,89,92,92,92,92,92,93,93,94,96,96,96,96,96,96,97,97,97,100,100,100,100,100,101,102,102,102,102,102,102,102,102,103,103,103,103,103,103,103,103,103,103,104,104,104,104,104,104,104,104,104,104,104,104,104,104,104,104,104,104,104,104,104,104,106,107,108,111,111,113,116,119,124,129,138,153,174,194,219,274,316,326,342,382,447,484,508,574,599,648,679,715,751,761,830,878,898,945,989,1036,1089,1119,1252,1315,1329,1424,1531,1610,1703,1765,1784,1798,1813,1923,2020,2057,2135,2167,2217,2276,2337,2386,2386,2476,2506,2546,2585,2721,2721,2814,2928,2928,3008,3032,3087,3177,3177,3214,3315,3418,3467,3618,3699,3790,3790,3838,3838,3903,4123,4123,4220,4332,4409,4452,4559,4713,4713,4713,5023,5078,5163,5163,5191,5385,5517,5628,5703,5773,5923,6051,6135,6268,6268,6410,6410,6502,6549,6607,6644,6714,6714,6735,6790,6843,6882,6882,6947,6947,6964,7012,7060,7124,7163,7163,7186,7256,7312,7323,7348,7367,7395,7413,7431,7460,7469,7482,7496,7496,7517,7541,7543,7543,7549,7565,7570,7570,7579,7579,7585,7585,7623,7648,7659,7674,7698,7714,7725,7733,7733,7746,7765,7772,7788,7788,7788,7788,7834,7834,7846,7857,7871,7887,7887,7914,7924,7928,7945,7959,7969,7969,7969,8004,8004,8011,8011,8021,8032,8032,8067,8068,8075,8088,8101,8101,8101,8133,8140,8161,8161,8167,8174,8174,8174,8223,8231,8247,8256,8256,8256,8289,8289,8289,8311,8311,8311,8311,8311,8383,8383,8403,8403,8403,8403,8471,8477,8496,8496,8519,8519,8519,8519,8519,8573,8573,8600,8600,8600,8600,8642,8642,8642,8658,8658,8658,8765,8776,8800,8800,8800,8800,8800,8923,8935,8935,8935,8935,8935,8935,9000,9119,9119,9171,9171,9171,9171,9171,9270,9296,9339,9364,9364,9364,9460,9505,9505,9505,9634,9634,9634,9791,9791,9868,9868,9976,9976,10050,10220,10220,10349,10349,10453,10453,10519,10576,10576,10576,10711,10773,10773,10773,10908,10908,10966,11024,11024,11024,11024,11225,11278,11321,11396,11396,11396,11396,11499,11597,11597,11622,11684,11745,11745,11796,11796,11864,11930,11930,11930,11930
Argentina,ARG,Americas,Latin America and the Caribbean,South America,1,1,1,Americas,https://www.countryflags.io/ar/flat/64.png,0,0,0,0,0,0,0,0,0,0,0,0,0,0,0,0,0,0,0,0,0,0,0,0,0,0,0,0,0,0,0,0,0,0,0,0,0,0,0,0,0,1,1,1,2,8,12,12,17,19,19,31,34,45,56,68,79,97,128,158,266,301,387,387,502,589,690,745,820,1054,1054,1133,1265,1451,1451,1554,1628,1715,1795,1975,1975,2142,2208,2277,2443,2571,2669,2758,2839,2941,3031,3144,3435,3607,3780,3892,4003,4127,4285,4428,4532,4681,4783,4887,5020,5208,5371,5611,5776,6034,6278,6563,6879,7134,7479,7805,8068,8371,8809,9283,9931,10649,11353,12076,12628,13228,13933,14702,15419,16214,16851,17415,18319,19268,20197,21037,22020,22794,23620,24761,25987,27373,28764,30295,31577,32785,34159,35552,37510,39570,41204,42785,44931,47203,49851,52457,55343,57744,59933,62268,64530,67197,69941,72786,75376,77815,80447,83426,87030,90693,94060,97509,100166,103265,106910,111146,114783,119301,122524,126755,130774,136118,141900,148027,153520,158334,162526,167416,173355,178996,185373,191302,196543,201919,206743,213535,220682,228195,235677,241811,246499,253868,260911,268574,276072,282437,289100,294569,299126,305966,312659,320884,329043,336802,342154,350867,359638,370188,380292,392009,401239,408426,417735,428239,439172,451198,461882,471806,478792,488007,500034,512293,524198,535705,546481,555537,565446,577338,589012,601713,613658,622934,631365,640147,652174,664799,678266,691235,702484,711325,723132,736609,751001,765002,779689,790818,798486,809728,824468,840915,856369,871468,883882,894206,903730,917035,931967,949063,965609,979119,989680,1002662,1018999,1037325,1053650,1069368,1081336,1090589,1102301,1116609,1130533,1143800,1157179,1166924,1173533,1183131,1195276,1205928,1217028,1228814,1236851,1242182,1250499,1262476,1273356,1284519,1296378,1304846,1310491,1318384,1329005,1339337,1349434,1359042,1366182,1370366,1374631,1381795,1390388,1399431,1407277,1413375,1418807,1424533,1432570,1440103,1447732,1454631,1459832,1463110,1466309,1469919,1475222,1482216,1489328,1494602,1498160,1503222,1510203,1517046,1524372,1531374,1537169,1541285,1547138,1555279,1563865,1563865,1574554,1578267,1583297,1590513,1602163,1613928,1625514,1629594,1634834,1640718,1648940,1662730,1676171,1690006,1703352,1714409,1722217,1730921,1744704,1757429,1770715,1783047,1791979,1799243,1807428,1819569,1831681,1843077,1853830,1862192,1867223,1874801,1885210,1896053,1905524,1915362,1922264,1927239,1933853,1943548,1952744,1961635,1970009,1976689,1980347,1985501,1993295,2001034,2008345,2015496,2021553,2025798,2029057,2033060,2039124,2046795,2054681,2060625,2064334,2069751,2077228,2085411,2093645,2098728,2104197,2107365,2112023,2118676,2126531,2133963,2141854,2146714,2149636,2154694,2162001,2169694,2177898,2185747,2192025,2195722,2201886,2210121,2218425,2226753,2234913,2241739,2245771,2252172,2261577,2269877,2278115,2291051,2301389,2308597,2322611,2332765,2348821,2363251,2373153,2383537,2393492,2407159,2428029,2450068,2473751,2497881,2517300,2532562,2551999,2579000,2604157,2629156,2658628,2677747,2694014,2714475,2743620,2769552,2796768,2824652,2845872,2860884,2879677,2905172,2928890,2954943,2977363,2993865,3005259,3021179,3047417,3071496,3095582,3118134,3136158,3147740,3165121,3191097,3215572,3242103,3269466,3290935,3307285,3335965,3371508,3411160,3447044,3482512,3514683,3539484,3562135,3586736,3622135,3663215,3702422,3732263,3753609,3781784,3817139,3852156,3884447,3915397,3939024,3955439
