Country,ISO3,region,subregion,intermediateregion,lac,lac_main,idb,region_map,image,Population total,population_million,1/22/2020,1/23/2020,1/24/2020,1/25/2020,1/26/2020,1/27/2020,1/28/2020,1/29/2020,1/30/2020,1/31/2020,2/1/2020,2/2/2020,2/3/2020,2/4/2020,2/5/2020,2/6/2020,2/7/2020,2/8/2020,2/9/2020,2/10/2020,2/11/2020,2/12/2020,2/13/2020,2/14/2020,2/15/2020,2/16/2020,2/17/2020,2/18/2020,2/19/2020,2/20/2020,2/21/2020,2/22/2020,2/23/2020,2/24/2020,2/25/2020,2/26/2020,2/27/2020,2/28/2020,2/29/2020,3/1/2020,3/2/2020,3/3/2020,3/4/2020,3/5/2020,3/6/2020,3/7/2020,3/8/2020,3/9/2020,3/10/2020,3/11/2020,3/12/2020,3/13/2020,3/14/2020,3/15/2020,3/16/2020,3/17/2020,3/18/2020,3/19/2020,3/20/2020,3/21/2020,3/22/2020,3/23/2020,3/24/2020,3/25/2020,3/26/2020,3/27/2020,3/28/2020,3/29/2020,3/30/2020,3/31/2020,4/1/2020,4/2/2020,4/3/2020,4/4/2020,4/5/2020,4/6/2020,4/7/2020,4/8/2020,4/9/2020,4/10/2020,4/11/2020,4/12/2020,4/13/2020,4/14/2020,4/15/2020,4/16/2020,4/17/2020,4/18/2020,4/19/2020
Zimbabwe,ZWE,Africa,Sub-Saharan Africa,Eastern Africa,.,.,.,Africa,https://www.countryflags.io/zw/flat/64.png,14439018,14.43901825,0,0,0,0,0,0,0,0,0,0,0,0,0,0,0,0,0,0,0,0,0,0,0,0,0,0,0,0,0,0,0,0,0,0,0,0,0,0,0,0,0,0,0,0,0,0,0,0,0,0,0,0,0,0,0,0,0,0,0,0,0,.0692567825,.0692567825,.0692567825,.0692567825,.0692567825,.0692567825,.0692567825,.0692567825,.0692567825,.0692567825,.0692567825,.0692567825,.0692567825,.0692567825,.0692567825,.1385135651,.2077703625,.2077703625,.2077703625,.2077703625,.2077703625,.2077703625,.2077703625,.2077703625,.2077703625,.2077703625,.2077703625,.2077703625
Zambia,ZMB,Africa,Sub-Saharan Africa,Eastern Africa,.,.,.,Africa,https://www.countryflags.io/zm/flat/64.png,17351822,17.3518219,0,0,0,0,0,0,0,0,0,0,0,0,0,0,0,0,0,0,0,0,0,0,0,0,0,0,0,0,0,0,0,0,0,0,0,0,0,0,0,0,0,0,0,0,0,0,0,0,0,0,0,0,0,0,0,0,0,0,0,0,0,0,0,0,0,0,0,0,0,0,0,.057630837,.057630837,.057630837,.057630837,.057630837,.057630837,.057630837,.057630837,.1152616739,.1152616739,.1152616739,.1152616739,.1152616739,.1152616739,.1152616739,.1152616739,.1152616739,.1728925109
South Africa,ZAF,Africa,Sub-Saharan Africa,Southern Africa,.,.,.,Africa,https://www.countryflags.io/za/flat/64.png,57779622,57.77962112,0,0,0,0,0,0,0,0,0,0,0,0,0,0,0,0,0,0,0,0,0,0,0,0,0,0,0,0,0,0,0,0,0,0,0,0,0,0,0,0,0,0,0,0,0,0,0,0,0,0,0,0,0,0,0,0,0,0,0,0,0,0,0,0,0,.0173071399,.0173071399,.0346142799,.0519214198,.0865356997,.0865356997,.0865356997,.1557642668,.1557642668,.1903785467,.2076856792,.2249928266,.3115285337,.3115285337,.4153713584,.4326784909,.4326784909,.4672927856,.4672927856,.5884427428,.8307427168,.8653569818,.8999713063,.9345855713
Yemen,YEM,Asia,Western Asia,,.,.,.,,,28498687,28.49868774,0,0,0,0,0,0,0,0,0,0,0,0,0,0,0,0,0,0,0,0,0,0,0,0,0,0,0,0,0,0,0,0,0,0,0,0,0,0,0,0,0,0,0,0,0,0,0,0,0,0,0,0,0,0,0,0,0,0,0,0,0,0,0,0,0,0,0,0,0,0,0,0,0,0,0,0,0,0,0,0,0,0,0,0,0,0,0,0,0
Kosovo,XKX,Europe,,,.,.,.,,,1845300,1.845299959,0,0,0,0,0,0,0,0,0,0,0,0,0,0,0,0,0,0,0,0,0,0,0,0,0,0,0,0,0,0,0,0,0,0,0,0,0,0,0,0,0,0,0,0,0,0,0,0,0,0,0,0,0,0,0,0,0,0,0,0,0,0,0,0,.5419173241,.5419173241,.5419173241,.5419173241,.5419173241,.5419173241,.5419173241,.5419173241,.5419173241,.5419173241,.5419173241,.5419173241,2.167669296,2.70958662,2.70958662,3.793421268,3.793421268,3.793421268,3.793421268,4.335338593,4.335338593,5.961090565,6.503007889,6.503007889,6.503007889
Vietnam,VNM,Asia,South-eastern Asia,,.,.,.,Asia,https://www.countryflags.io/vn/flat/64.png,95540395,95.54039764,0,0,0,0,0,0,0,0,0,0,0,0,0,0,0,0,0,0,0,0,0,0,0,0,0,0,0,0,0,0,0,0,0,0,0,0,0,0,0,0,0,0,0,0,0,0,0,0,0,0,0,0,0,0,0,0,0,0,0,0,0,0,0,0,0,0,0,0,0,0,0,0,0,0,0,0,0,0,0,0,0,0,0,0,0,0,0,0,0
Venezuela,VEN,Americas,Latin America and the Caribbean,South America,1,1,1,Americas,https://www.countryflags.io/ve/flat/64.png,28870195,28.87019539,0,0,0,0,0,0,0,0,0,0,0,0,0,0,0,0,0,0,0,0,0,0,0,0,0,0,0,0,0,0,0,0,0,0,0,0,0,0,0,0,0,0,0,0,0,0,0,0,0,0,0,0,0,0,0,0,0,0,0,0,0,0,0,0,0,.0346377976,.0692755952,.0692755952,.1039133966,.1039133966,.1039133966,.1731889844,.2424645871,.2424645871,.2424645871,.2424645871,.2424645871,.3117401898,.3117401898,.3117401898,.3117401898,.3117401898,.3117401898,.3117401898,.3117401898,.3117401898,.3117401898,.3117401898,.3117401898
Uzbekistan,UZB,Asia,Central Asia,,.,.,.,Asia,https://www.countryflags.io/uz/flat/64.png,32955400,32.95539856,0,0,0,0,0,0,0,0,0,0,0,0,0,0,0,0,0,0,0,0,0,0,0,0,0,0,0,0,0,0,0,0,0,0,0,0,0,0,0,0,0,0,0,0,0,0,0,0,0,0,0,0,0,0,0,0,0,0,0,0,0,0,0,0,0,.0303440429,.0606880859,.0606880859,.0606880859,.0606880859,.0606880859,.0606880859,.0606880859,.0606880859,.0606880859,.0606880859,.0606880859,.0910321251,.0910321251,.0910321251,.1213761717,.1213761717,.1213761717,.1213761717,.1213761717,.1213761717,.1213761717,.1517202109,.1517202109
United States,USA,Americas,Northern America,,.,.,.,Americas,https://www.countryflags.io/us/flat/64.png,326687501,326.6875,0,0,0,0,0,0,0,0,0,0,0,0,0,0,0,0,0,0,0,0,0,0,0,0,0,0,0,0,0,0,0,0,0,0,0,0,0,0,.0030610294,.0030610294,.0183661748,.0214272048,.0336713232,.0367323495,.0428544097,.0520374961,.0642816126,.0673426464,.0857088193,.1101970524,.1224411726,.1438683718,.165295586,.1928448379,.2601874769,.330591172,.3612014651,.612205863,.7468911409,.9397360086,1.276449203,1.704993248,2.161086559,2.883489609,3.700784445,4.839487076,6.201645374,7.551559448,9.115745544,11.85536671,14.56131649,18.13965988,21.69351387,25.73407364,29.4440403,33.00708008,39.16280746,44.98182678,50.64166641,56.89228821,62.63478088,67.40080261,72.01989746,79.06945038,86.70365143,100.7568359,112.5632324,118.3516388,124.4645081
Uruguay,URY,Americas,Latin America and the Caribbean,South America,1,1,1,Americas,https://www.countryflags.io/uy/flat/64.png,3449299,3.449299097,0,0,0,0,0,0,0,0,0,0,0,0,0,0,0,0,0,0,0,0,0,0,0,0,0,0,0,0,0,0,0,0,0,0,0,0,0,0,0,0,0,0,0,0,0,0,0,0,0,0,0,0,0,0,0,0,0,0,0,0,0,0,0,0,0,0,0,.2899139822,.2899139822,.2899139822,.5798279643,1.159655929,1.159655929,1.449569821,1.449569821,1.739483833,2.029397726,2.029397726,2.029397726,2.029397726,2.029397726,2.029397726,2.319311857,2.319311857,2.319311857,2.60922575,2.60922575,2.60922575,2.899139643
Ukraine,UKR,Europe,Eastern Europe,,.,.,.,Europe,https://www.countryflags.io/ua/flat/64.png,44622516,44.62251663,0,0,0,0,0,0,0,0,0,0,0,0,0,0,0,0,0,0,0,0,0,0,0,0,0,0,0,0,0,0,0,0,0,0,0,0,0,0,0,0,0,0,0,0,0,0,0,0,0,0,0,.0224102102,.0224102102,.0224102102,.0224102102,.0448204204,.0448204204,.0448204204,.0672306344,.0672306344,.0672306344,.0672306344,.0672306344,.1120510548,.1120510548,.1120510548,.2016918957,.2241021097,.2913327515,.3809735775,.4482042193,.4930246472,.605075717,.7171267271,.8291777968,.8515880108,1.008459449,1.165331006,1.277382016,1.546304584,1.635945439,1.86004746,2.084149599,2.196200609,2.420302868,2.599584341,2.801276445,2.980557919,3.15983963
Uganda,UGA,Africa,Sub-Saharan Africa,Eastern Africa,.,.,.,Africa,https://www.countryflags.io/ug/flat/64.png,42723139,42.72314072,0,0,0,0,0,0,0,0,0,0,0,0,0,0,0,0,0,0,0,0,0,0,0,0,0,0,0,0,0,0,0,0,0,0,0,0,0,0,0,0,0,0,0,0,0,0,0,0,0,0,0,0,0,0,0,0,0,0,0,0,0,0,0,0,0,0,0,0,0,0,0,0,0,0,0,0,0,0,0,0,0,0,0,0,0,0,0,0,0
Tanzania,TZA,Africa,Sub-Saharan Africa,Eastern Africa,.,.,.,Africa,https://www.countryflags.io/tz/flat/64.png,56318348,56.31834793,0,0,0,0,0,0,0,0,0,0,0,0,0,0,0,0,0,0,0,0,0,0,0,0,0,0,0,0,0,0,0,0,0,0,0,0,0,0,0,0,0,0,0,0,0,0,0,0,0,0,0,0,0,0,0,0,0,0,0,0,0,0,0,0,0,0,0,0,0,.0177562032,.0177562032,.0177562032,.0177562032,.0177562032,.0177562032,.0177562032,.0177562032,.0177562032,.0177562032,.0532686077,.0532686077,.0532686077,.0532686077,.0532686077,.0710248128,.0710248128,.0887810141,.0887810141,.1242934167
Turkey,TUR,Asia,Western Asia,,.,.,.,Asia,https://www.countryflags.io/tr/flat/64.png,82319724,82.31972504,0,0,0,0,0,0,0,0,0,0,0,0,0,0,0,0,0,0,0,0,0,0,0,0,0,0,0,0,0,0,0,0,0,0,0,0,0,0,0,0,0,0,0,0,0,0,0,0,0,0,0,0,0,0,0,.0121477572,.0121477572,.0364432707,.0485910289,.1093298122,.3644326925,.4494670033,.5345013142,.7167176604,.9110817313,1.117593646,1.311957717,1.591356158,2.040823221,2.599619865,3.364928722,4.32460165,5.162796497,6.086026192,6.972812176,7.883893967,8.807124138,9.863978386,11.03016281,12.22064304,13.37468052,14.55301285,15.74349308,17.04330254,18.44029427,19.95876503,21.48938179,22.95926094,24.5020256
Tunisia,TUN,Africa,Northern Africa,,.,.,.,Africa,https://www.countryflags.io/tn/flat/64.png,11565204,11.56520367,0,0,0,0,0,0,0,0,0,0,0,0,0,0,0,0,0,0,0,0,0,0,0,0,0,0,0,0,0,0,0,0,0,0,0,0,0,0,0,0,0,0,0,0,0,0,0,0,0,0,0,0,0,0,0,0,0,.0864662677,.0864662677,.0864662677,.259398818,.259398818,.3458650708,.4323313534,.518797636,.518797636,.6917301416,.6917301416,.6917301416,.8646627069,1.037595272,1.210527778,1.556392789,1.556392789,1.902257919,1.902257919,1.988724113,2.075190544,2.161656618,2.161656618,2.421055555,2.680454254,2.939853191,2.939853191,3.026319265,3.19925189,3.19925189,3.19925189,3.285718203
Trinidad and Tobago,TTO,Americas,Latin America and the Caribbean,Caribbean,1,3,1,Americas,https://www.countryflags.io/tt/flat/64.png,1389858,1.389858007,0,0,0,0,0,0,0,0,0,0,0,0,0,0,0,0,0,0,0,0,0,0,0,0,0,0,0,0,0,0,0,0,0,0,0,0,0,0,0,0,0,0,0,0,0,0,0,0,0,0,0,0,0,0,0,0,0,0,0,0,0,0,0,.7194979787,.7194979787,1.438995957,2.158493996,2.158493996,2.158493996,2.158493996,3.597489834,3.597489834,4.316987991,4.316987991,5.036485672,5.755983829,5.755983829,5.755983829,5.755983829,5.755983829,5.755983829,5.755983829,5.755983829,5.755983829,5.755983829,5.755983829,5.755983829,5.755983829,5.755983829
Timor-Leste,TLS,Asia,South-eastern Asia,,.,.,.,Asia,https://www.countryflags.io/tl/flat/64.png,1267972,1.267971992,0,0,0,0,0,0,0,0,0,0,0,0,0,0,0,0,0,0,0,0,0,0,0,0,0,0,0,0,0,0,0,0,0,0,0,0,0,0,0,0,0,0,0,0,0,0,0,0,0,0,0,0,0,0,0,0,0,0,0,0,0,0,0,0,0,0,0,0,0,0,0,0,0,0,0,0,0,0,0,0,0,0,0,0,0,0,0,0,0
Thailand,THA,Asia,South-eastern Asia,,.,.,.,Asia,https://www.countryflags.io/th/flat/64.png,69428524,69.4285202,0,0,0,0,0,0,0,0,0,0,0,0,0,0,0,0,0,0,0,0,0,0,0,0,0,0,0,0,0,0,0,0,0,0,0,0,0,0,0,.0144033032,.0144033032,.0144033032,.0144033032,.0144033032,.0144033032,.0144033032,.0144033032,.0144033032,.0144033032,.0144033032,.0144033032,.0144033032,.0144033032,.0144033032,.0144033032,.0144033032,.0144033032,.0144033032,.0144033032,.0144033032,.0144033032,.0144033032,.0576132126,.0576132126,.0576132126,.0720165148,.0864198133,.1008231193,.1296297312,.1440330297,.1728396267,.2160495371,.273662746,.2880660594,.3312759697,.3744858801,.3888891637,.4320990741,.4609057009,.4753089845,.5041155815,.5473254919,.5761321187,.5905354023,.6193420291,.6625519395,.6769552231,.6769552231,.6769552231
Togo,TGO,Africa,Sub-Saharan Africa,Western Africa,.,.,.,Africa,https://www.countryflags.io/tg/flat/64.png,7889094,7.889093876,0,0,0,0,0,0,0,0,0,0,0,0,0,0,0,0,0,0,0,0,0,0,0,0,0,0,0,0,0,0,0,0,0,0,0,0,0,0,0,0,0,0,0,0,0,0,0,0,0,0,0,0,0,0,0,0,0,0,0,0,0,0,0,0,0,.1267572641,.1267572641,.1267572641,.1267572641,.1267572641,.2535145283,.2535145283,.3802718222,.3802718222,.3802718222,.3802718222,.3802718222,.3802718222,.3802718222,.3802718222,.3802718222,.3802718222,.3802718222,.3802718222,.3802718222,.6337863207,.6337863207,.6337863207,.6337863207
Chad,TCD,Africa,Sub-Saharan Africa,Middle Africa,.,.,.,Africa,https://www.countryflags.io/td/flat/64.png,15477751,15.47775078,0,0,0,0,0,0,0,0,0,0,0,0,0,0,0,0,0,0,0,0,0,0,0,0,0,0,0,0,0,0,0,0,0,0,0,0,0,0,0,0,0,0,0,0,0,0,0,0,0,0,0,0,0,0,0,0,0,0,0,0,0,0,0,0,0,0,0,0,0,0,0,0,0,0,0,0,0,0,0,0,0,0,0,0,0,0,0,0,0
Syria,SYR,Asia,Western Asia,,.,.,.,Asia,https://www.countryflags.io/sy/flat/64.png,16906283,16.90628242,0,0,0,0,0,0,0,0,0,0,0,0,0,0,0,0,0,0,0,0,0,0,0,0,0,0,0,0,0,0,0,0,0,0,0,0,0,0,0,0,0,0,0,0,0,0,0,0,0,0,0,0,0,0,0,0,0,0,0,0,0,0,0,0,0,0,0,.059149608,.118299216,.118299216,.118299216,.118299216,.118299216,.118299216,.118299216,.118299216,.118299216,.118299216,.118299216,.118299216,.118299216,.118299216,.118299216,.118299216,.118299216,.118299216,.118299216,.118299216,.177448824
Eswatini,SWZ,Africa,Sub-Saharan Africa,Southern Africa,.,.,.,Africa,https://www.countryflags.io/sz/flat/64.png,1136191,1.13619101,0,0,0,0,0,0,0,0,0,0,0,0,0,0,0,0,0,0,0,0,0,0,0,0,0,0,0,0,0,0,0,0,0,0,0,0,0,0,0,0,0,0,0,0,0,0,0,0,0,0,0,0,0,0,0,0,0,0,0,0,0,0,0,0,0,0,0,0,0,0,0,0,0,0,0,0,0,0,0,0,0,0,0,0,0,.8801336884,.8801336884,.8801336884,.8801336884
Sweden,SWE,Europe,Northern Europe,,.,.,.,Europe,https://www.countryflags.io/se/flat/64.png,10175214,10.17521381,0,0,0,0,0,0,0,0,0,0,0,0,0,0,0,0,0,0,0,0,0,0,0,0,0,0,0,0,0,0,0,0,0,0,0,0,0,0,0,0,0,0,0,0,0,0,0,0,0,.0982780308,.0982780308,.0982780308,.1965560615,.2948341072,.5896682143,.68794626,.9827803373,1.081058383,1.572448492,1.965560675,2.06383872,2.456950903,3.538009167,6.093237877,7.567408562,10.31919384,10.31919384,10.81058407,14.34859276,17.69004631,23.4884491,30.26963425,35.18353653,36.65770721,39.40949249,46.87862015,58.08231735,67.51700592,77.93447876,85.50189209,87.17261505,88.3519516,90.31751251,101.5212097,118.2284775,131.0046234,137.5892487,148.4981079,151.348175
Slovenia,SVN,Europe,Southern Europe,,.,.,.,Europe,https://www.countryflags.io/si/flat/64.png,2073894,2.073894024,0,0,0,0,0,0,0,0,0,0,0,0,0,0,0,0,0,0,0,0,0,0,0,0,0,0,0,0,0,0,0,0,0,0,0,0,0,0,0,0,0,0,0,0,0,0,0,0,0,0,0,0,.4821847081,.4821847081,.4821847081,.4821847081,.4821847081,.4821847081,.4821847081,.4821847081,.9643694162,1.446554184,1.928738832,2.410923481,2.893108368,4.339662552,4.339662552,5.304031849,5.304031849,7.23277092,7.23277092,8.19713974,9.643693924,10.6080637,13.50117207,14.46554184,17.35865021,19.28738785,20.73394203,21.69831276,24.10923576,25.55578995,26.52015877,27.00234413,29.41326714,29.41326714,31.82419205,33.75292969,35.68166733
Slovakia,SVK,Europe,Eastern Europe,,.,.,.,Europe,https://www.countryflags.io/sk/flat/64.png,5446771,5.446771145,0,0,0,0,0,0,0,0,0,0,0,0,0,0,0,0,0,0,0,0,0,0,0,0,0,0,0,0,0,0,0,0,0,0,0,0,0,0,0,0,0,0,0,0,0,0,0,0,0,0,0,0,0,0,0,0,.1835950166,.1835950166,.1835950166,.1835950166,0,0,0,0,0,0,0,0,0,0,.1835950166,.1835950166,.1835950166,.1835950166,.1835950166,.3671900332,.3671900332,.3671900332,.3671900332,.3671900332,.3671900332,.3671900332,.3671900332,.3671900332,1.10157001,1.468760133,1.652355075,2.019545078,2.20314002
Suriname,SUR,Americas,Latin America and the Caribbean,South America,1,1,1,Americas,https://www.countryflags.io/sr/flat/64.png,575991,.5759909749,0,0,0,0,0,0,0,0,0,0,0,0,0,0,0,0,0,0,0,0,0,0,0,0,0,0,0,0,0,0,0,0,0,0,0,0,0,0,0,0,0,0,0,0,0,0,0,0,0,0,0,0,0,0,0,0,0,0,0,0,0,0,0,0,0,0,0,0,0,0,0,0,1.736138344,1.736138344,1.736138344,1.736138344,1.736138344,1.736138344,1.736138344,1.736138344,1.736138344,1.736138344,1.736138344,1.736138344,1.736138344,1.736138344,1.736138344,1.736138344,1.736138344
South Sudan,SSD,Africa,Sub-Saharan Africa,Eastern Africa,.,.,.,Africa,https://www.countryflags.io/ss/flat/64.png,10975920,10.97591972,0,0,0,0,0,0,0,0,0,0,0,0,0,0,0,0,0,0,0,0,0,0,0,0,0,0,0,0,0,0,0,0,0,0,0,0,0,0,0,0,0,0,0,0,0,0,0,0,0,0,0,0,0,0,0,0,0,0,0,0,0,0,0,0,0,0,0,0,0,0,0,0,0,0,0,0,0,0,0,0,0,0,0,0,0,0,0,0,0
Serbia,SRB,Europe,Southern Europe,,.,.,.,Europe,https://www.countryflags.io/rs/flat/64.png,6982604,6.982604027,0,0,0,0,0,0,0,0,0,0,0,0,0,0,0,0,0,0,0,0,0,0,0,0,0,0,0,0,0,0,0,0,0,0,0,0,0,0,0,0,0,0,0,0,0,0,0,0,0,0,0,0,0,0,0,0,0,0,.1432130486,.1432130486,.2864260972,.4296391308,.4296391308,.5728521943,.1432130486,.1432130486,1.432130456,1.861769557,2.291408777,2.291408777,4.00996542,4.439604282,5.585309029,6.301373959,7.303865433,8.30635643,8.735996246,9.308848381,9.452060699,10.16812611,10.59776592,11.45704365,12.17310905,13.4620266,14.178092,14.75094414,15.75343513,16.75592613,17.47199249
Somalia,SOM,Africa,Sub-Saharan Africa,Eastern Africa,.,.,.,Africa,https://www.countryflags.io/so/flat/64.png,15008154,15.00815392,0,0,0,0,0,0,0,0,0,0,0,0,0,0,0,0,0,0,0,0,0,0,0,0,0,0,0,0,0,0,0,0,0,0,0,0,0,0,0,0,0,0,0,0,0,0,0,0,0,0,0,0,0,0,0,0,0,0,0,0,0,0,0,0,0,0,0,0,0,0,0,0,0,0,0,0,0,.0666304454,.0666304454,.0666304454,.0666304454,.0666304454,.1332608908,.1332608908,.3331522346,.3331522346,.3997826874,.4664131403,.4664131403
El Salvador,SLV,Americas,Latin America and the Caribbean,Central America,1,2,1,Americas,https://www.countryflags.io/sv/flat/64.png,6420744,6.420743942,0,0,0,0,0,0,0,0,0,0,0,0,0,0,0,0,0,0,0,0,0,0,0,0,0,0,0,0,0,0,0,0,0,0,0,0,0,0,0,0,0,0,0,0,0,0,0,0,0,0,0,0,0,0,0,0,0,0,0,0,0,0,0,0,0,0,0,0,0,.1557451934,.1557451934,.3114903867,.3114903867,.4672355652,.4672355652,.6229807734,.6229807734,.7787259817,.9344711304,.9344711304,.9344711304,.9344711304,.9344711304,.9344711304,.9344711304,.9344711304,1.090216398,1.090216398,1.090216398
Sierra Leone,SLE,Africa,Sub-Saharan Africa,Western Africa,.,.,.,Africa,https://www.countryflags.io/sl/flat/64.png,7650154,7.650154114,0,0,0,0,0,0,0,0,0,0,0,0,0,0,0,0,0,0,0,0,0,0,0,0,0,0,0,0,0,0,0,0,0,0,0,0,0,0,0,0,0,0,0,0,0,0,0,0,0,0,0,0,0,0,0,0,0,0,0,0,0,0,0,0,0,0,0,0,0,0,0,0,0,0,0,0,0,0,0,0,0,0,0,0,0,0,0,0,0
Singapore,SGP,Asia,South-eastern Asia,,.,.,.,Asia,https://www.countryflags.io/sg/flat/64.png,5638676,5.638676167,0,0,0,0,0,0,0,0,0,0,0,0,0,0,0,0,0,0,0,0,0,0,0,0,0,0,0,0,0,0,0,0,0,0,0,0,0,0,0,0,0,0,0,0,0,0,0,0,0,0,0,0,0,0,0,0,0,0,0,.3546931744,.3546931744,.3546931744,.3546931744,.3546931744,.3546931744,.3546931744,.3546931744,.5320397615,.5320397615,.5320397615,.5320397615,.7093863487,.8867329359,1.064079523,1.064079523,1.064079523,1.064079523,1.064079523,1.064079523,1.24142611,1.418772697,1.418772697,1.596119285,1.773465872,1.773465872,1.773465872,1.950812459,1.950812459,1.950812459
Senegal,SEN,Africa,Sub-Saharan Africa,Western Africa,.,.,.,Africa,https://www.countryflags.io/sn/flat/64.png,15854360,15.85435963,0,0,0,0,0,0,0,0,0,0,0,0,0,0,0,0,0,0,0,0,0,0,0,0,0,0,0,0,0,0,0,0,0,0,0,0,0,0,0,0,0,0,0,0,0,0,0,0,0,0,0,0,0,0,0,0,0,0,0,0,0,0,0,0,0,0,0,0,0,0,.0630741343,.0630741343,.0630741343,.1261482686,.1261482686,.1261482686,.1261482686,.1261482686,.1261482686,.1261482686,.1261482686,.1261482686,.1261482686,.1261482686,.1261482686,.1261482686,.1261482686,.1892223954,.1892223954
Sudan,SDN,Africa,Northern Africa,,.,.,.,Africa,https://www.countryflags.io/sd/flat/64.png,41801533,41.80153275,0,0,0,0,0,0,0,0,0,0,0,0,0,0,0,0,0,0,0,0,0,0,0,0,0,0,0,0,0,0,0,0,0,0,0,0,0,0,0,0,0,0,0,0,0,0,0,0,0,0,0,.0239225682,.0239225682,.0239225682,.0239225682,.0239225682,.0239225682,.0239225682,.0239225682,.0239225682,.0239225682,.0239225682,.0239225682,.0239225682,.0239225682,.0239225682,.0239225682,.0239225682,.0478451364,.0478451364,.0478451364,.0478451364,.0478451364,.0478451364,.0478451364,.0478451364,.0478451364,.0478451364,.0478451364,.0478451364,.0478451364,.0478451364,.0956902727,.1196128353,.1196128353,.1196128353,.1435354054,.2392256707,.2392256707
Saudi Arabia,SAU,Asia,Western Asia,,.,.,.,Asia,https://www.countryflags.io/sa/flat/64.png,33699947,33.69994736,0,0,0,0,0,0,0,0,0,0,0,0,0,0,0,0,0,0,0,0,0,0,0,0,0,0,0,0,0,0,0,0,0,0,0,0,0,0,0,0,0,0,0,0,0,0,0,0,0,0,0,0,0,0,0,0,0,0,0,0,0,0,.029673636,.0593472719,.0890209079,.0890209079,.1186945438,.2373890877,.2373890877,.2967363596,.4747781754,.6231463552,.741840899,.8605354428,1.008903623,1.127598166,1.216619134,1.216619134,1.305639982,1.39466095,1.54302907,1.750744581,1.928786397,2.166175604,2.3442173,2.462911844,2.581606388,2.729974508,2.878342867
Rwanda,RWA,Africa,Sub-Saharan Africa,Eastern Africa,.,.,.,Africa,https://www.countryflags.io/rw/flat/64.png,12301939,12.30193901,0,0,0,0,0,0,0,0,0,0,0,0,0,0,0,0,0,0,0,0,0,0,0,0,0,0,0,0,0,0,0,0,0,0,0,0,0,0,0,0,0,0,0,0,0,0,0,0,0,0,0,0,0,0,0,0,0,0,0,0,0,0,0,0,0,0,0,0,0,0,0,0,0,0,0,0,0,0,0,0,0,0,0,0,0,0,0,0,0
Russia,RUS,Europe,Eastern Europe,,.,.,.,Europe,https://www.countryflags.io/ru/flat/64.png,144478050,144.4780426,0,0,0,0,0,0,0,0,0,0,0,0,0,0,0,0,0,0,0,0,0,0,0,0,0,0,0,0,0,0,0,0,0,0,0,0,0,0,0,0,0,0,0,0,0,0,0,0,0,0,0,0,0,0,0,0,0,.0069214669,.0069214669,.0069214669,.0069214669,.0069214669,.0069214669,.0207644012,.0207644012,.0276858676,.0276858676,.0553717352,.0622932017,.1176649407,.1661152095,.2076440156,.2353298813,.2976230681,.3114660084,.3253089488,.4014450908,.4360524118,.5260314941,.6506178975,.7336754799,.8997907043,1.024377108,1.176649332,1.370450497,1.605780363,1.889560461,2.166419268,2.498649597
Romania,ROU,Europe,Eastern Europe,,.,.,.,Europe,https://www.countryflags.io/ro/flat/64.png,19466145,19.46614456,0,0,0,0,0,0,0,0,0,0,0,0,0,0,0,0,0,0,0,0,0,0,0,0,0,0,0,0,0,0,0,0,0,0,0,0,0,0,0,0,0,0,0,0,0,0,0,0,0,0,0,0,0,0,0,0,0,0,0,0,.1541137248,.3595986962,.5650836229,.8733111024,1.181538582,1.335652232,1.900735855,2.208963394,3.33913064,4.212441921,4.726154327,5.907692909,6.83237505,7.500201225,7.75705719,9.041337967,10.12013435,11.30167294,12.74006748,13.87023544,14.94903088,16.23331261,17.00388145,18.03130531,19.1101017,20.13752556,21.1135807,21.62729263,23.16843033
Qatar,QAT,Asia,Western Asia,,.,.,.,Asia,https://www.countryflags.io/qa/flat/64.png,2781677,2.781677008,0,0,0,0,0,0,0,0,0,0,0,0,0,0,0,0,0,0,0,0,0,0,0,0,0,0,0,0,0,0,0,0,0,0,0,0,0,0,0,0,0,0,0,0,0,0,0,0,0,0,0,0,0,0,0,0,0,0,0,0,0,0,0,0,0,0,.3594953716,.3594953716,.3594953716,.7189907432,.7189907432,1.078486085,1.078486085,1.078486085,1.437981486,1.437981486,2.15697217,2.15697217,2.15697217,2.15697217,2.15697217,2.516467571,2.516467571,2.516467571,2.516467571,2.516467571,2.516467571,2.875962973,2.875962973
French Polynesia,PYF,Oceania,Polynesia,,.,.,.,Oceania,https://www.countryflags.io/pf/flat/64.png,277679,.2776789963,0,0,0,0,0,0,0,0,0,0,0,0,0,0,0,0,0,0,0,0,0,0,0,0,0,0,0,0,0,0,0,0,0,0,0,0,0,0,0,0,0,0,0,0,0,0,0,0,0,0,0,0,0,0,0,0,0,0,0,0,0,0,0,0,0,0,0,0,0,0,0,0,0,0,0,0,0,0,0,0,0,0,0,0,0,0,0,0,0
West Bank and Gaza,PSE,Asia,,,.,.,.,Asia,https://www.countryflags.io/ps/flat/64.png,4569087,4.569087029,0,0,0,0,0,0,0,0,0,0,0,0,0,0,0,0,0,0,0,0,0,0,0,0,0,0,0,0,0,0,0,0,0,0,0,0,0,0,0,0,0,0,0,0,0,0,0,0,0,0,0,0,0,0,0,0,0,0,0,0,0,0,0,0,.2188621014,.2188621014,.2188621014,.2188621014,.2188621014,.2188621014,.2188621014,.2188621014,.2188621014,.2188621014,.2188621014,.2188621014,.2188621014,.2188621014,.2188621014,.4377242029,.4377242029,.4377242029,.4377242029,.4377242029,.4377242029,.4377242029,.4377242029,.4377242029,.6565862894
Paraguay,PRY,Americas,Latin America and the Caribbean,South America,1,1,1,Americas,https://www.countryflags.io/py/flat/64.png,6956071,6.9560709,0,0,0,0,0,0,0,0,0,0,0,0,0,0,0,0,0,0,0,0,0,0,0,0,0,0,0,0,0,0,0,0,0,0,0,0,0,0,0,0,0,0,0,0,0,0,0,0,0,0,0,0,0,0,0,0,0,0,0,.1437593102,.1437593102,.1437593102,.2875186205,.4312779605,.4312779605,.4312779605,.4312779605,.4312779605,.4312779605,.4312779605,.4312779605,.4312779605,.4312779605,.4312779605,.4312779605,.7187966108,.7187966108,.7187966108,.7187966108,.8625559211,.8625559211,.8625559211,.8625559211,1.006315231,1.150074482,1.150074482,1.150074482,1.150074482,1.150074482
Portugal,PRT,Europe,Southern Europe,,.,.,.,Europe,https://www.countryflags.io/pt/flat/64.png,10283822,10.28382206,0,0,0,0,0,0,0,0,0,0,0,0,0,0,0,0,0,0,0,0,0,0,0,0,0,0,0,0,0,0,0,0,0,0,0,0,0,0,0,0,0,0,0,0,0,0,0,0,0,0,0,0,0,0,0,.0972401127,.1944802254,.2917203307,.5834406614,1.166881323,1.361361504,2.236522675,3.208923578,4.181324959,5.834406853,7.390248299,9.724011421,11.57157326,13.61361599,15.55841732,18.18390083,20.32318306,23.92106819,25.86586952,28.68583298,30.24167442,33.54784012,36.95124054,39.7712059,42.29944992,45.70285034,49.00901413,52.02346039,55.13514328,58.24682617,61.16402817,63.88675308,66.80395508,69.42943573
Poland,POL,Europe,Eastern Europe,,.,.,.,Europe,https://www.countryflags.io/pl/flat/64.png,37974750,37.97475052,0,0,0,0,0,0,0,0,0,0,0,0,0,0,0,0,0,0,0,0,0,0,0,0,0,0,0,0,0,0,0,0,0,0,0,0,0,0,0,0,0,0,0,0,0,0,0,0,0,0,.0263332874,.0526665747,.0789998621,.0789998621,.1053331494,.1316664368,.1316664368,.1316664368,.1316664368,.1316664368,.1843330115,.2106662989,.2633328736,.368666023,.4213325977,.4213325977,.4739991724,.5793322921,.816331923,.8689984679,1.132331371,1.500997305,1.869663358,2.080329657,2.475328922,2.817661762,3.396994114,4.186992645,4.581992149,4.766324997,5.477323532,6.109322548,6.451655388,6.925654411,7.531320095,8.268651962,8.742650986,9.13765049,9.47998333
Papua New Guinea,PNG,Oceania,Melanesia,,.,.,.,Oceania,https://www.countryflags.io/pg/flat/64.png,8606316,8.606315613,0,0,0,0,0,0,0,0,0,0,0,0,0,0,0,0,0,0,0,0,0,0,0,0,0,0,0,0,0,0,0,0,0,0,0,0,0,0,0,0,0,0,0,0,0,0,0,0,0,0,0,0,0,0,0,0,0,0,0,0,0,0,0,0,0,0,0,0,0,0,0,0,0,0,0,0,0,0,0,0,0,0,0,0,0,0,0,0,0
Philippines,PHL,Asia,South-eastern Asia,,.,.,.,Asia,https://www.countryflags.io/ph/flat/64.png,106651922,106.6519241,0,0,0,0,0,0,0,0,0,0,0,.0093762958,.0093762958,.0093762958,.0093762958,.0093762958,.0093762958,.0093762958,.0093762958,.0093762958,.0093762958,.0093762958,.0093762958,.0093762958,.0093762958,.0093762958,.0093762958,.0093762958,.0093762958,.0093762958,.0093762958,.0093762958,.0093762958,.0093762958,.0093762958,.0093762958,.0093762958,.0093762958,.0093762958,.0093762958,.0093762958,.0093762958,.0093762958,.0093762958,.0093762958,.0093762958,.0093762958,.0093762958,.0093762958,.0093762958,.0187525917,.0468814783,.0750103667,.1031392515,.1125155538,.1125155538,.1781496257,.1593970358,.1687733233,.1781496257,.2344073951,.3094177544,.3281703591,.3562992513,.4219333231,.5063199997,.6375881433,.6657170057,.7313510776,.8251140118,.9001244307,1.003263712,1.275176287,1.350186586,1.425197005,1.528336287,1.65960443,1.706485868,1.903388023,2.072161436,2.315945148,2.784759998,2.953533173,3.14105916,3.272327185,3.39421916,3.628626585,3.72238946,3.834904909
Peru,PER,Americas,Latin America and the Caribbean,South America,1,1,1,Americas,https://www.countryflags.io/pe/flat/64.png,31989256,31.98925591,0,0,0,0,0,0,0,0,0,0,0,0,0,0,0,0,0,0,0,0,0,0,0,0,0,0,0,0,0,0,0,0,0,0,0,0,0,0,0,0,0,0,0,0,0,0,0,0,0,0,0,0,0,0,0,0,0,0,.0937814862,.1563024819,.1563024819,.1563024819,.2188234776,.2813444734,.2813444734,.3438654542,.5001679063,.5626889467,.7502518892,.9378148913,1.187898874,1.719327211,1.906890273,2.282016277,2.594621181,2.875965595,3.344872952,3.782520056,4.313948631,5.283023834,5.658149719,6.033275604,6.752266884,7.189914227,7.940165997,8.565376282,9.378149033,10.87865257,12.50419807
Panama,PAN,Americas,Latin America and the Caribbean,Central America,1,2,1,Americas,https://www.countryflags.io/pa/flat/64.png,4176873,4.176873207,0,0,0,0,0,0,0,0,0,0,0,0,0,0,0,0,0,0,0,0,0,0,0,0,0,0,0,0,0,0,0,0,0,0,0,0,0,0,0,0,0,0,0,0,0,0,0,0,0,.2394135445,.2394135445,.2394135445,.2394135445,.2394135445,.2394135445,.2394135445,.2394135445,.2394135445,.2394135445,.2394135445,.7182406187,1.436481237,1.436481237,1.915308356,1.915308356,2.154721975,3.351789474,4.070030212,5.74592495,7.182406425,7.182406425,7.661233425,8.858301163,9.815955162,11.01302242,12.92833138,13.16774464,14.12539864,15.08305264,15.80129337,17.71660233,18.91366959,20.82897758,22.50487328,22.74428558,24.65959549,26.09607506,27.77197075,28.7296257
Pakistan,PAK,Asia,Southern Asia,,.,.,.,Asia,https://www.countryflags.io/pk/flat/64.png,212215030,212.2150269,0,0,0,0,0,0,0,0,0,0,0,0,0,0,0,0,0,0,0,0,0,0,0,0,0,0,0,0,0,0,0,0,0,0,0,0,0,0,0,0,0,0,0,0,0,0,0,0,0,0,0,0,0,0,0,0,0,.0094244033,.014136605,.014136605,.0235610083,.0282732099,.0329854116,.0376976132,.0424098149,.0518342182,.0565464199,.0659708232,.0989562348,.122517243,.1272294372,.1602148563,.1884880662,.1932002604,.2214734703,.2497466803,.2685954869,.2874442935,.3062931001,.3110052943,.4052493274,.428810358,.4382347465,.4523713589,.5230543613,.6031618118,.6361472011,.6738448143,.791649878
Oman,OMN,Asia,Western Asia,,.,.,.,Asia,https://www.countryflags.io/om/flat/64.png,4829483,4.829483032,0,0,0,0,0,0,0,0,0,0,0,0,0,0,0,0,0,0,0,0,0,0,0,0,0,0,0,0,0,0,0,0,0,0,0,0,0,0,0,0,0,0,0,0,0,0,0,0,0,0,0,0,0,0,0,0,0,0,0,0,0,0,0,0,0,0,0,0,0,.2070614994,.2070614994,.2070614994,.2070614994,.4141229987,.4141229987,.4141229987,.4141229987,.4141229987,.6211845279,.6211845279,.6211845279,.8282459974,.8282459974,.8282459974,.8282459974,.8282459974,1.242369056,1.242369056,1.449430466
New Zealand,NZL,Oceania,Australia and New Zealand,,.,.,.,Oceania,https://www.countryflags.io/nz/flat/64.png,4841000,4.84100008,0,0,0,0,0,0,0,0,0,0,0,0,0,0,0,0,0,0,0,0,0,0,0,0,0,0,0,0,0,0,0,0,0,0,0,0,0,0,0,0,0,0,0,0,0,0,0,0,0,0,0,0,0,0,0,0,0,0,0,0,0,0,0,0,0,0,0,.2065688819,.2065688819,.2065688819,.2065688819,.2065688819,.2065688819,.2065688819,.2065688819,.2065688819,.2065688819,.2065688819,.2065688819,.4131377637,.8262755275,.8262755275,1.032844424,1.859120011,1.859120011,1.859120011,2.272257805,2.272257805,2.478826761
Nepal,NPL,Asia,Southern Asia,,.,.,.,Asia,https://www.countryflags.io/np/flat/64.png,28087871,28.08787155,0,0,0,0,0,0,0,0,0,0,0,0,0,0,0,0,0,0,0,0,0,0,0,0,0,0,0,0,0,0,0,0,0,0,0,0,0,0,0,0,0,0,0,0,0,0,0,0,0,0,0,0,0,0,0,0,0,0,0,0,0,0,0,0,0,0,0,0,0,0,0,0,0,0,0,0,0,0,0,0,0,0,0,0,0,0,0,0,0
Norway,NOR,Europe,Northern Europe,,.,.,.,Europe,https://www.countryflags.io/no/flat/64.png,5311916,5.311915874,0,0,0,0,0,0,0,0,0,0,0,0,0,0,0,0,0,0,0,0,0,0,0,0,0,0,0,0,0,0,0,0,0,0,0,0,0,0,0,0,0,0,0,0,0,0,0,0,0,0,0,0,.5647679567,.5647679567,.5647679567,.5647679567,1.129535913,1.317791939,1.317791939,1.317791939,1.317791939,1.882559896,2.259071827,2.635583878,2.635583878,3.576863766,4.329887867,4.706399918,6.024191856,7.341983795,8.28326416,9.412799835,11.10710335,11.67187119,13.36617565,14.30745506,16.75478363,19.01385498,20.33164787,21.27292633,22.40246391,24.09676743,25.2263031,26.16758347,28.23839951,28.61491013,30.30921555,30.87398338,31.06223869
Netherlands,NLD,Europe,Western Europe,,.,.,.,Europe,https://www.countryflags.io/nl/flat/64.png,17231624,17.2316246,0,0,0,0,0,0,0,0,0,0,0,0,0,0,0,0,0,0,0,0,0,0,0,0,0,0,0,0,0,0,0,0,0,0,0,0,0,0,0,0,0,0,0,0,.058032833,.058032833,.1740985066,.1740985066,.2321313322,.2901641726,.2901641726,.5803283453,.6963940263,1.160656691,1.392788053,2.495411873,3.365904331,4.410495281,6.151480198,7.892465115,10.38787746,12.36099339,16.01706123,20.65968895,25.18624878,31.68592644,37.08298111,44.74331284,50.14036942,60.29611206,68.0725174,77.70596313,86.29482269,95.81221008,102.4859848,108.3472977,121.9269867,130.4578094,139.0466614,145.7204437,153.3807831,158.8358612,163.8266907,170.9066925,181.8748932,192.3788452,200.7355652,208.9762268,213.7929535
Nicaragua,NIC,Americas,Latin America and the Caribbean,Central America,1,2,1,Americas,https://www.countryflags.io/ni/flat/64.png,6465513,6.465513229,0,0,0,0,0,0,0,0,0,0,0,0,0,0,0,0,0,0,0,0,0,0,0,0,0,0,0,0,0,0,0,0,0,0,0,0,0,0,0,0,0,0,0,0,0,0,0,0,0,0,0,0,0,0,0,0,0,0,0,0,0,0,0,0,0,.1546667665,.1546667665,.1546667665,.1546667665,.1546667665,.1546667665,.1546667665,.1546667665,.1546667665,.1546667665,.1546667665,.1546667665,.1546667665,.1546667665,.1546667665,.1546667665,.1546667665,.1546667665,.1546667665,.1546667665,.1546667665,.1546667665,.309333533,.309333533
Nigeria,NGA,Africa,Sub-Saharan Africa,Western Africa,.,.,.,Africa,https://www.countryflags.io/ng/flat/64.png,195874740,195.8747406,0,0,0,0,0,0,0,0,0,0,0,0,0,0,0,0,0,0,0,0,0,0,0,0,0,0,0,0,0,0,0,0,0,0,0,0,0,0,0,0,0,0,0,0,0,0,0,0,0,0,0,0,0,0,0,0,0,0,0,0,0,.0051053036,.0051053036,.0051053036,.0051053036,.0051053036,.0051053036,.0051053036,.0102106072,.0102106072,.0102106072,.0102106072,.0204212144,.0204212144,.025526518,.025526518,.0306318216,.0306318216,.0357371233,.0357371233,.051053036,.051053036,.051053036,.0561583377,.0612636432,.0663689449,.0867901593,.0970007703,.1072113737
Niger,NER,Africa,Sub-Saharan Africa,Western Africa,.,.,.,Africa,https://www.countryflags.io/ne/flat/64.png,22442948,22.44294739,0,0,0,0,0,0,0,0,0,0,0,0,0,0,0,0,0,0,0,0,0,0,0,0,0,0,0,0,0,0,0,0,0,0,0,0,0,0,0,0,0,0,0,0,0,0,0,0,0,0,0,0,0,0,0,0,0,0,0,0,0,0,0,.0445574261,.0445574261,.0445574261,.0445574261,.0445574261,.1336722821,.1336722821,.2227871418,.2227871418,.2227871418,.356459409,.4455742836,.4455742836,.490131706,.490131706,.490131706,.490131706,.490131706,.5346891284,.5346891284,.6238039732,.6238039732,.6238039732,.8020337224,.846591115,.8911485672
New Caledonia,NCL,Oceania,Melanesia,,.,.,.,Oceania,https://www.countryflags.io/nc/flat/64.png,284060,.2840600014,0,0,0,0,0,0,0,0,0,0,0,0,0,0,0,0,0,0,0,0,0,0,0,0,0,0,0,0,0,0,0,0,0,0,0,0,0,0,0,0,0,0,0,0,0,0,0,0,0,0,0,0,0,0,0,0,0,0,0,0,0,0,0,0,0,0,0,0,0,0,0,0,0,0,0,0,0,0,0,0,0,0,0,0,0,0,0,0,0
Namibia,NAM,Africa,Sub-Saharan Africa,Southern Africa,.,.,.,Africa,https://www.countryflags.io/na/flat/64.png,2448255,2.448255062,0,0,0,0,0,0,0,0,0,0,0,0,0,0,0,0,0,0,0,0,0,0,0,0,0,0,0,0,0,0,0,0,0,0,0,0,0,0,0,0,0,0,0,0,0,0,0,0,0,0,0,0,0,0,0,0,0,0,0,0,0,0,0,0,0,0,0,0,0,0,0,0,0,0,0,0,0,0,0,0,0,0,0,0,0,0,0,0,0
Malaysia,MYS,Asia,South-eastern Asia,,.,.,.,Asia,https://www.countryflags.io/my/flat/64.png,31528585,31.52858543,0,0,0,0,0,0,0,0,0,0,0,0,0,0,0,0,0,0,0,0,0,0,0,0,0,0,0,0,0,0,0,0,0,0,0,0,0,0,0,0,0,0,0,0,0,0,0,0,0,0,0,0,0,0,0,.0634344965,.0634344965,.0634344965,.0951517448,.126868993,.3171724975,.4440414906,.5074759722,.634344995,.7294967175,.8246484995,.8563657403,1.110103726,1.173538208,1.363841772,1.427276254,1.585862517,1.68101418,1.807883143,1.934752226,1.966469407,1.998186707,2.061621189,2.12505579,2.220207453,2.315359116,2.410511017,2.442228079,2.600814342,2.632531643,2.664248943,2.727683544,2.791117907,2.822835207
Malawi,MWI,Africa,Sub-Saharan Africa,Eastern Africa,.,.,.,Africa,https://www.countryflags.io/mw/flat/64.png,18143315,18.14331436,0,0,0,0,0,0,0,0,0,0,0,0,0,0,0,0,0,0,0,0,0,0,0,0,0,0,0,0,0,0,0,0,0,0,0,0,0,0,0,0,0,0,0,0,0,0,0,0,0,0,0,0,0,0,0,0,0,0,0,0,0,0,0,0,0,0,0,0,0,0,0,0,0,0,0,0,.0551167205,.0551167205,.0551167205,.0551167205,.110233441,.110233441,.110233441,.110233441,.110233441,.110233441,.110233441,.110233441,.110233441
Mauritius,MUS,Africa,Sub-Saharan Africa,Eastern Africa,.,.,.,Africa,https://www.countryflags.io/mu/flat/64.png,1265303,1.265303016,0,0,0,0,0,0,0,0,0,0,0,0,0,0,0,0,0,0,0,0,0,0,0,0,0,0,0,0,0,0,0,0,0,0,0,0,0,0,0,0,0,0,0,0,0,0,0,0,0,0,0,0,0,0,0,0,0,0,0,.7903245091,1.580649018,1.580649018,1.580649018,1.580649018,1.580649018,1.580649018,1.580649018,2.370973587,2.370973587,3.951622725,4.741947174,5.532271862,5.532271862,5.532271862,5.532271862,5.532271862,5.532271862,5.532271862,5.532271862,7.112920761,7.112920761,7.112920761,7.112920761,7.112920761,7.112920761,7.112920761,7.112920761,7.112920761,7.112920761
Mauritania,MRT,Africa,Sub-Saharan Africa,Western Africa,.,.,.,Africa,https://www.countryflags.io/mr/flat/64.png,4403319,4.403318882,0,0,0,0,0,0,0,0,0,0,0,0,0,0,0,0,0,0,0,0,0,0,0,0,0,0,0,0,0,0,0,0,0,0,0,0,0,0,0,0,0,0,0,0,0,0,0,0,0,0,0,0,0,0,0,0,0,0,0,0,0,0,0,0,0,0,0,0,.2271014303,.2271014303,.2271014303,.2271014303,.2271014303,.2271014303,.2271014303,.2271014303,.2271014303,.2271014303,.2271014303,.2271014303,.2271014303,.2271014303,.2271014303,.2271014303,.2271014303,.2271014303,.2271014303,.2271014303,.2271014303
Mozambique,MOZ,Africa,Sub-Saharan Africa,Eastern Africa,.,.,.,Africa,https://www.countryflags.io/mz/flat/64.png,29495962,29.49596214,0,0,0,0,0,0,0,0,0,0,0,0,0,0,0,0,0,0,0,0,0,0,0,0,0,0,0,0,0,0,0,0,0,0,0,0,0,0,0,0,0,0,0,0,0,0,0,0,0,0,0,0,0,0,0,0,0,0,0,0,0,0,0,0,0,0,0,0,0,0,0,0,0,0,0,0,0,0,0,0,0,0,0,0,0,0,0,0,0
Mongolia,MNG,Asia,Eastern Asia,,.,.,.,Asia,https://www.countryflags.io/mn/flat/64.png,3170208,3.170207977,0,0,0,0,0,0,0,0,0,0,0,0,0,0,0,0,0,0,0,0,0,0,0,0,0,0,0,0,0,0,0,0,0,0,0,0,0,0,0,0,0,0,0,0,0,0,0,0,0,0,0,0,0,0,0,0,0,0,0,0,0,0,0,0,0,0,0,0,0,0,0,0,0,0,0,0,0,0,0,0,0,0,0,0,0,0,0,0,0
Montenegro,MNE,Europe,Southern Europe,,.,.,.,Europe,https://www.countryflags.io/me/flat/64.png,622227,.6222270131,0,0,0,0,0,0,0,0,0,0,0,0,0,0,0,0,0,0,0,0,0,0,0,0,0,0,0,0,0,0,0,0,0,0,0,0,0,0,0,0,0,0,0,0,0,0,0,0,0,0,0,0,0,0,0,0,0,0,0,0,0,1.607130527,1.607130527,1.607130527,1.607130527,1.607130527,1.607130527,1.607130527,1.607130527,3.214261055,3.214261055,3.214261055,3.214261055,3.214261055,3.214261055,3.214261055,3.214261055,3.214261055,3.214261055,3.214261055,3.214261055,4.821391582,4.821391582,6.42852211,6.42852211,6.42852211,8.035652161,8.035652161,8.035652161
Myanmar,MMR,Asia,South-eastern Asia,,.,.,.,Asia,https://www.countryflags.io/mm/flat/64.png,53708395,53.7083931,0,0,0,0,0,0,0,0,0,0,0,0,0,0,0,0,0,0,0,0,0,0,0,0,0,0,0,0,0,0,0,0,0,0,0,0,0,0,0,0,0,0,0,0,0,0,0,0,0,0,0,0,0,0,0,0,0,0,0,0,0,0,0,0,0,0,0,0,0,.0186190642,.0186190642,.0186190642,.0186190642,.0186190642,.0186190642,.0186190642,.0186190642,.0558571927,.0558571927,.0558571927,.0558571927,.074476257,.074476257,.074476257,.074476257,.074476257,.074476257,.0930953175,.0930953175
Malta,MLT,Europe,Southern Europe,,.,.,.,Europe,https://www.countryflags.io/mt/flat/64.png,484630,.4846299887,0,0,0,0,0,0,0,0,0,0,0,0,0,0,0,0,0,0,0,0,0,0,0,0,0,0,0,0,0,0,0,0,0,0,0,0,0,0,0,0,0,0,0,0,0,0,0,0,0,0,0,0,0,0,0,0,0,0,0,0,0,0,0,0,0,0,0,0,0,0,0,0,0,0,0,0,0,2.063429832,4.126859665,4.126859665,6.190289497,6.190289497,6.190289497,6.190289497,6.190289497,6.190289497,6.190289497,6.190289497,6.190289497
Mali,MLI,Africa,Sub-Saharan Africa,Western Africa,.,.,.,Africa,https://www.countryflags.io/ml/flat/64.png,19077690,19.07769012,0,0,0,0,0,0,0,0,0,0,0,0,0,0,0,0,0,0,0,0,0,0,0,0,0,0,0,0,0,0,0,0,0,0,0,0,0,0,0,0,0,0,0,0,0,0,0,0,0,0,0,0,0,0,0,0,0,0,0,0,0,0,0,0,0,0,0,.0524172485,.104834497,.104834497,.1572517455,.1572517455,.1572517455,.1572517455,.2620862424,.2620862424,.2620862424,.3669207394,.3669207394,.3669207394,.3669207394,.4717552364,.5241724849,.6814242005,.6814242005,.6814242005,.6814242005,.6814242005,.7338414788
North Macedonia,MKD,Europe,Southern Europe,,.,.,.,,,2082958,2.082957983,0,0,0,0,0,0,0,0,0,0,0,0,0,0,0,0,0,0,0,0,0,0,0,0,0,0,0,0,0,0,0,0,0,0,0,0,0,0,0,0,0,0,0,0,0,0,0,0,0,0,0,0,0,0,0,0,0,0,0,0,.4800865054,.9601730108,.9601730108,1.440259457,1.440259457,1.440259457,1.920346022,2.880518913,3.360605478,4.32077837,5.2809515,5.2809515,5.761037827,8.161470413,8.64155674,11.04198933,12.48224926,13.92250824,14.40259457,15.36276817,16.32294083,16.32294083,18.24328613,21.123806,21.60389328,22.08397865,23.52423859,23.52423859,24.48441124
Mexico,MEX,Americas,Latin America and the Caribbean,Central America,1,2,1,Americas,https://www.countryflags.io/mx/flat/64.png,126190788,126.1907883,0,0,0,0,0,0,0,0,0,0,0,0,0,0,0,0,0,0,0,0,0,0,0,0,0,0,0,0,0,0,0,0,0,0,0,0,0,0,0,0,0,0,0,0,0,0,0,0,0,0,0,0,0,0,0,0,0,.0079245083,.0079245083,.0158490166,.0158490166,.0237735268,.0316980332,.0396225452,.0475470535,.0633960664,.0950941071,.1267921329,.158490181,.2218862474,.2298107594,.293206811,.3962254226,.4754705131,.6260361671,.7449038029,.9905635715,1.117355704,1.378864527,1.537354708,1.846410513,2.163390875,2.345654488,2.630936861,3.217350483,3.558104515,3.851311207,4.32678175,5.150930882
Maldives,MDV,Asia,Southern Asia,,.,.,.,Asia,https://www.countryflags.io/mv/flat/64.png,515696,.5156959891,0,0,0,0,0,0,0,0,0,0,0,0,0,0,0,0,0,0,0,0,0,0,0,0,0,0,0,0,0,0,0,0,0,0,0,0,0,0,0,0,0,0,0,0,0,0,0,0,0,0,0,0,0,0,0,0,0,0,0,0,0,0,0,0,0,0,0,0,0,0,0,0,0,0,0,0,0,0,0,0,0,0,0,0,0,0,0,0,0
Madagascar,MDG,Africa,Sub-Saharan Africa,Eastern Africa,.,.,.,Africa,https://www.countryflags.io/mg/flat/64.png,26262368,26.26236725,0,0,0,0,0,0,0,0,0,0,0,0,0,0,0,0,0,0,0,0,0,0,0,0,0,0,0,0,0,0,0,0,0,0,0,0,0,0,0,0,0,0,0,0,0,0,0,0,0,0,0,0,0,0,0,0,0,0,0,0,0,0,0,0,0,0,0,0,0,0,0,0,0,0,0,0,0,0,0,0,0,0,0,0,0,0,0,0,0
Moldova,MDA,Europe,Eastern Europe,,.,.,.,Europe,https://www.countryflags.io/md/flat/64.png,2706049,2.706048965,0,0,0,0,0,0,0,0,0,0,0,0,0,0,0,0,0,0,0,0,0,0,0,0,0,0,0,0,0,0,0,0,0,0,0,0,0,0,0,0,0,0,0,0,0,0,0,0,0,0,0,0,0,0,0,0,.3695424497,.3695424497,.3695424497,.3695424497,.3695424497,.3695424497,.3695424497,.3695424497,.3695424497,.7390848994,.7390848994,.7390848994,.7390848994,1.478169799,1.847712278,2.217254877,2.956339598,4.434509754,5.543137074,7.021306992,8.129934311,9.977646828,10.71673107,10.71673107,11.08627415,11.45581627,12.93398666,14.78169823,16.99895287,19.95529366,20.6943779,21.06392097,24.7593441
Morocco,MAR,Africa,Northern Africa,,.,.,.,Africa,https://www.countryflags.io/ma/flat/64.png,36029138,36.02913666,0,0,0,0,0,0,0,0,0,0,0,0,0,0,0,0,0,0,0,0,0,0,0,0,0,0,0,0,0,0,0,0,0,0,0,0,0,0,0,0,0,0,0,0,0,0,0,0,.0277553145,.0277553145,.0277553145,.0277553145,.0277553145,.0277553145,.0277553145,.055510629,.055510629,.055510629,.0832659453,.0832659453,.1110212579,.1110212579,.1387765706,.1665318906,.3053084612,.6383722425,.693882823,.7216381431,.9159253836,.9991912842,1.082457304,1.221233845,1.332255125,1.637563467,1.942871928,2.220425129,2.49797821,2.58124423,2.692265511,2.969818592,3.080839872,3.275126934,3.497169495,3.497169495,3.524924755,3.608190775,3.746967316,3.802478075,3.913499355
Latvia,LVA,Europe,Northern Europe,,.,.,.,Europe,https://www.countryflags.io/lv/flat/64.png,1927174,1.927173972,0,0,0,0,0,0,0,0,0,0,0,0,0,0,0,0,0,0,0,0,0,0,0,0,0,0,0,0,0,0,0,0,0,0,0,0,0,0,0,0,0,0,0,0,0,0,0,0,0,0,0,0,0,0,0,0,0,0,0,0,0,0,0,0,0,0,0,0,0,0,0,0,.5188944936,.5188944936,.5188944936,.5188944936,1.037788987,1.037788987,1.55668354,1.55668354,1.55668354,2.594472647,2.594472647,2.594472647,2.594472647,2.594472647,2.594472647,2.594472647,2.594472647
Luxembourg,LUX,Europe,Western Europe,,.,.,.,Europe,https://www.countryflags.io/lu/flat/64.png,607950,.6079499722,0,0,0,0,0,0,0,0,0,0,0,0,0,0,0,0,0,0,0,0,0,0,0,0,0,0,0,0,0,0,0,0,0,0,0,0,0,0,0,0,0,0,0,0,0,0,0,0,0,0,0,0,1.644872189,1.644872189,1.644872189,1.644872189,3.289744377,6.579488754,6.579488754,13.15897751,13.15897751,13.15897751,13.15897751,13.15897751,14.80384922,24.67308235,29.60769844,34.54231644,36.18718719,37.83206177,47.70129395,49.3461647,50.99103928,50.99103928,59.21539688,67.4397583,72.37437439,75.66412354,85.53335571,88.82309723,101.9820786,108.5615616,113.4961777,110.2064362,113.4961777,113.4961777,118.4307938,118.4307938,120.0756683
Lithuania,LTU,Europe,Northern Europe,,.,.,.,Europe,https://www.countryflags.io/lt/flat/64.png,2801543,2.801542997,0,0,0,0,0,0,0,0,0,0,0,0,0,0,0,0,0,0,0,0,0,0,0,0,0,0,0,0,0,0,0,0,0,0,0,0,0,0,0,0,0,0,0,0,0,0,0,0,0,0,0,0,0,0,0,0,0,0,0,.3569461405,.3569461405,.3569461405,.7138922811,1.427784562,1.427784562,1.784730792,2.498623133,2.498623133,2.498623133,2.855569124,2.855569124,3.212515354,3.212515354,3.926407814,4.640299797,5.354192257,5.354192257,5.354192257,5.711138248,7.852815628,8.20976162,8.20976162,8.566707611,10.35143852,10.70838451,11.4222765,11.77922344,11.77922344,12.49311543
Sri Lanka,LKA,Asia,Southern Asia,,.,.,.,Asia,https://www.countryflags.io/lk/flat/64.png,21670000,21.67000008,0,0,0,0,0,0,0,0,0,0,0,0,0,0,0,0,0,0,0,0,0,0,0,0,0,0,0,0,0,0,0,0,0,0,0,0,0,0,0,0,0,0,0,0,0,0,0,0,0,0,0,0,0,0,0,0,0,0,0,0,0,0,0,0,0,0,.0461467467,.0461467467,.0922934934,.0922934934,.1384402364,.1845869869,.1845869869,.2307337373,.2307337373,.2307337373,.2768804729,.3230272233,.3230272233,.3230272233,.3230272233,.3230272233,.3230272233,.3230272233,.3230272233,.3230272233,.3230272233,.3230272233,.3230272233
Libya,LBY,Africa,Northern Africa,,.,.,.,Africa,https://www.countryflags.io/ly/flat/64.png,6678567,6.678566933,0,0,0,0,0,0,0,0,0,0,0,0,0,0,0,0,0,0,0,0,0,0,0,0,0,0,0,0,0,0,0,0,0,0,0,0,0,0,0,0,0,0,0,0,0,0,0,0,0,0,0,0,0,0,0,0,0,0,0,0,0,0,0,0,0,0,0,0,0,0,0,.1497327238,.1497327238,.1497327238,.1497327238,.1497327238,.1497327238,.1497327238,.1497327238,.1497327238,.1497327238,.1497327238,.1497327238,.1497327238,.1497327238,.1497327238,.1497327238,.1497327238,.1497327238
Liberia,LBR,Africa,Sub-Saharan Africa,Western Africa,.,.,.,Africa,https://www.countryflags.io/lr/flat/64.png,4818977,4.818976879,0,0,0,0,0,0,0,0,0,0,0,0,0,0,0,0,0,0,0,0,0,0,0,0,0,0,0,0,0,0,0,0,0,0,0,0,0,0,0,0,0,0,0,0,0,0,0,0,0,0,0,0,0,0,0,0,0,0,0,0,0,0,0,0,0,0,0,0,0,0,0,0,0,.20751293,.622538805,.622538805,.622538805,.8300517201,.8300517201,1.037564635,1.037564635,1.037564635,1.24507761,1.24507761,1.24507761,1.24507761,1.452590466,1.452590466,1.66010344
Lebanon,LBN,Asia,Western Asia,,.,.,.,Asia,https://www.countryflags.io/lb/flat/64.png,6848925,6.848925114,0,0,0,0,0,0,0,0,0,0,0,0,0,0,0,0,0,0,0,0,0,0,0,0,0,0,0,0,0,0,0,0,0,0,0,0,0,0,0,0,0,0,0,0,0,0,0,0,.1460083127,.4380249381,.4380249381,.4380249381,.4380249381,.4380249381,.4380249381,.4380249381,.4380249381,.5840332508,.5840332508,.5840332508,.5840332508,.5840332508,.5840332508,.8760498762,.8760498762,1.168066502,1.168066502,1.460083127,1.606091499,1.752099752,2.044116497,2.336133003,2.482141256,2.482141256,2.628149748,2.774158001,2.774158001,2.774158001,2.774158001,2.920166254,2.920166254,2.920166254,2.920166254,3.066174507,3.066174507,3.066174507,3.066174507,3.066174507,3.066174507
Laos,LAO,Asia,South-eastern Asia,,.,.,.,,,7061507,7.061507225,0,0,0,0,0,0,0,0,0,0,0,0,0,0,0,0,0,0,0,0,0,0,0,0,0,0,0,0,0,0,0,0,0,0,0,0,0,0,0,0,0,0,0,0,0,0,0,0,0,0,0,0,0,0,0,0,0,0,0,0,0,0,0,0,0,0,0,0,0,0,0,0,0,0,0,0,0,0,0,0,0,0,0,0,0,0,0,0,0
Kuwait,KWT,Asia,Western Asia,,.,.,.,Asia,https://www.countryflags.io/kw/flat/64.png,4137309,4.137309074,0,0,0,0,0,0,0,0,0,0,0,0,0,0,0,0,0,0,0,0,0,0,0,0,0,0,0,0,0,0,0,0,0,0,0,0,0,0,0,0,0,0,0,0,0,0,0,0,0,0,0,0,0,0,0,0,0,0,0,0,0,0,0,0,0,0,0,0,0,0,0,0,0,.2417030036,.2417030036,.2417030036,.2417030036,.2417030036,.2417030036,.2417030036,.2417030036,.2417030036,.4834060073,.7251089811,.7251089811,.7251089811,1.208514929,1.450217962,1.691920996
"Korea, South",KOR,Asia,Eastern Asia,,.,.,.,Asia,https://www.countryflags.io/kr/flat/64.png,51606633,51.60663223,0,0,0,0,0,0,0,0,0,0,0,0,0,0,0,0,0,0,0,0,0,0,0,0,0,0,0,0,0,.0193773545,.0387547091,.0387547091,.1162641272,.1550188363,.1937735379,.2325282544,.2519056201,.2519056201,.3100376725,.3294150233,.5425659418,.5425659418,.6782073975,.6782073975,.8138489127,.8526036143,.9688677192,1.026999831,1.046377182,1.162641287,1.278905392,1.278905392,1.395169497,1.453301549,1.453301549,1.569565654,1.627697825,1.763339281,1.821471334,1.97649014,2.150886297,2.150886297,2.325282574,2.441546679,2.538433313,2.693452358,2.790338993,2.9453578,3.061621904,3.139131308,3.197263479,3.274772882,3.371659756,3.429791689,3.546055794,3.604187965,3.72045207,3.875470877,3.95298028,4.030489922,4.088621616,4.146753788,4.20488596,4.301772594,4.359904766,4.437414169,4.456791401,4.495546341,4.534300804
Cambodia,KHM,Asia,South-eastern Asia,,.,.,.,Asia,https://www.countryflags.io/kh/flat/64.png,16249798,16.24979782,0,0,0,0,0,0,0,0,0,0,0,0,0,0,0,0,0,0,0,0,0,0,0,0,0,0,0,0,0,0,0,0,0,0,0,0,0,0,0,0,0,0,0,0,0,0,0,0,0,0,0,0,0,0,0,0,0,0,0,0,0,0,0,0,0,0,0,0,0,0,0,0,0,0,0,0,0,0,0,0,0,0,0,0,0,0,0,0,0
Kyrgyzstan,KGZ,Asia,Central Asia,,.,.,.,Asia,https://www.countryflags.io/kg/flat/64.png,6322800,6.322800159,0,0,0,0,0,0,0,0,0,0,0,0,0,0,0,0,0,0,0,0,0,0,0,0,0,0,0,0,0,0,0,0,0,0,0,0,0,0,0,0,0,0,0,0,0,0,0,0,0,0,0,0,0,0,0,0,0,0,0,0,0,0,0,0,0,0,0,0,0,0,0,0,.1581577808,.1581577808,.1581577808,.6326311231,.6326311231,.6326311231,.6326311231,.7907888889,.7907888889,.7907888889,.7907888889,.7907888889,.7907888889,.7907888889,.7907888889,.7907888889,.7907888889
Kenya,KEN,Africa,Sub-Saharan Africa,Eastern Africa,.,.,.,Africa,https://www.countryflags.io/ke/flat/64.png,51393010,51.39300919,0,0,0,0,0,0,0,0,0,0,0,0,0,0,0,0,0,0,0,0,0,0,0,0,0,0,0,0,0,0,0,0,0,0,0,0,0,0,0,0,0,0,0,0,0,0,0,0,0,0,0,0,0,0,0,0,0,0,0,0,0,0,0,0,.019457899,.019457899,.019457899,.019457899,.019457899,.019457899,.019457899,.0583736971,.0778315961,.0778315961,.0778315961,.1167473942,.1167473942,.1167473942,.1362053007,.1362053007,.1362053007,.1556631923,.1751210988,.1751210988,.1945789903,.2140368968,.2140368968,.2334947884,.2724106014
Kazakhstan,KAZ,Asia,Central Asia,,.,.,.,Asia,https://www.countryflags.io/kz/flat/64.png,18272430,18.27243042,0,0,0,0,0,0,0,0,0,0,0,0,0,0,0,0,0,0,0,0,0,0,0,0,0,0,0,0,0,0,0,0,0,0,0,0,0,0,0,0,0,0,0,0,0,0,0,0,0,0,0,0,0,0,0,0,0,0,.1641817689,0,0,0,0,0,.0547272563,.0547272563,.0547272563,.0547272563,.0547272563,.1094545126,.1641817689,.1641817689,.3283635378,.2736362815,.3283635378,.3283635378,.3283635378,.3830907941,.4378180504,.547272563,.547272563,.547272563,.6567270756,.7661815882,.8756361008,.9303633571,.9303633571,.9303633571,.9303633571
Japan,JPN,Asia,Eastern Asia,,.,.,.,Asia,https://www.countryflags.io/jp/flat/64.png,126529100,126.5290985,0,0,0,0,0,0,0,0,0,0,0,0,0,0,0,0,0,0,0,0,0,0,.0079033207,.0079033207,.0079033207,.0079033207,.0079033207,.0079033207,.0079033207,.0079033207,.0079033207,.0079033207,.0079033207,.0079033207,.0079033207,.0158066414,.0316132829,.0316132829,.0395166017,.0474199206,.0474199206,.0474199206,.0474199206,.0474199206,.0474199206,.0474199206,.0474199206,.0790332034,.0790332034,.1185498089,.1264531314,.1501630843,.173873052,.173873052,.21338965,.2291962951,.2291962951,.2291962951,.2608095706,.2766162157,.3240361214,.3319394588,.3398427665,.3556494117,.3714560568,.387262702,.4109726548,.4267793,.4267793,.4425859451,.4504892528,.4900058508,.4979091883,.6085556746,.6085556746,.6717822552,.7271054983,.7350087762,.7429121137,.7824287415,.7824287415,.8535585999,.9721084237,1.130174756,1.153884768,1.406790972,1.501630902,1.754537106,1.865183592
Jordan,JOR,Asia,Western Asia,,.,.,.,Asia,https://www.countryflags.io/jo/flat/64.png,9956011,9.956010818,0,0,0,0,0,0,0,0,0,0,0,0,0,0,0,0,0,0,0,0,0,0,0,0,0,0,0,0,0,0,0,0,0,0,0,0,0,0,0,0,0,0,0,0,0,0,0,0,0,0,0,0,0,0,0,0,0,0,0,0,0,0,0,0,0,.1004418358,.1004418358,.3013255,.5022091866,.5022091866,.5022091866,.5022091866,.5022091866,.5022091866,.5022091866,.602651,.602651,.602651,.7030928731,.7030928731,.7030928731,.7030928731,.7030928731,.7030928731,.7030928731,.7030928731,.7030928731,.7030928731,.7030928731
Jamaica,JAM,Americas,Latin America and the Caribbean,Caribbean,1,3,1,Americas,https://www.countryflags.io/jm/flat/64.png,2934855,2.934854984,0,0,0,0,0,0,0,0,0,0,0,0,0,0,0,0,0,0,0,0,0,0,0,0,0,0,0,0,0,0,0,0,0,0,0,0,0,0,0,0,0,0,0,0,0,0,0,0,0,0,0,0,0,0,0,0,0,.340732336,.340732336,.340732336,.340732336,.340732336,.340732336,.340732336,.340732336,.340732336,.340732336,.340732336,.340732336,.340732336,1.022197008,1.022197008,1.022197008,1.022197008,1.022197008,1.022197008,1.022197008,1.362929344,1.362929344,1.362929344,1.362929344,1.362929344,1.362929344,1.362929344,1.70366168,1.70366168,1.70366168,1.70366168,1.70366168
Italy,ITA,Europe,Southern Europe,,.,.,.,Europe,https://www.countryflags.io/it/flat/64.png,60421760,60.42176056,0,0,0,0,0,0,0,0,0,0,0,0,0,0,0,0,0,0,0,0,0,0,0,0,0,0,0,0,0,0,.0165503286,.0331006572,.0496509857,.1158523038,.1655032933,.198603943,.2813555896,.3475568891,.4799595475,.5627111793,.8606171012,1.307475924,1.770885229,2.449448586,3.260414839,3.856226683,6.057420254,7.662802219,10.44325733,13.68712139,13.68712139,20.95271683,23.84902382,29.93954468,35.7156105,41.42547226,49.28688049,56.35387039,66.73092651,79.85533905,90.62960052,100.5763474,112.8732452,124.1771164,135.9609528,151.1707001,165.8839417,178.3959961,191.8348541,205.6874847,217.719574,230.297821,242.9753723,254.2461548,262.9350586,273.4610901,283.457489,292.4277649,302.523468,311.9571533,322.2018127,329.3349915,338.7024841,348.6657715,358.2318726,366.9207764,376.4372253,384.4144897,391.58078
Israel,ISR,Asia,Western Asia,,.,.,.,Asia,https://www.countryflags.io/il/flat/64.png,8882800,8.882800102,0,0,0,0,0,0,0,0,0,0,0,0,0,0,0,0,0,0,0,0,0,0,0,0,0,0,0,0,0,0,0,0,0,0,0,0,0,0,0,0,0,0,0,0,0,0,0,0,0,0,0,0,0,0,0,0,0,0,0,.1125771105,.1125771105,.1125771105,.3377313316,.5628855824,.9006168842,1.350925326,1.350925326,1.688656688,1.801233768,2.25154233,2.927005053,4.052776337,4.50308466,4.953392982,5.516278744,6.41689539,7.317512512,8.218129158,9.681632042,10.69482613,11.37028885,11.59544277,13.05894566,13.84698486,14.63502502,15.98595047,16.9991436,18.46264648,19.36326408
Iceland,ISL,Europe,Northern Europe,,.,.,.,Europe,https://www.countryflags.io/is/flat/64.png,352721,.3527210057,0,0,0,0,0,0,0,0,0,0,0,0,0,0,0,0,0,0,0,0,0,0,0,0,0,0,0,0,0,0,0,0,0,0,0,0,0,0,0,0,0,0,0,0,0,0,0,0,0,0,0,0,0,14.17550945,0,2.835101843,2.835101843,2.835101843,0,2.835101843,2.835101843,2.835101843,5.670203686,5.670203686,5.670203686,5.670203686,5.670203686,5.670203686,5.670203686,5.670203686,5.670203686,11.34040737,11.34040737,11.34040737,11.34040737,17.01061058,17.01061058,17.01061058,17.01061058,19.84571266,22.68081474,22.68081474,22.68081474,22.68081474,22.68081474,22.68081474,25.51591682,25.51591682,25.51591682
Iraq,IRQ,Asia,Western Asia,,.,.,.,Asia,https://www.countryflags.io/iq/flat/64.png,38433600,38.43360138,0,0,0,0,0,0,0,0,0,0,0,0,0,0,0,0,0,0,0,0,0,0,0,0,0,0,0,0,0,0,0,0,0,0,0,0,0,0,0,0,0,0,.0520377979,.0520377979,.0780567005,.1040755957,.1561134011,.1561134011,.1821322888,.1821322888,.2081511915,.2341700941,.2601889968,.2601889968,.2601889968,.2862078846,.3122268021,.3382456899,.4423213005,.4423213005,.5203779936,.5984346867,.7025102973,.7545480728,.9366803765,1.040755987,1.092793822,1.092793822,1.196869373,1.300944924,1.352982759,1.405020595,1.405020595,1.457058311,1.587152839,1.665209532,1.69122839,1.79530406,1.79530406,1.821322918,1.873360753,1.977436304,2.02947402,2.02947402,2.055493116,2.081511974,2.107530832,2.13354969,2.13354969
Iran,IRN,Asia,Southern Asia,,.,.,.,Asia,https://www.countryflags.io/ir/flat/64.png,81800269,81.80027008,0,0,0,0,0,0,0,0,0,0,0,0,0,0,0,0,0,0,0,0,0,0,0,0,0,0,0,0,.0244497973,.0244497973,.0488995947,.0611244924,.0977991894,.1466987878,.1955983788,.232273072,.3178473711,.415646553,.5256706476,.6601445079,.8068432808,.9413172007,1.124690652,1.308064103,1.51588738,1.772610307,2.37163043,2.897300959,3.557445526,4.327614307,5.244481564,6.283597946,7.469412804,8.850826263,10.42783833,12.07819939,13.8752594,15.69676971,17.51828003,19.02194214,20.59895325,22.15151596,23.64295387,25.39111328,27.3104229,29.07080841,30.77006912,32.27373123,33.70404434,35.42775726,37.11479187,38.63068008,40.26881409,42.2003479,44.04631042,45.70889664,47.33480835,48.81401825,50.24433136,51.73577118,53.26388168,54.69419479,56.05115891,57.24919891,58.39833832,59.52302933,60.61104584,61.50346375,62.56703186
Ireland,IRL,Europe,Northern Europe,,.,.,.,Europe,https://www.countryflags.io/ie/flat/64.png,4867309,4.867309093,0,0,0,0,0,0,0,0,0,0,0,0,0,0,0,0,0,0,0,0,0,0,0,0,0,0,0,0,0,0,0,0,0,0,0,0,0,0,0,0,0,0,0,0,0,0,0,0,0,.2054523379,.2054523379,.2054523379,.4109046757,.4109046757,.4109046757,.4109046757,.4109046757,.6163569689,.6163569689,.6163569689,.8218093514,1.232713938,1.438166261,1.849071026,3.903594255,4.519951344,7.396284103,9.450807571,11.09442616,14.58711529,17.46344757,20.13432884,24.65427971,28.14696884,32.46146774,35.74870682,43.14498901,48.28129959,54.03396225,58.96482086,65.74474335,68.62107849,74.99010468,83.41364288,91.22083282,99.84983063,108.8897324,117.3132782,125.3259201
India,IND,Asia,Southern Asia,,.,.,.,Asia,https://www.countryflags.io/in/flat/64.png,1352617328,1352.61731,0,0,0,0,0,0,0,0,0,0,0,0,0,0,0,0,0,0,0,0,0,0,0,0,0,0,0,0,0,0,0,0,0,0,0,0,0,0,0,0,0,0,0,0,0,0,0,0,0,.0007393074,.0007393074,.0014786149,.0014786149,.0014786149,.0014786149,.0022179221,.0022179221,.0029572297,.0036965371,.0029572297,.0051751519,.0073930742,.0073930742,.0088716885,.0147861484,.0147861484,.017743377,.0199612994,.0236578379,.0258757602,.042879831,.0532301329,.0532301329,.0635804385,.0731914341,.1005458087,.1108961105,.1315967143,.167083472,.181869626,.2129205316,.2447107583,.2646720409,.2905478179,.2994194925,.3312097192,.3593034148,.385179162,.4132728279
Indonesia,IDN,Asia,South-eastern Asia,,.,.,.,Asia,https://www.countryflags.io/id/flat/64.png,267663435,267.6634216,0,0,0,0,0,0,0,0,0,0,0,0,0,0,0,0,0,0,0,0,0,0,0,0,0,0,0,0,0,0,0,0,0,0,0,0,0,0,0,0,0,0,0,0,0,0,0,0,0,.0037360354,.0037360354,.0149441417,.0186801758,.0186801758,.0186801758,.0186801758,.070984669,.0934008807,.1195531338,.1419693381,.1793296933,.1830657274,.2054819465,.2166900486,.2914107442,.3250350654,.3810755908,.4259080291,.4557963014,.5081008077,.5865575671,.6351259947,.676222384,.7135827541,.7397350073,.7808313966,.825663805,.8966484666,1.046089888,1.143226862,1.221683502,1.393541217,1.490678072,1.714840174,1.752200603,1.853073478,1.942738414,1.998778939,2.174372673
Hungary,HUN,Europe,Eastern Europe,,.,.,.,Europe,https://www.countryflags.io/hu/flat/64.png,9775564,9.775564194,0,0,0,0,0,0,0,0,0,0,0,0,0,0,0,0,0,0,0,0,0,0,0,0,0,0,0,0,0,0,0,0,0,0,0,0,0,0,0,0,0,0,0,0,0,0,0,0,0,0,0,0,0,.102295883,.102295883,.102295883,.102295883,.102295883,.3068876565,.409183532,.6137753129,.7160711884,.9206629992,1.022958875,1.022958875,1.022958875,1.12525475,1.329846501,1.534438252,1.636734128,2.045917749,2.148213625,2.659693003,3.273468256,3.478060007,3.887243748,4.807906628,5.933161259,6.751528263,7.876783371,8.695150375,10.12729263,11.15025139,12.48009777,13.70764828,14.52601624,15.95815849,17.5948925,19.33392334
Haiti,HTI,Americas,Latin America and the Caribbean,Caribbean,1,3,1,Americas,https://www.countryflags.io/ht/flat/64.png,11123176,11.12317562,0,0,0,0,0,0,0,0,0,0,0,0,0,0,0,0,0,0,0,0,0,0,0,0,0,0,0,0,0,0,0,0,0,0,0,0,0,0,0,0,0,0,0,0,0,0,0,0,0,0,0,0,0,0,0,0,0,0,0,0,0,0,0,0,0,0,0,0,0,0,0,0,0,0,.0899023861,.0899023861,.0899023861,.0899023861,.1798047721,.1798047721,.1798047721,.2697071433,.2697071433,.2697071433,.2697071433,.2697071433,.2697071433,.2697071433,.2697071433
Croatia,HRV,Europe,Southern Europe,,.,.,.,Europe,https://www.countryflags.io/hr/flat/64.png,4087843,4.087842941,0,0,0,0,0,0,0,0,0,0,0,0,0,0,0,0,0,0,0,0,0,0,0,0,0,0,0,0,0,0,0,0,0,0,0,0,0,0,0,0,0,0,0,0,0,0,0,0,0,0,0,0,0,0,0,0,0,.2446277887,.2446277887,.2446277887,.2446277887,.2446277887,.2446277887,.2446277887,.7338833809,.7338833809,1.223138928,1.467766762,1.467766762,1.467766762,1.467766762,1.712394595,1.957022309,2.935533524,3.669416904,3.914044619,4.403300285,4.647928238,4.892555714,5.137183666,5.137183666,5.626439095,6.115695,7.583461761,8.072717667,8.561972618,8.806600571,9.540484428,11.49750614
Honduras,HND,Americas,Latin America and the Caribbean,Central America,1,2,1,Americas,https://www.countryflags.io/hn/flat/64.png,9587522,9.587521553,0,0,0,0,0,0,0,0,0,0,0,0,0,0,0,0,0,0,0,0,0,0,0,0,0,0,0,0,0,0,0,0,0,0,0,0,0,0,0,0,0,0,0,0,0,0,0,0,0,0,0,0,0,0,0,0,0,0,0,0,0,0,0,0,.1043022424,.1043022424,.1043022424,.3129067421,.7301157117,.7301157117,1.043022394,1.460231423,1.564533591,1.564533591,2.294649363,2.294649363,2.294649363,2.294649363,2.39895153,2.39895153,2.503253937,2.607556105,2.607556105,2.711858273,3.233369589,3.650578499,4.276391983,4.797903061,4.797903061
Guyana,GUY,Americas,Latin America and the Caribbean,South America,1,1,.,Americas,https://www.countryflags.io/gy/flat/64.png,779004,.7790039778,0,0,0,0,0,0,0,0,0,0,0,0,0,0,0,0,0,0,0,0,0,0,0,0,0,0,0,0,0,0,0,0,0,0,0,0,0,0,0,0,0,0,0,0,0,0,0,0,0,0,1.283690453,1.283690453,1.283690453,1.283690453,1.283690453,1.283690453,1.283690453,1.283690453,1.283690453,1.283690453,1.283690453,1.283690453,1.283690453,1.283690453,1.283690453,1.283690453,1.283690453,1.283690453,1.283690453,2.567380905,2.567380905,5.13476181,5.13476181,5.13476181,5.13476181,5.13476181,6.418452263,7.702143192,7.702143192,7.702143192,7.702143192,7.702143192,7.702143192,7.702143192,7.702143192,7.702143192,7.702143192,7.702143192,8.985833168
Guatemala,GTM,Americas,Latin America and the Caribbean,Central America,1,2,1,Americas,https://www.countryflags.io/gt/flat/64.png,17247807,17.24780655,0,0,0,0,0,0,0,0,0,0,0,0,0,0,0,0,0,0,0,0,0,0,0,0,0,0,0,0,0,0,0,0,0,0,0,0,0,0,0,0,0,0,0,0,0,0,0,0,0,0,0,0,0,0,.0579783879,.0579783879,.0579783879,.0579783879,.0579783879,.0579783879,.0579783879,.0579783879,.0579783879,.0579783879,.0579783879,.0579783879,.0579783879,.0579783879,.0579783879,.0579783879,.0579783879,.0579783879,.0579783879,.1159567758,.1159567758,.17393516,.17393516,.17393516,.17393516,.17393516,.17393516,.2898919284,.2898919284,.2898919284,.2898919284,.2898919284,.4058487117,.4058487117,.4058487117
Greece,GRC,Europe,Southern Europe,,.,.,.,Europe,https://www.countryflags.io/gr/flat/64.png,10731726,10.73172569,0,0,0,0,0,0,0,0,0,0,0,0,0,0,0,0,0,0,0,0,0,0,0,0,0,0,0,0,0,0,0,0,0,0,0,0,0,0,0,0,0,0,0,0,0,0,0,0,0,.0931816623,.0931816623,.0931816623,.2795449793,.372726649,.372726649,.465908289,.465908289,.5590899587,.5590899587,1.211361527,1.397724867,1.584088206,1.863633156,2.049996376,2.422723055,2.609086514,2.981813192,3.540903091,4.006811142,4.565901279,4.65908289,4.93862772,5.870444298,6.336352825,6.802260876,7.361351013,7.547714233,7.734077454,8.106803894,8.572712898,8.665894508,9.131802559,9.224984169,9.411347389,9.504528999,9.78407383,10.06361866,10.24998283,10.52952766
Equatorial Guinea,GNQ,Africa,Sub-Saharan Africa,Middle Africa,.,.,.,Africa,https://www.countryflags.io/gq/flat/64.png,1308974,1.308974028,0,0,0,0,0,0,0,0,0,0,0,0,0,0,0,0,0,0,0,0,0,0,0,0,0,0,0,0,0,0,0,0,0,0,0,0,0,0,0,0,0,0,0,0,0,0,0,0,0,0,0,0,0,0,0,0,0,0,0,0,0,0,0,0,0,0,0,0,0,0,0,0,0,0,0,0,0,0,0,0,0,0,0,0,0,0,0,0,0
Guinea-Bissau,GNB,Africa,Sub-Saharan Africa,Western Africa,.,.,.,Africa,https://www.countryflags.io/gw/flat/64.png,1874309,1.874308944,0,0,0,0,0,0,0,0,0,0,0,0,0,0,0,0,0,0,0,0,0,0,0,0,0,0,0,0,0,0,0,0,0,0,0,0,0,0,0,0,0,0,0,0,0,0,0,0,0,0,0,0,0,0,0,0,0,0,0,0,0,0,0,0,0,0,0,0,0,0,0,0,0,0,0,0,0,0,0,0,0,0,0,0,0,0,0,0,0
Gambia,GMB,Africa,Sub-Saharan Africa,Western Africa,.,.,.,Africa,https://www.countryflags.io/gm/flat/64.png,2280102,2.280102015,0,0,0,0,0,0,0,0,0,0,0,0,0,0,0,0,0,0,0,0,0,0,0,0,0,0,0,0,0,0,0,0,0,0,0,0,0,0,0,0,0,0,0,0,0,0,0,0,0,0,0,0,0,0,0,0,0,0,0,0,0,.4385768771,.4385768771,.4385768771,.4385768771,.4385768771,.4385768771,.4385768771,.4385768771,.4385768771,.4385768771,.4385768771,.4385768771,.4385768771,.4385768771,.4385768771,.4385768771,.4385768771,.4385768771,.4385768771,.4385768771,.4385768771,.4385768771,.4385768771,.4385768771,.4385768771,.4385768771,.4385768771,.4385768771
Guinea,GIN,Africa,Sub-Saharan Africa,Western Africa,.,.,.,Africa,https://www.countryflags.io/gn/flat/64.png,12414318,12.41431808,0,0,0,0,0,0,0,0,0,0,0,0,0,0,0,0,0,0,0,0,0,0,0,0,0,0,0,0,0,0,0,0,0,0,0,0,0,0,0,0,0,0,0,0,0,0,0,0,0,0,0,0,0,0,0,0,0,0,0,0,0,0,0,0,0,0,0,0,0,0,0,0,0,0,0,0,0,0,0,0,0,0,0,0,.0805521458,.0805521458,.2416564524,.2416564524,.4027607441
Ghana,GHA,Africa,Sub-Saharan Africa,Western Africa,.,.,.,Africa,https://www.countryflags.io/gh/flat/64.png,29767108,29.76710892,0,0,0,0,0,0,0,0,0,0,0,0,0,0,0,0,0,0,0,0,0,0,0,0,0,0,0,0,0,0,0,0,0,0,0,0,0,0,0,0,0,0,0,0,0,0,0,0,0,0,0,0,0,0,0,0,0,0,0,.033594124,.033594124,.067188248,.067188248,.1343764961,.1343764961,.1343764961,.1679706275,.1679706275,.1679706275,.1679706275,.1679706275,.1679706275,.1679706275,.1679706275,.1679706275,.1679706275,.1679706275,.201564759,.201564759,.201564759,.2687529922,.2687529922,.2687529922,.2687529922,.2687529922,.2687529922,.2687529922,.3023471236,.3023471236
Georgia,GEO,Asia,Western Asia,,.,.,.,Asia,https://www.countryflags.io/ge/flat/64.png,3726549,3.72654891,0,0,0,0,0,0,0,0,0,0,0,0,0,0,0,0,0,0,0,0,0,0,0,0,0,0,0,0,0,0,0,0,0,0,0,0,0,0,0,0,0,0,0,0,0,0,0,0,0,0,0,0,0,0,0,0,0,0,0,0,0,0,0,0,0,0,0,0,0,0,0,0,0,.2683447897,.5366895795,.5366895795,.805034399,.805034399,.805034399,.805034399,.805034399,.805034399,.805034399,.805034399,.805034399,.805034399,.805034399,1.073379159,1.073379159
United Kingdom,GBR,Europe,Northern Europe,,.,.,.,Europe,https://www.countryflags.io/gb/flat/64.png,66460344,66.46034241,0,0,0,0,0,0,0,0,0,0,0,0,0,0,0,0,0,0,0,0,0,0,0,0,0,0,0,0,0,0,0,0,0,0,0,0,0,0,0,0,0,0,0,.0150465667,.0300931334,.0300931334,.0451397002,.0601862669,.0902794003,.1203725338,.1203725338,.1203725338,.3159779012,.3159779012,.8275611997,.8275611997,1.068306208,2.061379671,2.66324234,3.505850077,4.228085518,5.040599823,6.349651337,6.996653557,8.696915627,11.42034435,15.33245182,18.4771843,21.18556595,26.91830826,35.38952637,43.9510231,54.24287415,64.89584351,74.23976135,80.84520721,92.67180634,106.7854843,120.0415115,134.7871552,148.5848541,159.6741638,170.4625549,182.1687927,193.6192322,206.5743256,219.3187561,232.6801147,241.6478729
Gabon,GAB,Africa,Sub-Saharan Africa,Middle Africa,.,.,.,Africa,https://www.countryflags.io/ga/flat/64.png,2119275,2.119275093,0,0,0,0,0,0,0,0,0,0,0,0,0,0,0,0,0,0,0,0,0,0,0,0,0,0,0,0,0,0,0,0,0,0,0,0,0,0,0,0,0,0,0,0,0,0,0,0,0,0,0,0,0,0,0,0,0,0,.4718594551,.4718594551,.4718594551,.4718594551,.4718594551,.4718594551,.4718594551,.4718594551,.4718594551,.4718594551,.4718594551,.4718594551,.4718594551,.4718594551,.4718594551,.4718594551,.4718594551,.4718594551,.4718594551,.4718594551,.4718594551,.4718594551,.4718594551,.4718594551,.4718594551,.4718594551,.4718594551,.4718594551,.4718594551,.4718594551,.4718594551
France,FRA,Europe,Western Europe,,.,.,.,Europe,https://www.countryflags.io/fr/flat/64.png,66977107,66.97710419,0,0,0,0,0,0,0,0,0,0,0,0,0,0,0,0,0,0,0,0,0,0,0,0,.0149304755,.0149304755,.0149304755,.0149304755,.0149304755,.0149304755,.0149304755,.0149304755,.0149304755,.0149304755,.0149304755,.029860951,.029860951,.029860951,.029860951,.029860951,.0447914265,.059721902,.059721902,.089582853,.1343742758,.1642352343,.2836790383,.2836790383,.492705673,.7166628242,.7166628242,1.179507494,1.358673215,1.358673215,2.20971036,2.20971036,2.20971036,3.628105402,6.71871376,8.390927315,10.06313992,12.84020901,16.42352295,19.87246323,25.32208633,29.78629875,34.54911804,38.90881729,45.14975739,52.60006332,65.73888397,80.43047333,97.15260315,112.8743896,120.6083832,133.0454712,154.2019501,162.2793427,182.3011017,197.0374756,206.5183411,214.8943329,223.4644165,234.8414459,256.3114624,267.5541077,278.9161987,288.5015869,294.3991089
Fiji,FJI,Oceania,Melanesia,,.,.,.,Oceania,https://www.countryflags.io/fj/flat/64.png,883483,.8834829926,0,0,0,0,0,0,0,0,0,0,0,0,0,0,0,0,0,0,0,0,0,0,0,0,0,0,0,0,0,0,0,0,0,0,0,0,0,0,0,0,0,0,0,0,0,0,0,0,0,0,0,0,0,0,0,0,0,0,0,0,0,0,0,0,0,0,0,0,0,0,0,0,0,0,0,0,0,0,0,0,0,0,0,0,0,0,0,0,0
Finland,FIN,Europe,Northern Europe,,.,.,.,Europe,https://www.countryflags.io/fi/flat/64.png,5515525,5.515524864,0,0,0,0,0,0,0,0,0,0,0,0,0,0,0,0,0,0,0,0,0,0,0,0,0,0,0,0,0,0,0,0,0,0,0,0,0,0,0,0,0,0,0,0,0,0,0,0,0,0,0,0,0,0,0,0,0,0,0,.1813064069,.1813064069,.1813064069,.1813064069,.5439192057,.9065320492,1.269144893,1.631757617,1.994370461,2.356983185,3.082208872,3.082208872,3.444821835,3.626128197,4.532660007,5.076579571,4.895273209,6.164417744,7.252256393,7.614869118,8.702707291,8.88401413,10.15315914,10.69707775,11.60361004,13.05406094,13.5979805,14.86712551,16.31757736,17.04280281
Ethiopia,ETH,Africa,Sub-Saharan Africa,Eastern Africa,.,.,.,Africa,https://www.countryflags.io/et/flat/64.png,109224559,109.224556,0,0,0,0,0,0,0,0,0,0,0,0,0,0,0,0,0,0,0,0,0,0,0,0,0,0,0,0,0,0,0,0,0,0,0,0,0,0,0,0,0,0,0,0,0,0,0,0,0,0,0,0,0,0,0,0,0,0,0,0,0,0,0,0,0,0,0,0,0,0,0,0,0,0,.0183109008,.0183109008,.0183109008,.0183109008,.0183109008,.0274663512,.0274663512,.0274663512,.0274663512,.0274663512,.0274663512,.0274663512,.0274663512,.0274663512,.0274663512
Estonia,EST,Europe,Northern Europe,,.,.,.,Europe,https://www.countryflags.io/ee/flat/64.png,1321977,1.321977019,0,0,0,0,0,0,0,0,0,0,0,0,0,0,0,0,0,0,0,0,0,0,0,0,0,0,0,0,0,0,0,0,0,0,0,0,0,0,0,0,0,0,0,0,0,0,0,0,0,0,0,0,0,0,0,0,0,0,0,0,0,0,0,.7564427853,.7564427853,.7564427853,.7564427853,2.269328356,2.269328356,3.025771141,3.782213926,8.320870399,9.077313423,9.833756447,11.34664249,14.37241364,15.88529873,18.15462685,18.15462685,18.15462685,18.15462685,18.91106987,21.18039894,23.4497261,26.4754982,27.23194122,28.74482727,28.74482727,30.25771141
Spain,ESP,Europe,Southern Europe,,.,.,.,Europe,https://www.countryflags.io/es/flat/64.png,46796540,46.79653931,0,0,0,0,0,0,0,0,0,0,0,0,0,0,0,0,0,0,0,0,0,0,0,0,0,0,0,0,0,0,0,0,0,0,0,0,0,0,0,0,0,.0213691015,.042738203,.0641073063,.1068455055,.2136910111,.3632747233,.5983348489,.7479185462,1.153931499,1.175300598,2.842090607,4.166975021,6.175670147,7.308232784,11.38973141,13.31295013,17.73635483,22.2879734,29.38251495,37.86604691,49.38399506,60.00443649,77.9331131,93.27613068,109.7944412,127.8299637,145.3739929,164.8839874,180.8680725,200.5917511,221.1274567,239.2911987,255.2966614,270.1268005,285.0851746,300.1290283,316.0917358,330.088501,343.6365356,354.8552856,367.7408752,379.4297791,385.8404846,399.7731628,412.7442017,427.4247742,428.3009033,437.0622253
Eritrea,ERI,Africa,Sub-Saharan Africa,Eastern Africa,.,.,.,Africa,https://www.countryflags.io/er/flat/64.png,3213972,3.213972092,0,0,0,0,0,0,0,0,0,0,0,0,0,0,0,0,0,0,0,0,0,0,0,0,0,0,0,0,0,0,0,0,0,0,0,0,0,0,0,0,0,0,0,0,0,0,0,0,0,0,0,0,0,0,0,0,0,0,0,0,0,0,0,0,0,0,0,0,0,0,0,0,0,0,0,0,0,0,0,0,0,0,0,0,0,0,0,0,0
Egypt,EGY,Africa,Northern Africa,,.,.,.,Africa,https://www.countryflags.io/eg/flat/64.png,98423595,98.42359161,0,0,0,0,0,0,0,0,0,0,0,0,0,0,0,0,0,0,0,0,0,0,0,0,0,0,0,0,0,0,0,0,0,0,0,0,0,0,0,0,0,0,0,0,0,0,.0101601658,.0101601658,.0101601658,.0101601658,.0101601658,.0203203317,.0203203317,.0203203317,.0203203317,.0406406634,.0609609932,.0609609932,.0812813267,.1016016603,.1422423124,.1930431426,.2032033205,.2133634835,.2438439727,.3048049808,.365765959,.406406641,.4165667892,.4673676193,.5283285975,.5892896056,.67057091,.7213717699,.7924929261,.8636140823,.9550555944,1.046497107,1.198899508,1.371622324,1.483384252,1.615466356,1.666267157,1.808509469,1.859310269,1.991392493,2.082834005,2.275876999,2.428279638
Ecuador,ECU,Americas,Latin America and the Caribbean,South America,1,1,1,Americas,https://www.countryflags.io/ec/flat/64.png,17084357,17.08435631,0,0,0,0,0,0,0,0,0,0,0,0,0,0,0,0,0,0,0,0,0,0,0,0,0,0,0,0,0,0,0,0,0,0,0,0,0,0,0,0,0,0,0,0,0,0,0,0,0,0,0,0,.1170661598,.1170661598,.1170661598,.1170661598,.1170661598,.1755992472,.2926653922,.4097315669,.8194631338,1.053595424,1.580393195,1.638926268,1.990124702,2.107190847,2.809587955,3.39491868,3.511984825,4.389980793,5.443576336,7.02396965,8.487297058,10.0676899,10.53595448,11.17981815,12.87727737,14.16500568,15.92099762,17.38432503,18.43791962,19.49151611,20.77924347,21.5987072,22.7108345,23.58883095,24.64242744,26.69108391,27.7446804
Algeria,DZA,Africa,Northern Africa,,.,.,.,Africa,https://www.countryflags.io/dz/flat/64.png,42228429,42.22842789,0,0,0,0,0,0,0,0,0,0,0,0,0,0,0,0,0,0,0,0,0,0,0,0,0,0,0,0,0,0,0,0,0,0,0,0,0,0,0,0,0,0,0,0,0,0,0,0,0,0,.0236807298,.0473614596,.0710421875,.0947229192,.0947229192,.0947229192,.1657651067,.21312657,.2604880333,.3552109599,.4025724232,.4025724232,.4499338567,.49729532,.5920182467,.6156989932,.6867411733,.7341026068,.8288255334,1.041952133,1.373482347,2.036542892,2.48647666,3.078494787,3.599470854,4.096766472,4.570380688,4.854549885,5.564971447,6.062266827,6.512200832,6.938453674,7.412068367,7.719917774,7.956725121,8.240894318,8.619785309,8.690828323,8.880273819
Dominican Republic,DOM,Americas,Latin America and the Caribbean,Caribbean,1,3,1,Americas,https://www.countryflags.io/do/flat/64.png,10627165,10.62716484,0,0,0,0,0,0,0,0,0,0,0,0,0,0,0,0,0,0,0,0,0,0,0,0,0,0,0,0,0,0,0,0,0,0,0,0,0,0,0,0,0,0,0,0,0,0,0,0,0,0,0,0,0,0,0,.0940984711,.0940984711,.1881969422,.1881969422,.1881969422,.2822954357,.2822954357,.5645908713,.940984726,.940984726,1.881969452,2.63475728,3.669840574,3.95213604,4.799022198,5.363613129,5.645908356,6.398696423,6.398696423,7.716074944,8.092469215,9.221650124,10.16263485,11.10361958,11.85640812,12.7032938,16.27903557,16.65542984,17.22002029,17.78461075,18.44330025,18.81969452,20.41936874,21.26625443
Denmark,DNK,Europe,Northern Europe,,.,.,.,Europe,https://www.countryflags.io/dk/flat/64.png,5793636,5.793635845,0,0,0,0,0,0,0,0,0,0,0,0,0,0,0,0,0,0,0,0,0,0,0,0,0,0,0,0,0,0,0,0,0,0,0,0,0,0,0,0,0,0,0,0,0,0,0,0,0,0,0,0,.1726031899,.3452063799,.5178095698,.6904127598,.6904127598,1.03561914,1.55342865,2.24384141,2.24384141,4.142476559,5.523302078,5.868508339,7.076730728,8.975365639,11.21920681,12.4274292,13.29044533,15.5342865,17.95073128,21.23019218,23.99184227,27.78911209,30.89596939,32.27679443,35.03844833,37.62749481,40.90695572,42.63298798,44.87682724,47.12067032,49.19190598,51.60835266,53.33438492,55.40562057,57.99467087,59.72070313,61.27413177
Djibouti,DJI,Africa,Sub-Saharan Africa,Eastern Africa,.,.,.,Africa,https://www.countryflags.io/dj/flat/64.png,958920,.958920002,0,0,0,0,0,0,0,0,0,0,0,0,0,0,0,0,0,0,0,0,0,0,0,0,0,0,0,0,0,0,0,0,0,0,0,0,0,0,0,0,0,0,0,0,0,0,0,0,0,0,0,0,0,0,0,0,0,0,0,0,0,0,0,0,0,0,0,0,0,0,0,0,0,0,0,0,0,0,0,1.042839885,2.08567977,2.08567977,2.08567977,2.08567977,2.08567977,2.08567977,2.08567977,2.08567977,2.08567977
Germany,DEU,Europe,Western Europe,,.,.,.,Europe,https://www.countryflags.io/de/flat/64.png,82905782,82.90578461,0,0,0,0,0,0,0,0,0,0,0,0,0,0,0,0,0,0,0,0,0,0,0,0,0,0,0,0,0,0,0,0,0,0,0,0,0,0,0,0,0,0,0,0,0,0,0,.0241237693,.0241237693,.036185652,.036185652,.0844331905,.1085569635,.132680729,.2050520331,.2894852161,.3377327621,.5307229161,.8081462383,1.013198256,1.133817196,1.483611822,1.893715858,2.484748125,3.220523119,4.125164509,5.222795963,6.428984642,7.779915333,9.347960472,11.09693336,13.35250664,15.37890244,17.41736031,19.1060257,21.83201027,24.31675911,28.33336639,31.44533348,33.3752327,33.00131607,36.45101547,38.52565765,39.73184586,45.88340759,48.87475586,52.49332047,53.78394318,55.31580353
Czech Republic,CZE,Europe,Eastern Europe,,.,.,.,Europe,https://www.countryflags.io/cz/flat/64.png,10629928,10.62992764,0,0,0,0,0,0,0,0,0,0,0,0,0,0,0,0,0,0,0,0,0,0,0,0,0,0,0,0,0,0,0,0,0,0,0,0,0,0,0,0,0,0,0,0,0,0,0,0,0,0,0,0,0,0,0,0,0,0,0,0,.0940740183,.0940740183,.2822220623,.5644441247,.8466661572,.8466661572,1.034814239,1.505184293,2.163702488,2.916294575,3.668886662,4.139256954,4.985922813,5.550366879,6.302958965,7.337773323,8.278513908,9.313327789,10.53629017,11.19480801,12.13554859,12.98221397,13.45258427,15.14591694,15.61628723,15.89850903,16.27480507,17.02739716,17.49776649
Cyprus,CYP,Asia,Western Asia,,.,.,.,Asia,https://www.countryflags.io/cy/flat/64.png,1189265,1.189265013,0,0,0,0,0,0,0,0,0,0,0,0,0,0,0,0,0,0,0,0,0,0,0,0,0,0,0,0,0,0,0,0,0,0,0,0,0,0,0,0,0,0,0,0,0,0,0,0,0,0,0,0,0,0,0,0,0,0,0,0,.8408554792,.8408554792,2.522566319,2.522566319,2.522566319,4.204277515,4.204277515,4.204277515,5.885988235,6.726843834,7.567699432,8.408555031,9.249410629,9.249410629,7.567699432,7.567699432,7.567699432,7.567699432,8.408555031,8.408555031,8.408555031,9.249410629,10.09026527,10.09026527,10.09026527,10.09026527,10.09026527,10.09026527,10.09026527
Cuba,CUB,Americas,Latin America and the Caribbean,Caribbean,1,.,.,Americas,https://www.countryflags.io/cu/flat/64.png,11338138,11.33813763,0,0,0,0,0,0,0,0,0,0,0,0,0,0,0,0,0,0,0,0,0,0,0,0,0,0,0,0,0,0,0,0,0,0,0,0,0,0,0,0,0,0,0,0,0,0,0,0,0,0,0,0,0,0,0,0,.0881979093,.0881979093,.0881979093,.0881979093,.0881979093,.0881979093,.0881979093,.0881979093,.1763958186,.1763958186,.2645937204,.2645937204,.3527916372,.5291874409,.5291874409,.5291874409,.5291874409,.5291874409,.7055832744,.7937811613,.9701769948,1.058374882,1.322968602,1.322968602,1.411166549,1.587562323,1.852156043,1.852156043,2.116749763,2.381343365,2.734135151,2.822333097,2.998728752
Costa Rica,CRI,Americas,Latin America and the Caribbean,Central America,1,2,1,Americas,https://www.countryflags.io/cr/flat/64.png,4999441,4.999441147,0,0,0,0,0,0,0,0,0,0,0,0,0,0,0,0,0,0,0,0,0,0,0,0,0,0,0,0,0,0,0,0,0,0,0,0,0,0,0,0,0,0,0,0,0,0,0,0,0,0,0,0,0,0,0,0,0,.2000223547,.2000223547,.4000447094,.4000447094,.4000447094,.4000447094,.4000447094,.4000447094,.4000447094,.4000447094,.4000447094,.4000447094,.4000447094,.4000447094,.4000447094,.4000447094,.4000447094,.4000447094,.4000447094,.4000447094,.6000670791,.6000670791,.6000670791,.6000670791,.6000670791,.6000670791,.6000670791,.8000894189,.8000894189,.8000894189,.8000894189,1.000111818
Cabo Verde,CPV,Africa,Sub-Saharan Africa,Western Africa,.,.,.,Africa,https://www.countryflags.io/cv/flat/64.png,543767,.5437669754,0,0,0,0,0,0,0,0,0,0,0,0,0,0,0,0,0,0,0,0,0,0,0,0,0,0,0,0,0,0,0,0,0,0,0,0,0,0,0,0,0,0,0,0,0,0,0,0,0,0,0,0,0,0,0,0,0,0,0,0,0,0,1.839022994,1.839022994,1.839022994,1.839022994,1.839022994,1.839022994,1.839022994,1.839022994,1.839022994,1.839022994,1.839022994,1.839022994,1.839022994,1.839022994,1.839022994,1.839022994,1.839022994,1.839022994,1.839022994,1.839022994,1.839022994,1.839022994,1.839022994,1.839022994,1.839022994,1.839022994,1.839022994
Colombia,COL,Americas,Latin America and the Caribbean,South America,1,1,1,Americas,https://www.countryflags.io/co/flat/64.png,49648685,49.64868546,0,0,0,0,0,0,0,0,0,0,0,0,0,0,0,0,0,0,0,0,0,0,0,0,0,0,0,0,0,0,0,0,0,0,0,0,0,0,0,0,0,0,0,0,0,0,0,0,0,0,0,0,0,0,0,0,0,0,0,0,.0402830392,.0604245588,.0604245588,.0805660784,.1208491176,.1208491176,.1208491176,.2014151961,.2416982353,.3222643137,.3424058557,.38268888,.5035380125,.6445286274,.7049531937,.9265099168,1.007076025,1.087642074,1.389764905,1.611321568,2.01415205,2.195425749,2.255850315,2.557973146,2.638539076,2.900378942,3.081652641,3.081652641,3.605332136
Congo (Brazzaville),COG,Africa,Sub-Saharan Africa,Middle Africa,.,.,.,Africa,https://www.countryflags.io/cg/flat/64.png,5244363,5.244362831,0,0,0,0,0,0,0,0,0,0,0,0,0,0,0,0,0,0,0,0,0,0,0,0,0,0,0,0,0,0,0,0,0,0,0,0,0,0,0,0,0,0,0,0,0,0,0,0,0,0,0,0,0,0,0,0,0,0,0,0,0,0,0,0,0,0,0,0,0,0,0,.381361872,.381361872,.381361872,.953404665,.953404665,.953404665,.953404665,.953404665,.953404665,.953404665,.953404665,.953404665,.953404665,.953404665,.953404665,1.144085646,1.144085646,1.144085646
Congo (Kinshasa),COD,Africa,Sub-Saharan Africa,Middle Africa,.,.,.,Africa,https://www.countryflags.io/cd/flat/64.png,84068091,84.06809235,0,0,0,0,0,0,0,0,0,0,0,0,0,0,0,0,0,0,0,0,0,0,0,0,0,0,0,0,0,0,0,0,0,0,0,0,0,0,0,0,0,0,0,0,0,0,0,0,0,0,0,0,0,0,0,0,0,0,0,.0118951192,.0118951192,.0118951192,.0237902384,.0237902384,.0356853567,.0356853567,.0713707134,.0713707134,.0951609537,.0951609537,.1070560738,.154636547,.154636547,.2141121477,.2141121477,.2141121477,.2141121477,.2141121477,.2141121477,.237902388,.237902388,.237902388,.237902388,.237902388,.2497975081,.2616926134,.2735877335,.2973779738,.2973779738
Cameroon,CMR,Africa,Sub-Saharan Africa,Middle Africa,.,.,.,Africa,https://www.countryflags.io/cm/flat/64.png,25216237,25.21623611,0,0,0,0,0,0,0,0,0,0,0,0,0,0,0,0,0,0,0,0,0,0,0,0,0,0,0,0,0,0,0,0,0,0,0,0,0,0,0,0,0,0,0,0,0,0,0,0,0,0,0,0,0,0,0,0,0,0,0,0,0,0,0,.0396569893,.0396569893,.0793139786,.0793139786,.2379419357,.2379419357,.2379419357,.2379419357,.2775989175,.3172559142,.3569129109,.3569129109,.3569129109,.3569129109,.3965698779,.3965698779,.4758838713,.4758838713,.4758838713,.4758838713,.555197835,.6741688251,.8724537492,.8724537492,.8724537492,1.665593505
Cote d'Ivoire,CIV,Africa,Sub-Saharan Africa,Western Africa,.,.,.,Africa,https://www.countryflags.io/ci/flat/64.png,25069229,25.06922913,0,0,0,0,0,0,0,0,0,0,0,0,0,0,0,0,0,0,0,0,0,0,0,0,0,0,0,0,0,0,0,0,0,0,0,0,0,0,0,0,0,0,0,0,0,0,0,0,0,0,0,0,0,0,0,0,0,0,0,0,0,0,0,0,0,0,0,.0398895405,.0398895405,.0398895405,.0398895405,.0398895405,.0398895405,.0398895405,.1196686178,.1196686178,.1196686178,.1196686178,.1196686178,.1196686178,.1595581621,.1994476914,.2393372357,.2393372357,.2393372357,.2393372357,.2393372357,.3191163242,.3590058684
China,CHN,Asia,Eastern Asia,,.,.,.,Asia,https://www.countryflags.io/cn/flat/64.png,1392730000,1392.72998,.0122062424,.0129242567,.0186683703,.0301565994,.0402087979,.0588771701,.0940598696,.0954958946,.1227804422,.1529370397,.1859657019,.2592031658,.3051560521,.3525449932,.4042420387,.4545030296,.5155342221,.5780014992,.6498029232,.7266304493,.7984318733,.8020219207,.9829615355,1.092099667,1.194057703,1.268013239,1.338378549,1.438182592,1.519318223,1.606915951,1.606915951,1.754108906,1.755544901,1.863247037,1.913508058,1.950844765,1.971667171,2.003259897,2.037006378,2.062136889,2.092293501,2.115988016,2.141836643,2.164813042,2.185635328,2.205739737,2.225844145,2.242358446,2.253846884,2.269643068,2.277541161,2.283285379,2.292619467,2.299799681,2.309851885,2.319186211,2.327084303,2.332828283,2.335700512,2.340008497,2.350778818,2.350778818,2.35580492,2.35867691,2.362984896,2.366575003,2.368729115,2.372319221,2.375191212,2.375909328,2.380935431,2.385243416,2.388115406,2.390987635,2.393141508,2.394577503,2.394577503,2.396013737,2.397449732,2.39816761,2.400321722,2.400321722,2.401757717,2.401757717,2.402475834,2.402475834,3.328714132,3.328714132,3.328714132
Chile,CHL,Americas,Latin America and the Caribbean,South America,1,1,1,Americas,https://www.countryflags.io/cl/flat/64.png,18729160,18.72916031,0,0,0,0,0,0,0,0,0,0,0,0,0,0,0,0,0,0,0,0,0,0,0,0,0,0,0,0,0,0,0,0,0,0,0,0,0,0,0,0,0,0,0,0,0,0,0,0,0,0,0,0,0,0,0,0,0,0,0,0,.0533926748,.1067853495,.1067853495,.1601780355,.2135706991,.2669633925,.320356071,.3737487495,.4271413982,.640712142,.8542827964,.9610681534,1.174638867,1.44160223,1.815351009,1.975529075,2.295885086,2.562848568,3.043382645,3.470524073,3.897665501,4.27141428,4.378199577,4.912126064,5.018911839,5.606231213,6.193550587,6.727477074,7.101225853
Switzerland,CHE,Europe,Western Europe,,.,.,.,Europe,https://www.countryflags.io/ch/flat/64.png,8513227,8.513227463,0,0,0,0,0,0,0,0,0,0,0,0,0,0,0,0,0,0,0,0,0,0,0,0,0,0,0,0,0,0,0,0,0,0,0,0,0,0,0,0,0,0,0,.1174642667,.1174642667,.1174642667,.2349285334,.2349285334,.3523927927,.4698570669,.4698570669,1.292106867,1.527035475,1.64449966,1.64449966,3.171535015,3.288999319,4.816034794,6.34307003,8.809820175,11.5114975,14.09571171,14.33063984,17.97203255,22.43567467,27.13424492,31.0105648,35.2392807,42.1696701,50.86202621,57.32255936,62.96084595,69.42137909,78.23120117,83.98694611,89.86016083,96.43816376,105.1305161,111.3561249,117.6991959,121.6929779,129.9154816,133.6743317,137.9030457,145.5382233,150.4717255,155.8750763,160.6911163,163.6277161
Canada,CAN,Americas,Northern America,,.,.,.,Americas,https://www.countryflags.io/ca/flat/64.png,37057765,37.05776596,0,0,0,0,0,0,0,0,0,0,0,0,0,0,0,0,0,0,0,0,0,0,0,0,0,0,0,0,0,0,0,0,0,0,0,0,0,0,0,0,0,0,0,0,0,0,0,.0269848965,.0269848965,.0269848965,.0269848965,.0269848965,.0269848965,.0269848965,.107939586,.1349244863,.2158791721,.2428640723,.323818773,.5127130151,.5666828156,.6746224165,.7016073465,.8095468879,1.02542603,1.457184434,1.646078706,1.727033377,2.15879178,2.725474596,2.941353798,3.750900745,4.830296516,5.882707596,6.989088535,9.147880554,10.11933613,10.98285294,13.57340336,15.0305872,17.64812279,19.26721573,21.02123451,24.2594223,27.14680672,33.92001724,36.53755188,37.7518692,42.17739487
Central African Republic,CAF,Africa,Sub-Saharan Africa,Middle Africa,.,.,.,Africa,https://www.countryflags.io/cf/flat/64.png,4666377,4.666377068,0,0,0,0,0,0,0,0,0,0,0,0,0,0,0,0,0,0,0,0,0,0,0,0,0,0,0,0,0,0,0,0,0,0,0,0,0,0,0,0,0,0,0,0,0,0,0,0,0,0,0,0,0,0,0,0,0,0,0,0,0,0,0,0,0,0,0,0,0,0,0,0,0,0,0,0,0,0,0,0,0,0,0,0,0,0,0,0,0
Botswana,BWA,Africa,Sub-Saharan Africa,Southern Africa,.,.,.,Africa,https://www.countryflags.io/bw/flat/64.png,2254126,2.254126072,0,0,0,0,0,0,0,0,0,0,0,0,0,0,0,0,0,0,0,0,0,0,0,0,0,0,0,0,0,0,0,0,0,0,0,0,0,0,0,0,0,0,0,0,0,0,0,0,0,0,0,0,0,0,0,0,0,0,0,0,0,0,0,0,0,0,0,0,0,.443630904,.443630904,.443630904,.443630904,.443630904,.443630904,.443630904,.443630904,.443630904,.443630904,.443630904,.443630904,.443630904,.443630904,.443630904,.443630904,.443630904,.443630904,.443630904,.443630904
Bhutan,BTN,Asia,Southern Asia,,.,.,.,Asia,https://www.countryflags.io/bt/flat/64.png,754394,.7543939948,0,0,0,0,0,0,0,0,0,0,0,0,0,0,0,0,0,0,0,0,0,0,0,0,0,0,0,0,0,0,0,0,0,0,0,0,0,0,0,0,0,0,0,0,0,0,0,0,0,0,0,0,0,0,0,0,0,0,0,0,0,0,0,0,0,0,0,0,0,0,0,0,0,0,0,0,0,0,0,0,0,0,0,0,0,0,0,0,0
Brunei,BRN,Asia,South-eastern Asia,,.,.,.,Asia,https://www.countryflags.io/bn/flat/64.png,428962,.4289619923,0,0,0,0,0,0,0,0,0,0,0,0,0,0,0,0,0,0,0,0,0,0,0,0,0,0,0,0,0,0,0,0,0,0,0,0,0,0,0,0,0,0,0,0,0,0,0,0,0,0,0,0,0,0,0,0,0,0,0,0,0,0,0,0,0,0,2.331208944,2.331208944,2.331208944,2.331208944,2.331208944,2.331208944,2.331208944,2.331208944,2.331208944,2.331208944,2.331208944,2.331208944,2.331208944,2.331208944,2.331208944,2.331208944,2.331208944,2.331208944,2.331208944,2.331208944,2.331208944,2.331208944,2.331208944
Barbados,BRB,Americas,Latin America and the Caribbean,Caribbean,1,3,1,Americas,https://www.countryflags.io/bb/flat/64.png,286641,.2866410017,0,0,0,0,0,0,0,0,0,0,0,0,0,0,0,0,0,0,0,0,0,0,0,0,0,0,0,0,0,0,0,0,0,0,0,0,0,0,0,0,0,0,0,0,0,0,0,0,0,0,0,0,0,0,0,0,0,0,0,0,0,0,0,0,0,0,0,0,0,0,0,0,0,0,3.488684416,6.977368832,10.46605301,10.46605301,10.46605301,13.95473766,13.95473766,13.95473766,13.95473766,13.95473766,17.44342232,17.44342232,17.44342232,17.44342232,17.44342232
Brazil,BRA,Americas,Latin America and the Caribbean,South America,1,1,1,Americas,https://www.countryflags.io/br/flat/64.png,209469333,209.4693298,0,0,0,0,0,0,0,0,0,0,0,0,0,0,0,0,0,0,0,0,0,0,0,0,0,0,0,0,0,0,0,0,0,0,0,0,0,0,0,0,0,0,0,0,0,0,0,0,0,0,0,0,0,0,0,.0047739684,.0143219056,.0286438111,.0525136553,.0716095269,.1193492115,.1623149365,.219602555,.2816641331,.3675955832,.4392051101,.5299105048,.6492597461,.7590609789,.9595676661,1.14575243,1.546765804,1.713854671,2.124416113,2.320148706,2.692518234,3.274942398,3.909880161,4.535270214,5.046084881,5.365940571,5.838563442,6.339830399,7.313719749,8.2876091,9.185115814,10.22106647,11.23792171,11.75351048
Bolivia,BOL,Americas,Latin America and the Caribbean,South America,1,1,1,Americas,https://www.countryflags.io/bo/flat/64.png,11353142,11.35314178,0,0,0,0,0,0,0,0,0,0,0,0,0,0,0,0,0,0,0,0,0,0,0,0,0,0,0,0,0,0,0,0,0,0,0,0,0,0,0,0,0,0,0,0,0,0,0,0,0,0,0,0,0,0,0,0,0,0,0,0,0,0,0,0,0,0,0,.088081345,.3523253798,.5284880996,.6165693998,.7046507597,.7927321196,.8808134794,.8808134794,.9688947797,1.2331388,1.32122016,1.585464239,1.673545599,1.761626959,2.113952398,2.378196239,2.466277599,2.466277599,2.554358959,2.730521679,2.730521679,2.818603039
Belize,BLZ,Americas,Latin America and the Caribbean,Central America,1,2,1,Americas,https://www.countryflags.io/bz/flat/64.png,383071,.3830710053,0,0,0,0,0,0,0,0,0,0,0,0,0,0,0,0,0,0,0,0,0,0,0,0,0,0,0,0,0,0,0,0,0,0,0,0,0,0,0,0,0,0,0,0,0,0,0,0,0,0,0,0,0,0,0,0,0,0,0,0,0,0,0,0,0,0,0,0,0,0,0,0,0,0,0,2.610481977,2.610481977,2.610481977,2.610481977,5.220963955,5.220963955,5.220963955,5.220963955,5.220963955,5.220963955,5.220963955,5.220963955,5.220963955,5.220963955
Belarus,BLR,Europe,Eastern Europe,,.,.,.,Europe,https://www.countryflags.io/by/flat/64.png,9483499,9.483498573,0,0,0,0,0,0,0,0,0,0,0,0,0,0,0,0,0,0,0,0,0,0,0,0,0,0,0,0,0,0,0,0,0,0,0,0,0,0,0,0,0,0,0,0,0,0,0,0,0,0,0,0,0,0,0,0,0,0,0,0,0,0,0,0,0,0,0,0,0,.1054463163,.2108926326,.4217852652,.4217852652,.5272315741,.8435705304,1.370802164,1.370802164,1.370802164,1.687141061,2.003479958,2.425265312,2.741604328,3.057943106,3.47972846,3.796067476,4.217852592,4.42874527,4.745084286,4.955976963
Bosnia and Herzegovina,BIH,Europe,Southern Europe,,.,.,.,Europe,https://www.countryflags.io/ba/flat/64.png,3323929,3.323929071,0,0,0,0,0,0,0,0,0,0,0,0,0,0,0,0,0,0,0,0,0,0,0,0,0,0,0,0,0,0,0,0,0,0,0,0,0,0,0,0,0,0,0,0,0,0,0,0,0,0,0,0,0,0,0,0,0,0,0,.3008487821,.3008487821,.3008487821,.9025463462,.9025463462,.9025463462,1.203395128,1.504243851,1.805092692,3.008487701,3.911034107,3.911034107,4.813580513,5.114428997,6.317824364,6.919521809,8.724614143,9.928009987,10.22885799,10.52970695,10.83055592,11.13140488,11.7331028,11.7331028,12.03395081,12.33479977,12.93649769,13.83904362,14.13989258,14.44074154
Bahamas,BHS,Americas,Latin America and the Caribbean,Caribbean,1,3,1,Americas,https://www.countryflags.io/bs/flat/64.png,385640,.3856399953,0,0,0,0,0,0,0,0,0,0,0,0,0,0,0,0,0,0,0,0,0,0,0,0,0,0,0,0,0,0,0,0,0,0,0,0,0,0,0,0,0,0,0,0,0,0,0,0,0,0,0,0,0,0,0,0,0,0,0,0,0,0,0,0,0,0,0,0,0,0,2.593091965,2.593091965,2.593091965,10.37236786,10.37236786,12.96545982,15.55855179,18.15164375,20.74473572,20.74473572,20.74473572,20.74473572,20.74473572,20.74473572,20.74473572,20.74473572,23.33782768,23.33782768,23.33782768
Bahrain,BHR,Asia,Western Asia,,.,.,.,Asia,https://www.countryflags.io/bh/flat/64.png,1569439,1.569439054,0,0,0,0,0,0,0,0,0,0,0,0,0,0,0,0,0,0,0,0,0,0,0,0,0,0,0,0,0,0,0,0,0,0,0,0,0,0,0,0,0,0,0,0,0,0,0,0,0,0,0,0,0,0,.6371703148,.6371703148,.6371703148,.6371703148,.6371703148,.6371703148,1.27434063,1.27434063,1.911510944,2.548681259,2.548681259,2.548681259,2.548681259,2.548681259,2.548681259,2.548681259,2.548681259,2.548681259,2.548681259,2.548681259,2.548681259,2.548681259,3.185851574,3.185851574,3.185851574,3.823021889,3.823021889,3.823021889,3.823021889,4.460192204,4.460192204,4.460192204,4.460192204,4.460192204,4.460192204
Bulgaria,BGR,Europe,Eastern Europe,,.,.,.,Europe,https://www.countryflags.io/bg/flat/64.png,7025037,7.025036812,0,0,0,0,0,0,0,0,0,0,0,0,0,0,0,0,0,0,0,0,0,0,0,0,0,0,0,0,0,0,0,0,0,0,0,0,0,0,0,0,0,0,0,0,0,0,0,0,0,.1423480064,.1423480064,.1423480064,.2846960127,.2846960127,.2846960127,.2846960127,.2846960127,.427044034,.427044034,.427044034,.427044034,.427044034,.427044034,.427044034,.427044034,.427044034,.9964360595,1.138784051,1.138784051,1.138784051,1.423480034,1.423480034,1.992872119,2.419916153,2.846960068,3.13165617,3.274004221,3.416352272,3.416352272,3.558700323,3.985744238,4.128092289,4.555136204,4.982180119,5.124528408,5.40922451,5.836268425,5.836268425,5.978616238
Bangladesh,BGD,Asia,Southern Asia,,.,.,.,Asia,https://www.countryflags.io/bd/flat/64.png,161356039,161.3560333,0,0,0,0,0,0,0,0,0,0,0,0,0,0,0,0,0,0,0,0,0,0,0,0,0,0,0,0,0,0,0,0,0,0,0,0,0,0,0,0,0,0,0,0,0,0,0,0,0,0,0,0,0,0,0,0,.0061974749,.0061974749,.0061974749,.0123949498,.0123949498,.0185924247,.0247898996,.0309873763,.0309873763,.0309873763,.0309873763,.0309873763,.0309873763,.0309873763,.0371848494,.0371848494,.0371848494,.0495797992,.0557772778,.0743696988,.1053570732,.1239495054,.1301469803,.1673318297,.1859242469,.2107141465,.2417015284,.2850838602,.3098737597,.3718484938,.4648106396,.5205879211,.5639702082
Burkina Faso,BFA,Africa,Sub-Saharan Africa,Western Africa,.,.,.,Africa,https://www.countryflags.io/bf/flat/64.png,19751535,19.75153542,0,0,0,0,0,0,0,0,0,0,0,0,0,0,0,0,0,0,0,0,0,0,0,0,0,0,0,0,0,0,0,0,0,0,0,0,0,0,0,0,0,0,0,0,0,0,0,0,0,0,0,0,0,0,0,0,.050628975,.050628975,.050628975,.1012579501,.2025159001,.2025159001,.2025159001,.2025159001,.3544028401,.4556607902,.5569187403,.6075477004,.6075477004,.7088056803,.8100636005,.8100636005,.8100636005,.8100636005,.8606925607,.9113215804,.9619505405,1.164466381,1.215095401,1.215095401,1.366982341,1.366982341,1.366982341,1.518869281,1.620127201,1.620127201,1.772014141,1.822643161,1.822643161
Benin,BEN,Africa,Sub-Saharan Africa,Western Africa,.,.,.,Africa,https://www.countryflags.io/bj/flat/64.png,11485048,11.48504829,0,0,0,0,0,0,0,0,0,0,0,0,0,0,0,0,0,0,0,0,0,0,0,0,0,0,0,0,0,0,0,0,0,0,0,0,0,0,0,0,0,0,0,0,0,0,0,0,0,0,0,0,0,0,0,0,0,0,0,0,0,0,0,0,0,0,0,0,0,0,0,0,0,0,0,.0870697275,.0870697275,.0870697275,.0870697275,.0870697275,.0870697275,.0870697275,.0870697275,.0870697275,.0870697275,.0870697275,.0870697275,.0870697275,.0870697275
Belgium,BEL,Europe,Western Europe,,.,.,.,Europe,https://www.countryflags.io/be/flat/64.png,11433256,11.43325615,0,0,0,0,0,0,0,0,0,0,0,0,0,0,0,0,0,0,0,0,0,0,0,0,0,0,0,0,0,0,0,0,0,0,0,0,0,0,0,0,0,0,0,0,0,0,0,0,0,.2623924315,.2623924315,.2623924315,.3498565853,.3498565853,.437320739,.8746414781,1.224498034,1.83674705,3.236173391,5.860097885,6.559811115,7.696845055,10.67062569,15.56861782,19.24211311,25.27713776,30.8748436,37.69704819,44.86910629,61.66222382,72.42031097,88.42625427,99.97151947,112.2164993,126.5606232,142.7414856,177.9895325,195.919693,220.6720428,264.0542603,292.6550293,314.8709412,341.3725586,363.5884705,388.3408203,424.8133545,451.5773926,476.9419861,497.0587463
Burundi,BDI,Africa,Sub-Saharan Africa,Eastern Africa,.,.,.,Africa,https://www.countryflags.io/bi/flat/64.png,11175378,11.17537785,0,0,0,0,0,0,0,0,0,0,0,0,0,0,0,0,0,0,0,0,0,0,0,0,0,0,0,0,0,0,0,0,0,0,0,0,0,0,0,0,0,0,0,0,0,0,0,0,0,0,0,0,0,0,0,0,0,0,0,0,0,0,0,0,0,0,0,0,0,0,0,0,0,0,0,0,0,0,0,0,0,0,.0894824341,.0894824341,.0894824341,.0894824341,.0894824341,.0894824341,.0894824341
Azerbaijan,AZE,Asia,Western Asia,,.,.,.,Asia,https://www.countryflags.io/az/flat/64.png,9939800,9.939800262,0,0,0,0,0,0,0,0,0,0,0,0,0,0,0,0,0,0,0,0,0,0,0,0,0,0,0,0,0,0,0,0,0,0,0,0,0,0,0,0,0,0,0,0,0,0,0,0,0,0,0,.1006056443,.1006056443,.1006056443,.1006056443,.1006056443,.1006056443,.1006056443,.1006056443,.1006056443,.1006056443,.1006056443,.1006056443,.2012112886,.3018169403,.3018169403,.4024225771,.4024225771,.4024225771,.503028214,.503028214,.503028214,.503028214,.503028214,.7042394876,.7042394876,.8048451543,.8048451543,.9054507613,1.006056428,1.106662035,1.106662035,1.207267761,1.307873368,1.307873368,1.509084702,1.509084702,1.810901523,1.911507249
Austria,AUT,Europe,Western Europe,,.,.,.,Europe,https://www.countryflags.io/at/flat/64.png,8840521,8.840520859,0,0,0,0,0,0,0,0,0,0,0,0,0,0,0,0,0,0,0,0,0,0,0,0,0,0,0,0,0,0,0,0,0,0,0,0,0,0,0,0,0,0,0,0,0,0,0,0,0,0,.1131155044,.1131155044,.1131155044,.1131155044,.3393465281,.3393465281,.4524620175,.6786930561,.6786930561,.9049240351,1.80984807,2.375425577,3.167234182,3.393465281,5.54265976,6.560699463,7.691854477,9.727933884,12.21647453,14.47878456,16.51486397,17.8722496,19.00340462,21.03948402,23.07556343,24.88541222,27.48706818,30.88053322,33.36907578,36.08384705,38.11992645,39.5904274,41.62650681,43.43635559,44.45439529,46.37735748,48.75278473,50.11016846,51.12820816
Australia,AUS,Oceania,Australia and New Zealand,,.,.,.,Oceania,https://www.countryflags.io/au/flat/64.png,24982688,24.9826889,0,0,0,0,0,0,0,0,0,0,0,0,0,0,0,0,0,0,0,0,0,0,0,0,0,0,0,0,0,0,0,0,0,0,0,0,0,0,0,.0400277153,.0400277153,.0400277153,.0800554305,.0800554305,.0800554305,.0800554305,.1200831532,.1200831532,.1200831532,.1200831532,.1200831532,.1200831532,.1200831532,.1200831532,.1200831532,.2001385838,.2401663065,.2401663065,.2801940143,.2801940143,.2801940143,.2801940143,.3202217221,.3202217221,.520360291,.520360291,.5603880286,.6404434443,.6804711819,.7204989195,.8005543351,.960665226,1.120776057,1.200831532,1.400970101,1.60110867,1.801247239,2.001385927,2.041413546,2.161496639,2.281579971,2.401663065,2.441690683,2.48171854,2.521746159,2.521746159,2.641829252,2.681857109,2.681857109
Armenia,ARM,Asia,Western Asia,,.,.,.,Asia,https://www.countryflags.io/am/flat/64.png,2951776,2.951776028,0,0,0,0,0,0,0,0,0,0,0,0,0,0,0,0,0,0,0,0,0,0,0,0,0,0,0,0,0,0,0,0,0,0,0,0,0,0,0,0,0,0,0,0,0,0,0,0,0,0,0,0,0,0,0,0,0,0,0,0,0,0,0,0,.3387790918,.3387790918,.3387790918,1.016337276,1.016337276,1.016337276,1.355116367,2.371453524,2.371453524,2.371453524,2.371453524,2.710232735,2.710232735,3.049011707,3.387790918,4.065349102,4.404128075,4.404128075,4.742907047,5.420465469,5.759244442,6.098023415,6.436802864,6.775581837,6.775581837
Argentina,ARG,Americas,Latin America and the Caribbean,South America,1,1,1,Americas,https://www.countryflags.io/ar/flat/64.png,44494502,44.49450302,0,0,0,0,0,0,0,0,0,0,0,0,0,0,0,0,0,0,0,0,0,0,0,0,0,0,0,0,0,0,0,0,0,0,0,0,0,0,0,0,0,0,0,0,0,0,.0224746857,.0224746857,.0224746857,.0224746857,.0224746857,.0449493714,.0449493714,.0449493714,.0449493714,.0449493714,.0449493714,.0674240589,.0674240589,.0898987427,.0898987427,.0898987427,.1348481178,.1797974855,.2022721767,.292170912,.4045443535,.4270190299,.5169177651,.6068165302,.6292912364,.809088707,.8765127659,.966411531,.9888861775,1.078784943,1.258582473,1.415905237,1.618177414,1.842924237,1.865399003,2.022721767,2.180044651,2.292418003,2.49469018,2.584589005,2.764386415,2.899234533,2.966658592
United Arab Emirates,ARE,Asia,Western Asia,,.,.,.,Asia,https://www.countryflags.io/ae/flat/64.png,9630959,9.630958557,0,0,0,0,0,0,0,0,0,0,0,0,0,0,0,0,0,0,0,0,0,0,0,0,0,0,0,0,0,0,0,0,0,0,0,0,0,0,0,0,0,0,0,0,0,0,0,0,0,0,0,0,0,0,0,0,0,0,.2076636553,.2076636553,.2076636553,.2076636553,.2076636553,.2076636553,.2076636553,.2076636553,.2076636553,.3114954829,.5191591382,.6229909658,.8306546211,.8306546211,.9344864488,1.038318276,1.038318276,1.142150044,1.245981932,1.245981932,1.453645587,1.661309242,2.076636553,2.284300089,2.595795631,2.907291174,3.426450253,3.634113789,3.841777563,3.841777563,4.257104874
Albania,ALB,Europe,Southern Europe,,.,.,.,Europe,https://www.countryflags.io/al/flat/64.png,2866376,2.866375923,0,0,0,0,0,0,0,0,0,0,0,0,0,0,0,0,0,0,0,0,0,0,0,0,0,0,0,0,0,0,0,0,0,0,0,0,0,0,0,0,0,0,0,0,0,0,0,0,0,.348872602,.348872602,.348872602,.348872602,.348872602,.348872602,.348872602,.697745204,.697745204,.697745204,.697745204,.697745204,1.395490408,1.74436295,1.74436295,2.093235493,2.790980816,3.488725901,3.488725901,3.837598562,5.23308897,5.23308897,5.581961632,5.930834293,6.977451801,6.977451801,7.326324463,7.675197124,7.675197124,8.024069786,8.024069786,8.024069786,8.024069786,8.024069786,8.372941971,8.721815109,9.070687294,9.070687294,9.070687294,9.070687294
Angola,AGO,Africa,Sub-Saharan Africa,Middle Africa,.,.,.,Africa,https://www.countryflags.io/ao/flat/64.png,30809762,30.80976105,0,0,0,0,0,0,0,0,0,0,0,0,0,0,0,0,0,0,0,0,0,0,0,0,0,0,0,0,0,0,0,0,0,0,0,0,0,0,0,0,0,0,0,0,0,0,0,0,0,0,0,0,0,0,0,0,0,0,0,0,0,0,0,0,0,0,0,.0649144948,.0649144948,.0649144948,.0649144948,.0649144948,.0649144948,.0649144948,.0649144948,.0649144948,.0649144948,.0649144948,.0649144948,.0649144948,.0649144948,.0649144948,.0649144948,.0649144948,.0649144948,.0649144948,.0649144948,.0649144948,.0649144948
Afghanistan,AFG,Asia,Southern Asia,,.,.,.,Asia,https://www.countryflags.io/af/flat/64.png,37172386,37.17238617,0,0,0,0,0,0,0,0,0,0,0,0,0,0,0,0,0,0,0,0,0,0,0,0,0,0,0,0,0,0,0,0,0,0,0,0,0,0,0,0,0,0,0,0,0,0,0,0,0,0,0,0,0,0,0,0,0,0,0,0,.0269016903,.0269016903,.0269016903,.0538033806,.1076067612,.1076067612,.1076067612,.1076067612,.1076067612,.1076067612,.1076067612,.161410138,.161410138,.1883118302,.1883118302,.2959185839,.3766236603,.3766236603,.4035253525,.4035253525,.4842304289,.4842304289,.5649355054,.6187388897,.6725422144,.807050705,.807050705,.807050705,.8877557516
